row_id,analysis_id,analysis_name,phecode,phecode_sort,disease_name,physiological_system,physiological_system_display,condition_sex_applicability,n_cases_depression,prevalence_depression_percent,hr_original,hr_plot,ci_lower,ci_upper,p_value,q_value,positive_significant,events_depression,person_years_depression,incidence_rate_depression,events_comparison,person_years_comparison,incidence_rate_comparison,comparison_label,source_file
1,population,Population-based analysis,41.1,41.1,Staphylococcus infections,infectious diseases,Infectious diseases,Both,839,0.5784571259161203,1.9383625903474206,1.9383625903474206,1.7964984371087402,2.0914293350041695,2.583065956888012e-65,4.677443759770184e-65,True,839,1522.64,0.55,4109,15037.15,0.27,Matched unexposed individuals,current_manuscript/results_20260622/population/phewas.csv
2,population,Population-based analysis,41.2,41.2,Streptococcus infection,infectious diseases,Infectious diseases,Both,1150,0.7928792548313925,1.7849481457805336,1.7849481457805336,1.6741885109807395,1.903035328595693,2.5969302823289214e-70,4.971266540458222e-70,True,1150,1519.64,0.76,6248,15019.03,0.42,Matched unexposed individuals,current_manuscript/results_20260622/population/phewas.csv
3,population,Population-based analysis,41.4,41.4,E. coli,infectious diseases,Infectious diseases,Both,894,0.6163774381037086,2.221881871110686,2.221881871110686,2.0619610942415116,2.3942057214160486,1.9447597322116617e-97,4.825885261414125e-97,True,894,1522.3,0.59,3914,15042.57,0.26,Matched unexposed individuals,current_manuscript/results_20260622/population/phewas.csv
4,population,Population-based analysis,54,54.0,Herpes simplex,infectious diseases,Infectious diseases,Both,2300,1.585758509662785,1.6292395020186967,1.6292395020186967,1.5574340730792053,1.7043555170782096,5.57867476390708e-100,1.4016420344316535e-99,True,2300,1425.42,1.61,12700,13642.73,0.93,Matched unexposed individuals,current_manuscript/results_20260622/population/phewas.csv
5,population,Population-based analysis,70.3,70.3,Viral hepatitis C,infectious diseases,Infectious diseases,Both,843,0.5812149668024903,5.979702977794367,5.979702977794367,5.433115749971723,6.581278468589393,9.710112559560936e-293,4.6469824392184485e-292,True,843,1437.1,0.59,1333,13731.43,0.1,Matched unexposed individuals,current_manuscript/results_20260622/population/phewas.csv
6,population,Population-based analysis,78,78.0,Viral warts & HPV,infectious diseases,Infectious diseases,Both,2528,1.7429554401858784,1.482795574096926,1.482795574096926,1.4211395745271889,1.5471265130963168,7.45225172763592e-74,1.4830718784701185e-73,True,2528,1419.33,1.78,16079,13591.15,1.18,Matched unexposed individuals,current_manuscript/results_20260622/population/phewas.csv
7,population,Population-based analysis,80,80.0,Postoperative infection,infectious diseases,Infectious diseases,Both,2479,1.7091718893278451,1.9272331520300592,1.9272331520300592,1.844375986950939,2.0138126111823627,3.102969977943714e-188,1.1339944828485212e-187,True,2479,1521.99,1.63,12621,15163.93,0.83,Matched unexposed individuals,current_manuscript/results_20260622/population/phewas.csv
8,population,Population-based analysis,90.3,90.3,Venereal diseases due to Chlamydia trachomatis,infectious diseases,Infectious diseases,Both,1096,0.7556484028653967,1.6183634966463787,1.6183634966463787,1.5166333907814586,1.7269172782276532,7.392544663169405e-48,1.170001163226024e-47,True,1096,1519.84,0.72,6402,15044.96,0.43,Matched unexposed individuals,current_manuscript/results_20260622/population/phewas.csv
9,population,Population-based analysis,136,136.0,Other infectious and parasitic diseases,infectious diseases,Infectious diseases,Both,774,0.5336422115126068,2.1813232252694554,2.1813232252694554,2.0135830897429448,2.363036835846377,2.315173686228679e-81,5.003762483139403e-81,True,774,1529.28,0.51,3656,15129.35,0.24,Matched unexposed individuals,current_manuscript/results_20260622/population/phewas.csv
10,population,Population-based analysis,173,173.0,Neoplasm of uncertain behavior of skin,neoplasms,Neoplasms,Both,2185,1.5064705841796457,0.9527712186466586,0.9527712186466586,0.9114032429063786,0.9960168587799147,0.0326610254893976,0.0340148503801498,False,2185,1528.99,1.43,22870,15124.97,1.51,Matched unexposed individuals,current_manuscript/results_20260622/population/phewas.csv
11,population,Population-based analysis,174.3,174.3,Neoplasm of uncertain behavior of breast,neoplasms,Neoplasms,Both,785,0.5412262739501245,1.4272873261019403,1.4272873261019403,1.321814288147291,1.5411764947000066,1.054377183851103e-19,1.3672891222843334e-19,True,785,1503.07,0.52,5110,14647.89,0.35,Matched unexposed individuals,current_manuscript/results_20260622/population/phewas.csv
12,population,Population-based analysis,180.3,180.3,Cervical intraepithelial neoplasia [CIN] [Cervical dysplasia],neoplasms,Neoplasms,Female,8496,5.857654042650009,1.2131570801229086,1.2131570801229086,1.1856402897068328,1.2413124906680197,3.2662515284568646e-61,5.861754975177053e-61,True,8496,895.06,9.49,65494,8651.31,7.57,Matched unexposed individuals,current_manuscript/results_20260622/population/phewas.csv
13,population,Population-based analysis,195.1,195.1,"Malignant neoplasm, other",neoplasms,Neoplasms,Both,1081,0.745306499541509,1.1483810040251947,1.1483810040251947,1.0773676233755882,1.2240751455607517,2.1550814043972667e-05,2.341466823155949e-05,True,1081,1534.37,0.7,9554,15197.3,0.63,Matched unexposed individuals,current_manuscript/results_20260622/population/phewas.csv
14,population,Population-based analysis,208,208.0,Benign neoplasm of colon,neoplasms,Neoplasms,Both,778,0.5364000523989768,1.6110250489602536,1.6110250489602536,1.4916613916420745,1.7399402591765654,6.352443516110421e-34,9.05561096977443e-34,True,778,1544.28,0.5,5334,15357.45,0.35,Matched unexposed individuals,current_manuscript/results_20260622/population/phewas.csv
15,population,Population-based analysis,214.1,214.1,Lipoma of skin and subcutaneous tissue,neoplasms,Neoplasms,Both,739,0.5095111037568687,1.1326318814546148,1.1326318814546148,1.04856474391708,1.2234389782123631,0.0015497178588407,0.0016481126435291,True,739,1536.27,0.48,6684,15206.66,0.44,Matched unexposed individuals,current_manuscript/results_20260622/population/phewas.csv
16,population,Population-based analysis,215,215.0,Other benign neoplasm of connective and other soft tissue,neoplasms,Neoplasms,Both,854,0.588799029240008,1.0863362488322423,1.0863362488322423,1.011378239717114,1.1668497493647803,0.0231978927563538,0.0242852939793079,True,854,1534.73,0.56,7996,15194.54,0.53,Matched unexposed individuals,current_manuscript/results_20260622/population/phewas.csv
17,population,Population-based analysis,218.1,218.1,Uterine leiomyoma,neoplasms,Neoplasms,Female,2380,1.6409153273901862,1.25107359606981,1.25107359606981,1.1974329701535735,1.3071171262156807,1.2601420501028189e-23,1.6885903471377773e-23,True,2380,934.86,2.55,18498,8902.22,2.08,Matched unexposed individuals,current_manuscript/results_20260622/population/phewas.csv
18,population,Population-based analysis,244.4,244.4,Hypothyroidism NOS,endocrine/metabolic,Endocrine/metabolic conditions,Both,3219,2.2193724533063066,1.778995855536745,1.778995855536745,1.7122124993992558,1.8483840382705543,2.271523519921844e-191,8.455115324153532e-191,True,3219,1503.27,2.14,17751,14962.11,1.19,Matched unexposed individuals,current_manuscript/results_20260622/population/phewas.csv
19,population,Population-based analysis,250.2,250.2,Type 2 diabetes,endocrine/metabolic,Endocrine/metabolic conditions,Both,1688,1.1638088540481657,2.4569652245041285,2.4569652245041285,2.324933469299738,2.5964949940012048,2.855525581378797e-223,1.1479212837142764e-222,True,1688,1537.12,1.1,7185,15332.03,0.47,Matched unexposed individuals,current_manuscript/results_20260622/population/phewas.csv
20,population,Population-based analysis,256.4,256.4,Polycystic ovaries,endocrine/metabolic,Endocrine/metabolic conditions,Female,1995,1.3754731420770678,1.4603789909439862,1.4603789909439862,1.392085842244403,1.532022474815274,3.576048874045822e-54,6.040217005741262e-54,True,1995,956.45,2.09,12377,9316.41,1.33,Matched unexposed individuals,current_manuscript/results_20260622/population/phewas.csv
21,population,Population-based analysis,272.1,272.1,Hyperlipidemia,endocrine/metabolic,Endocrine/metabolic conditions,Both,974,0.6715342558311098,1.693716286446722,1.693716286446722,1.5796428018265576,1.8160275574058868,1.2289433446489128e-49,1.992077518342189e-49,True,974,1542.13,0.63,5949,15347.44,0.39,Matched unexposed individuals,current_manuscript/results_20260622/population/phewas.csv
22,population,Population-based analysis,276.1,276.1,Electrolyte imbalance,endocrine/metabolic,Endocrine/metabolic conditions,Both,975,0.6722237160527024,2.4106266406621586,2.4106266406621586,2.2416623349246523,2.592326556115977,1.6876678039646234e-124,4.5840706567147206e-124,True,975,1539.45,0.63,4058,15308.4,0.27,Matched unexposed individuals,current_manuscript/results_20260622/population/phewas.csv
23,population,Population-based analysis,278.1,278.1,Obesity,endocrine/metabolic,Endocrine/metabolic conditions,Both,7828,5.3970946146262095,1.7462966840509355,1.7462966840509355,1.7036132857276365,1.790049499070904,0.0,0.0,True,7828,1458.02,5.37,43123,14637.98,2.95,Matched unexposed individuals,current_manuscript/results_20260622/population/phewas.csv
24,population,Population-based analysis,280.1,280.1,"Iron deficiency anemias, unspecified or not due to blood loss",hematopoietic,Hematopoietic conditions,Both,1753,1.2086237684516792,2.029584290574205,2.029584290574205,1.9253144190385754,2.139501139041263,1.6993766768588165e-152,5.175374424979123e-152,True,1753,1523.87,1.15,8507,15151.43,0.56,Matched unexposed individuals,current_manuscript/results_20260622/population/phewas.csv
25,population,Population-based analysis,289.4,289.4,Lymphadenitis,hematopoietic,Hematopoietic conditions,Both,1148,0.7915003343882074,1.2274916719962141,1.2274916719962141,1.1535157489074188,1.3062117324771714,1.02458588175719e-10,1.1835733461677884e-10,True,1148,1526.85,0.75,9061,15091.65,0.6,Matched unexposed individuals,current_manuscript/results_20260622/population/phewas.csv
26,population,Population-based analysis,290.3,290.3,Other persistent mental disorders due to conditions classified elsewhere,mental disorders,Mental disorders,Both,6216,4.285684737419075,7.399417500347039,7.399417500347039,7.14838387782819,7.659266804943401,0.0,0.0,True,6216,1468.11,4.23,8445,15007.85,0.56,Matched unexposed individuals,current_manuscript/results_20260622/population/phewas.csv
27,population,Population-based analysis,291.1,291.1,Transient mental disorders due to conditions classified elsewhere,mental disorders,Mental disorders,Both,1339,0.9231872367123779,5.862046904585898,5.862046904585898,5.463902068096523,6.289203847962901,0.0,0.0,True,1339,1505.35,0.89,2255,15048.93,0.15,Matched unexposed individuals,current_manuscript/results_20260622/population/phewas.csv
28,population,Population-based analysis,291.8,291.8,Alteration of consciousness,mental disorders,Mental disorders,Both,880,0.6067249950014134,5.086896167697298,5.086896167697298,4.673021743193816,5.537426111620858,6.625878399746376e-309,3.4148757906385173e-308,True,880,1510.49,0.58,1667,15054.37,0.11,Matched unexposed individuals,current_manuscript/results_20260622/population/phewas.csv
29,population,Population-based analysis,293.1,293.1,"Swelling, mass, or lump in head and neck [Space-occupying lesion, intracranial NOS]",mental disorders,Mental disorders,Both,962,0.6632607331719996,1.2176172484414907,1.2176172484414907,1.1376499224679042,1.3032056122203572,1.3392441433053836e-08,1.5122925438448432e-08,True,962,1531.57,0.63,7681,15163.54,0.51,Matched unexposed individuals,current_manuscript/results_20260622/population/phewas.csv
30,population,Population-based analysis,295.1,295.1,Schizophrenia,mental disorders,Mental disorders,Both,736,0.5074427230920912,10.005447570443877,10.005447570443877,8.955206295553687,11.178858172659405,0.0,0.0,True,736,1046.48,0.7,737,10715.35,0.07,Matched unexposed individuals,current_manuscript/results_20260622/population/phewas.csv
31,population,Population-based analysis,295.3,295.3,Psychosis,mental disorders,Mental disorders,Both,1303,0.8983666687350473,6.417563139787714,6.417563139787714,5.96305982807393,6.906708609439653,0.0,0.0,True,1303,1042.82,1.25,2052,10708.47,0.19,Matched unexposed individuals,current_manuscript/results_20260622/population/phewas.csv
32,population,Population-based analysis,296.1,296.1,Bipolar,mental disorders,Mental disorders,Both,6624,4.5669845078288205,13.22677274607699,13.22677274607699,12.72407994003341,13.749325538731698,0.0,0.0,True,6624,992.35,6.68,5261,10680.91,0.49,Matched unexposed individuals,current_manuscript/results_20260622/population/phewas.csv
33,population,Population-based analysis,300.1,300.1,Anxiety disorder,mental disorders,Mental disorders,Both,29594,20.403885797808897,8.842261151656599,8.842261151656599,8.699105837715774,8.987772275986654,0.0,0.0,True,29594,806.65,36.69,43272,10434.4,4.15,Matched unexposed individuals,current_manuscript/results_20260622/population/phewas.csv
34,population,Population-based analysis,300.3,300.3,Obsessive-compulsive disorders,mental disorders,Mental disorders,Both,2552,1.7595024855040988,6.869419906516709,6.869419906516709,6.519576738583517,7.238035802658654,0.0,0.0,True,2552,1031.55,2.47,3675,10694.55,0.34,Matched unexposed individuals,current_manuscript/results_20260622/population/phewas.csv
35,population,Population-based analysis,300.4,300.4,Dysthymic disorder,mental disorders,Mental disorders,Both,2274,1.5678325439013796,25.931478439811073,25.931478439811073,23.86267303585148,28.179641612827893,0.0,0.0,True,2274,1032.97,2.2,943,10712.63,0.09,Matched unexposed individuals,current_manuscript/results_20260622/population/phewas.csv
36,population,Population-based analysis,300.8,300.8,Acute reaction to stress,mental disorders,Mental disorders,Both,6591,4.544232320516268,6.027127552494783,6.027127552494783,5.838361900647794,6.221996366825288,0.0,0.0,True,6591,1001.58,6.58,11484,10642.17,1.08,Matched unexposed individuals,current_manuscript/results_20260622/population/phewas.csv
37,population,Population-based analysis,300.9,300.9,Posttraumatic stress disorder,mental disorders,Mental disorders,Both,4108,2.8323025903020524,9.434525106236457,9.434525106236457,9.013084066322339,9.875672225536604,0.0,0.0,True,4108,1027.14,4.0,4327,10696.45,0.4,Matched unexposed individuals,current_manuscript/results_20260622/population/phewas.csv
38,population,Population-based analysis,301.2,301.2,Antisocial/borderline personality disorder,mental disorders,Mental disorders,Both,3610,2.48895139994898,14.40008840267073,14.40008840267073,13.63983139381316,15.202720621516544,0.0,0.0,True,3610,1021.23,3.53,2579,10702.52,0.24,Matched unexposed individuals,current_manuscript/results_20260622/population/phewas.csv
39,population,Population-based analysis,303.4,303.4,Somatoform disorder,mental disorders,Mental disorders,Both,1007,0.6942864431436628,6.341063830466075,6.341063830466075,5.832537382450935,6.8939276108245915,0.0,0.0,True,1007,1044.78,0.96,1643,10706.68,0.15,Matched unexposed individuals,current_manuscript/results_20260622/population/phewas.csv
40,population,Population-based analysis,304,304.0,Adjustment reaction,mental disorders,Mental disorders,Both,9555,6.587792417316483,6.413120083849951,6.413120083849951,6.2427535556388145,6.588135963293045,0.0,0.0,True,9555,982.82,9.72,16067,10620.59,1.51,Matched unexposed individuals,current_manuscript/results_20260622/population/phewas.csv
41,population,Population-based analysis,305.2,305.2,Eating disorder,mental disorders,Mental disorders,Both,2466,1.7002089064471426,4.278517539931761,4.278517539931761,4.075913302975966,4.491192765591479,0.0,0.0,True,2466,1032.96,2.39,5758,10684.05,0.54,Matched unexposed individuals,current_manuscript/results_20260622/population/phewas.csv
42,population,Population-based analysis,306.9,306.9,Tension headache,mental disorders,Mental disorders,Both,1851,1.2761908701677456,2.3305235601607537,2.3305235601607537,2.212474051226145,2.4548717583622395,2.465299582114389e-223,1.0112759510305963e-222,True,1851,1038.83,1.78,7776,10662.84,0.73,Matched unexposed individuals,current_manuscript/results_20260622/population/phewas.csv
43,population,Population-based analysis,312.3,312.3,Impulse control disorder,mental disorders,Mental disorders,Both,937,0.6460242276321868,7.643496687124195,7.643496687124195,6.990851154702314,8.35707130837437,0.0,0.0,True,937,1467.32,0.64,1244,14685.04,0.08,Matched unexposed individuals,current_manuscript/results_20260622/population/phewas.csv
44,population,Population-based analysis,313.1,313.1,Attention deficit hyperactivity disorder,mental disorders,Mental disorders,Both,21263,14.659992691721651,9.15764633306437,9.15764633306437,8.98152236297623,9.337224021974997,0.0,0.0,True,21263,1339.34,15.88,25623,14562.19,1.76,Matched unexposed individuals,current_manuscript/results_20260622/population/phewas.csv
45,population,Population-based analysis,313.3,313.3,Autism,mental disorders,Mental disorders,Both,9077,6.258230431395261,14.162576481377757,14.162576481377757,13.697622785287962,14.643312619639907,0.0,0.0,True,9077,1416.67,6.41,6694,14655.75,0.46,Matched unexposed individuals,current_manuscript/results_20260622/population/phewas.csv
46,population,Population-based analysis,315.3,315.3,Mental retardation,mental disorders,Mental disorders,Both,766,0.5281265297398666,2.965376490254737,2.965376490254737,2.7181116927948663,3.2351348004811866,3.075740381341788e-132,8.707377699291541e-132,True,766,1468.46,0.52,2418,14676.51,0.16,Matched unexposed individuals,current_manuscript/results_20260622/population/phewas.csv
47,population,Population-based analysis,317.1,317.1,Alcoholism,mental disorders,Mental disorders,Both,1080,0.7446170393199164,3.630423430764149,3.630423430764149,3.3753487352799922,3.9047740901202106,1.1494934937814666e-263,5.134404272223884e-263,True,1080,1470.64,0.73,3052,14672.17,0.21,Matched unexposed individuals,current_manuscript/results_20260622/population/phewas.csv
48,population,Population-based analysis,318,318.0,Tobacco use disorder,mental disorders,Mental disorders,Both,2846,1.9622037906522982,2.7588947957902286,2.7588947957902286,2.6398050908171617,2.8833570026498574,0.0,0.0,True,2846,1459.08,1.95,10024,14624.93,0.69,Matched unexposed individuals,current_manuscript/results_20260622/population/phewas.csv
49,population,Population-based analysis,327.3,327.3,Sleep apnea,neurological,Neurological conditions,Both,2767,1.9077364331464897,2.620580669311234,2.620580669311234,2.5095542340076737,2.7365190802832893,0.0,0.0,True,2767,1485.58,1.86,11148,14861.34,0.75,Matched unexposed individuals,current_manuscript/results_20260622/population/phewas.csv
50,population,Population-based analysis,327.4,327.4,Insomnia,neurological,Neurological conditions,Both,2636,1.8174171441178701,10.294667730616556,10.294667730616556,9.717527892979252,10.906084844929204,0.0,0.0,True,2636,1485.79,1.77,2527,14910.17,0.17,Matched unexposed individuals,current_manuscript/results_20260622/population/phewas.csv
51,population,Population-based analysis,338.1,338.1,Acute pain,neurological,Neurological conditions,Both,6108,4.211223033487083,2.1632476439442208,2.1632476439442208,2.1027256212542293,2.225511651034584,0.0,0.0,True,6108,1477.11,4.14,27480,14816.62,1.85,Matched unexposed individuals,current_manuscript/results_20260622/population/phewas.csv
52,population,Population-based analysis,338.2,338.2,Chronic pain,neurological,Neurological conditions,Both,3240,2.233851117959749,3.9317069769876545,3.9317069769876545,3.7675184117428184,4.103050884824349,0.0,0.0,True,3240,1498.6,2.16,7884,14940.49,0.53,Matched unexposed individuals,current_manuscript/results_20260622/population/phewas.csv
53,population,Population-based analysis,339,339.0,Other headache syndromes,neurological,Neurological conditions,Both,9195,6.339586737543177,1.9575021654781721,1.9575021654781721,1.9131619050845068,2.0028700747532797,0.0,0.0,True,9195,1395.21,6.59,45198,13900.52,3.25,Matched unexposed individuals,current_manuscript/results_20260622/population/phewas.csv
54,population,Population-based analysis,340.1,340.1,Migrain with aura,neurological,Neurological conditions,Both,1411,0.9728283726670389,1.5340756391533321,1.5340756391533321,1.4488470594981733,1.6243177989116606,9.522393259325936e-49,1.5190484485115178e-48,True,1411,1453.06,0.97,8857,14136.47,0.63,Matched unexposed individuals,current_manuscript/results_20260622/population/phewas.csv
55,population,Population-based analysis,345.3,345.3,Convulsions,neurological,Neurological conditions,Both,2782,1.9180783364703773,3.5625844412059875,3.5625844412059875,3.4065072993226577,3.7258126243400764,0.0,0.0,True,2782,1493.12,1.86,7706,14831.36,0.52,Matched unexposed individuals,current_manuscript/results_20260622/population/phewas.csv
56,population,Population-based analysis,350.1,350.1,Abnormal involuntary movements,neurological,Neurological conditions,Both,899,0.6198247392116711,3.0439882881968625,3.0439882881968625,2.8196371730645247,3.28619043158984,1.2435591629429828e-178,4.165923195858993e-178,True,899,1539.35,0.58,2918,15313.89,0.19,Matched unexposed individuals,current_manuscript/results_20260622/population/phewas.csv
57,population,Population-based analysis,351,351.0,Other peripheral nerve disorders,neurological,Neurological conditions,Both,3808,2.6254645238242977,1.673688685794795,1.673688685794795,1.6158721511823697,1.7335739185230608,2.5222452290880696e-181,8.740884328391414e-181,True,3808,1501.74,2.54,22914,14915.34,1.54,Matched unexposed individuals,current_manuscript/results_20260622/population/phewas.csv
58,population,Population-based analysis,367.1,367.1,Myopia,sense organs,Conditions of the sense organs,Both,983,0.6777393978254425,1.9543427151054005,1.9543427151054005,1.8225122282298152,2.0957090926052886,6.869536191676611e-79,1.4534492363442095e-78,True,983,1504.99,0.65,5143,14712.5,0.35,Matched unexposed individuals,current_manuscript/results_20260622/population/phewas.csv
59,population,Population-based analysis,367.2,367.2,Astigmatism,sense organs,Conditions of the sense organs,Both,810,0.5584627794899373,1.8878619539144224,1.8878619539144224,1.7487724864948082,2.0380139695479826,1.5067017874563386e-59,2.6107505110234825e-59,True,810,1505.91,0.54,4225,14716.39,0.29,Matched unexposed individuals,current_manuscript/results_20260622/population/phewas.csv
60,population,Population-based analysis,368.9,368.9,Subjective visual disturbances,sense organs,Conditions of the sense organs,Both,796,0.5488103363876421,2.562041947652363,2.562041947652363,2.3624412797430048,2.778506707368564,2.04101046917998e-114,5.397935582962841e-114,True,796,1529.35,0.52,2891,15136.37,0.19,Matched unexposed individuals,current_manuscript/results_20260622/population/phewas.csv
61,population,Population-based analysis,378.1,378.1,Strabismus (not specified as paralytic),sense organs,Conditions of the sense organs,Both,981,0.6763604773822575,1.9483701948632348,1.9483701948632348,1.8171399853691832,2.089077587195434,1.9992920942008168e-78,4.18601782223296e-78,True,981,1522.12,0.64,4995,15037.37,0.33,Matched unexposed individuals,current_manuscript/results_20260622/population/phewas.csv
62,population,Population-based analysis,380.1,380.1,Otitis externa,sense organs,Conditions of the sense organs,Both,2107,1.4526926868954295,1.6335500849139108,1.6335500849139108,1.558808226567795,1.7118756717096326,9.838717194701362e-94,2.3542644715892547e-93,True,2107,1506.8,1.4,12912,14872.78,0.87,Matched unexposed individuals,current_manuscript/results_20260622/population/phewas.csv
63,population,Population-based analysis,380.4,380.4,Impacted cerumen,sense organs,Conditions of the sense organs,Both,1088,0.7501327210926566,1.4344095890485902,1.4344095890485902,1.3445859159958573,1.5302338397845336,7.920746354145742e-28,1.0979793221953751e-27,True,1088,1515.22,0.72,7546,14907.7,0.51,Matched unexposed individuals,current_manuscript/results_20260622/population/phewas.csv
64,population,Population-based analysis,381.1,381.1,Otitis media,sense organs,Conditions of the sense organs,Both,1417,0.976965133996594,1.4077342991373103,1.4077342991373103,1.3302314862319384,1.4897526313868077,2.5278819177940277e-32,3.553176681654542e-32,True,1417,1488.82,0.95,9675,14502.32,0.67,Matched unexposed individuals,current_manuscript/results_20260622/population/phewas.csv
65,population,Population-based analysis,386.9,386.9,Dizziness and giddiness (Light-headedness and vertigo),sense organs,Conditions of the sense organs,Both,6815,4.698671410152992,1.9160183376298843,1.9160183376298843,1.8658039425206323,1.9675841531208416,0.0,0.0,True,6815,1474.23,4.62,34615,14790.07,2.34,Matched unexposed individuals,current_manuscript/results_20260622/population/phewas.csv
66,population,Population-based analysis,389.1,389.1,Sensorineural hearing loss,sense organs,Conditions of the sense organs,Both,1249,0.8611358167690515,1.388930227276772,1.388930227276772,1.307843362987348,1.4750445128510148,9.687953009985776e-27,1.3246792891205038e-26,True,1249,1519.92,0.82,9399,15013.42,0.63,Matched unexposed individuals,current_manuscript/results_20260622/population/phewas.csv
67,population,Population-based analysis,401.1,401.1,Essential hypertension,circulatory system,Circulatory system conditions,Both,3688,2.5427292972331963,1.7814547699797931,1.7814547699797931,1.7185262258582814,1.8466876150806368,2.235412312947746e-217,8.640728363509558e-217,True,3688,1522.96,2.42,22269,15200.56,1.47,Matched unexposed individuals,current_manuscript/results_20260622/population/phewas.csv
68,population,Population-based analysis,427.7,427.7,Tachycardia NOS,circulatory system,Circulatory system conditions,Both,1149,0.7921897946098,2.435203036716599,2.435203036716599,2.2793550837990333,2.6017068916483934,2.5691434154288936e-153,7.944581946172426e-153,True,1149,1519.19,0.76,4641,15009.14,0.31,Matched unexposed individuals,current_manuscript/results_20260622/population/phewas.csv
69,population,Population-based analysis,427.9,427.9,Palpitations,circulatory system,Circulatory system conditions,Both,3469,2.3917375087044355,1.568084492871634,1.568084492871634,1.5119683340532446,1.6262833826636864,2.528432157064557e-129,6.961847446164054e-129,True,3469,1502.95,2.31,21466,14902.26,1.44,Matched unexposed individuals,current_manuscript/results_20260622/population/phewas.csv
70,population,Population-based analysis,451.2,451.2,Phlebitis and thrombophlebitis of lower extremities,circulatory system,Circulatory system conditions,Both,822,0.5667363021490475,1.369086278471386,1.369086278471386,1.270978971714491,1.4747665221952142,1.2244405947953335e-16,1.5382034972116381e-16,True,822,1523.04,0.54,6072,15023.82,0.4,Matched unexposed individuals,current_manuscript/results_20260622/population/phewas.csv
71,population,Population-based analysis,454.1,454.1,Varicose veins of lower extremity,circulatory system,Circulatory system conditions,Both,993,0.6846340000413677,0.8555550667827847,0.8555550667827847,0.8012522414068103,0.9135381275346205,3.1175204938276265e-06,3.40555227858344e-06,False,993,1521.15,0.65,11750,14970.53,0.78,Matched unexposed individuals,current_manuscript/results_20260622/population/phewas.csv
72,population,Population-based analysis,455,455.0,Hemorrhoids,circulatory system,Circulatory system conditions,Both,841,0.5798360463593053,1.6793026184686113,1.6793026184686113,1.5581152442630954,1.8099157265669843,6.480705238426638e-42,9.721057857639956e-42,True,841,1517.44,0.55,4995,14996.26,0.33,Matched unexposed individuals,current_manuscript/results_20260622/population/phewas.csv
73,population,Population-based analysis,459.9,459.9,Circulatory disease NEC,circulatory system,Circulatory system conditions,Both,1092,0.7528905619790266,1.8692580319056957,1.8692580319056957,1.7498255938391212,1.9968422008149027,5.6699990037064605e-77,1.1629283670867332e-76,True,1092,1537.95,0.71,5869,15289.58,0.38,Matched unexposed individuals,current_manuscript/results_20260622/population/phewas.csv
74,population,Population-based analysis,464,464.0,Acute sinusitis,respiratory,Respiratory conditions,Both,1525,1.0514268379285856,1.7892004727030066,1.7892004727030066,1.6924254435076356,1.8915092205692308,1.8985569713935476e-93,4.489528838236506e-93,True,1525,1463.95,1.04,8495,14226.64,0.6,Matched unexposed individuals,current_manuscript/results_20260622/population/phewas.csv
75,population,Population-based analysis,470,470.0,Septal Deviations/Turbinate Hypertrophy,respiratory,Respiratory conditions,Both,1924,1.3265214663439993,1.4081032994854707,1.4081032994854707,1.3408331198785353,1.4787484532016073,9.736500069930465e-43,1.4826034197394116e-42,True,1924,1396.42,1.38,12165,13089.06,0.93,Matched unexposed individuals,current_manuscript/results_20260622/population/phewas.csv
76,population,Population-based analysis,472,472.0,Chronic pharyngitis and nasopharyngitis,respiratory,Respiratory conditions,Both,1270,0.8756144814224943,1.7856043468986162,1.7856043468986162,1.6787692328495278,1.899238335605723,9.403478967478475e-76,1.909191184306236e-75,True,1270,1401.12,0.91,6445,13126.5,0.49,Matched unexposed individuals,current_manuscript/results_20260622/population/phewas.csv
77,population,Population-based analysis,473.4,473.4,Voice disturbance,respiratory,Respiratory conditions,Both,1030,0.7101440282402907,1.3214069629413967,1.3214069629413967,1.2361339958476367,1.412562365872533,2.6432351093194394e-16,3.2594494292834804e-16,True,1030,1403.25,0.73,7539,13122.96,0.57,Matched unexposed individuals,current_manuscript/results_20260622/population/phewas.csv
78,population,Population-based analysis,474.1,474.1,Acute tonsillitis,respiratory,Respiratory conditions,Both,1837,1.2665384270654505,1.3995718643242996,1.3995718643242996,1.3317407126650107,1.4708579416246452,3.807264706966047e-40,5.6269132801483486e-40,True,1837,1394.56,1.32,11836,13075.89,0.91,Matched unexposed individuals,current_manuscript/results_20260622/population/phewas.csv
79,population,Population-based analysis,474.2,474.2,Chronic tonsillitis and adenoiditis,respiratory,Respiratory conditions,Both,2300,1.585758509662785,1.302396468457939,1.302396468457939,1.2460254566953028,1.3613177418946596,1.2239399067922284e-31,1.7084161198974855e-31,True,2300,1391.12,1.65,15778,13044.79,1.21,Matched unexposed individuals,current_manuscript/results_20260622/population/phewas.csv
80,population,Population-based analysis,476,476.0,Allergic rhinitis,respiratory,Respiratory conditions,Both,4029,2.7778352327962437,1.4106956365133798,1.4106956365133798,1.36400812507516,1.4589811763535008,2.5457229563224868e-89,5.814662661600226e-89,True,4029,1378.71,2.92,26534,12966.21,2.05,Matched unexposed individuals,current_manuscript/results_20260622/population/phewas.csv
81,population,Population-based analysis,477,477.0,Epistaxis or throat hemorrhage,respiratory,Respiratory conditions,Both,1096,0.7556484028653967,1.599495155366872,1.599495155366872,1.498507730892729,1.7072883237765801,3.048538226229078e-45,4.7135091036311124e-45,True,1096,1402.19,0.78,6389,13125.1,0.49,Matched unexposed individuals,current_manuscript/results_20260622/population/phewas.csv
82,population,Population-based analysis,479,479.0,Other upper respiratory disease,respiratory,Respiratory conditions,Both,877,0.6046566143366359,1.6335940905927393,1.6335940905927393,1.5181566262375337,1.757809179039199,2.3427910659743668e-39,3.387777009070848e-39,True,877,1403.59,0.62,4848,13139.61,0.37,Matched unexposed individuals,current_manuscript/results_20260622/population/phewas.csv
83,population,Population-based analysis,480.1,480.1,Bacterial pneumonia,respiratory,Respiratory conditions,Both,1449,0.9990278610875546,1.824709180593431,1.824709180593431,1.7233671590155164,1.9320105853960816,1.4904731370332848e-94,3.609459042695063e-94,True,1449,1501.32,0.97,7976,14726.62,0.54,Matched unexposed individuals,current_manuscript/results_20260622/population/phewas.csv
84,population,Population-based analysis,481,481.0,Influenza,respiratory,Respiratory conditions,Both,837,0.5770782054729352,2.0083245912723724,2.0083245912723724,1.861013656908342,2.167296112490587,5.679360206473676e-72,1.1083023315545717e-71,True,837,1505.4,0.56,3939,14760.5,0.27,Matched unexposed individuals,current_manuscript/results_20260622/population/phewas.csv
85,population,Population-based analysis,507,507.0,Pleurisy; pleural effusion,respiratory,Respiratory conditions,Both,748,0.5157162457512013,1.3556871099991765,1.3556871099991765,1.254722445321609,1.464776171870293,1.2921824243125434e-14,1.5646305258242242e-14,True,748,1535.76,0.49,5507,15246.56,0.36,Matched unexposed individuals,current_manuscript/results_20260622/population/phewas.csv
86,population,Population-based analysis,512.7,512.7,Shortness of breath,respiratory,Respiratory conditions,Both,5178,3.570025027406044,2.0301681307413806,2.0301681307413806,1.9690557099356842,2.0931772617101707,0.0,0.0,True,5178,1492.42,3.47,24954,14834.52,1.68,Matched unexposed individuals,current_manuscript/results_20260622/population/phewas.csv
87,population,Population-based analysis,512.8,512.8,Cough,respiratory,Respiratory conditions,Both,1711,1.1796664391447935,1.6852134162634507,1.6852134162634507,1.5991410784224969,1.7759185206822699,8.742468564509611e-85,1.9310287708422329e-84,True,1711,1510.62,1.13,9752,14899.87,0.65,Matched unexposed individuals,current_manuscript/results_20260622/population/phewas.csv
88,population,Population-based analysis,512.9,512.9,Other dyspnea,respiratory,Respiratory conditions,Both,1183,0.8156314421439455,1.544626242505525,1.544626242505525,1.4514049024753402,1.6438350352597584,1.1727387368261529e-42,1.7723344819703513e-42,True,1183,1512.37,0.78,7508,14908.57,0.5,Matched unexposed individuals,current_manuscript/results_20260622/population/phewas.csv
89,population,Population-based analysis,520.2,520.2,Disturbances in tooth eruption,digestive,Digestive conditions,Both,768,0.5295054501830517,1.3463977101814986,1.3463977101814986,1.24571755947441,1.4552149323052237,6.343731882327313e-14,7.635270109867006e-14,True,768,1518.85,0.51,5776,14929.86,0.39,Matched unexposed individuals,current_manuscript/results_20260622/population/phewas.csv
90,population,Population-based analysis,526.4,526.4,Temporomandibular joint disorders,digestive,Digestive conditions,Both,733,0.5053743424273136,1.7923737556324966,1.7923737556324966,1.653810855121313,1.9425460111909136,7.368021997075269e-46,1.1480406367535884e-45,True,733,1519.99,0.48,4104,14951.21,0.27,Matched unexposed individuals,current_manuscript/results_20260622/population/phewas.csv
91,population,Population-based analysis,530.1,530.1,"Esophagitis, GERD and related diseases",digestive,Digestive conditions,Both,2853,1.9670300122034459,1.9354436959565067,1.9354436959565067,1.8576494897735851,2.0164957495153444,1.8883427436726983e-218,7.44229198976887e-218,True,2853,1508.01,1.89,14586,15012.19,0.97,Matched unexposed individuals,current_manuscript/results_20260622/population/phewas.csv
92,population,Population-based analysis,532,532.0,Dysphagia,digestive,Digestive conditions,Both,1420,0.9790335146613716,1.7047074365124026,1.7047074365124026,1.609499360585376,1.8055474362187771,6.065649299210923e-74,1.2191955091413956e-73,True,1420,1521.09,0.93,8272,15071.74,0.55,Matched unexposed individuals,current_manuscript/results_20260622/population/phewas.csv
93,population,Population-based analysis,540.1,540.1,Appendicitis,digestive,Digestive conditions,Both,2874,1.9815086768568888,1.1181196592624576,1.1181196592624576,1.0753225271987354,1.1626200891429295,2.057957736524837e-08,2.3108910896172743e-08,True,2874,1498.7,1.92,24707,14734.6,1.68,Matched unexposed individuals,current_manuscript/results_20260622/population/phewas.csv
94,population,Population-based analysis,550.1,550.1,Inguinal hernia,digestive,Digestive conditions,Both,869,0.5991409325638958,0.9785420609480482,0.9785420609480482,0.9119084530950767,1.0500446199335964,0.5466097840426819,0.554891750467571,False,869,1523.63,0.57,9122,15013.5,0.61,Matched unexposed individuals,current_manuscript/results_20260622/population/phewas.csv
95,population,Population-based analysis,550.2,550.2,Diaphragmatic hernia,digestive,Digestive conditions,Both,2108,1.453382147117022,2.024565024513928,2.024565024513928,1.9297912498311085,2.1239932240566466,7.545321460674405e-183,2.66071862034308e-182,True,2108,1514.08,1.39,10529,14999.82,0.7,Matched unexposed individuals,current_manuscript/results_20260622/population/phewas.csv
96,population,Population-based analysis,550.4,550.4,Umbilical hernia,digestive,Digestive conditions,Both,1023,0.7053178066891431,1.258331017163048,1.258331017163048,1.177743941535189,1.344432259775103,1.0117309017736048e-11,1.182313437537759e-11,True,1023,1523.12,0.67,8169,15028.63,0.54,Matched unexposed individuals,current_manuscript/results_20260622/population/phewas.csv
97,population,Population-based analysis,550.5,550.5,Ventral hernia,digestive,Digestive conditions,Both,825,0.568804682813825,1.7731935152526497,1.7731935152526497,1.643737473319475,1.9128451431994227,1.2840634026584064e-49,2.0647739514747176e-49,True,825,1524.08,0.54,4648,15045.82,0.31,Matched unexposed individuals,current_manuscript/results_20260622/population/phewas.csv
98,population,Population-based analysis,558,558.0,Noninfectious gastroenteritis,digestive,Digestive conditions,Both,963,0.6639501933935922,1.7086930392976312,1.7086930392976312,1.5932553896042323,1.8324946029333176,6.196973423382427e-51,1.0209767689343181e-50,True,963,1445.14,0.67,5280,13948.47,0.38,Matched unexposed individuals,current_manuscript/results_20260622/population/phewas.csv
99,population,Population-based analysis,562.1,562.1,Diverticulosis,digestive,Digestive conditions,Both,957,0.6598134320640371,1.4001487569207451,1.4001487569207451,1.3064993022163087,1.5005109747713699,1.5819445525491905e-21,2.0919135201472847e-21,True,957,1447.83,0.66,7124,13955.44,0.51,Matched unexposed individuals,current_manuscript/results_20260622/population/phewas.csv
100,population,Population-based analysis,563,563.0,Constipation,digestive,Digestive conditions,Both,2971,2.048386318351363,2.572419311271584,2.572419311271584,2.4675612269496234,2.6817333003660737,0.0,0.0,True,2971,1432.61,2.07,10778,13920.85,0.77,Matched unexposed individuals,current_manuscript/results_20260622/population/phewas.csv
101,population,Population-based analysis,564.1,564.1,Irritable Bowel Syndrome,digestive,Digestive conditions,Both,2355,1.6236788218503733,2.3842476424806547,2.3842476424806547,2.277084924404846,2.4964535840314928,3.4958801048938656e-300,1.7566797527091674e-299,True,2355,1432.99,1.64,9561,13913.35,0.69,Matched unexposed individuals,current_manuscript/results_20260622/population/phewas.csv
102,population,Population-based analysis,573.9,573.9,Abnormal serum enzyme levels,digestive,Digestive conditions,Both,752,0.5184740866375714,1.9303969817346867,1.9303969817346867,1.7824625765144801,2.090609113587814,8.358994251161061e-59,1.4360323457122844e-58,True,752,1542.2,0.49,4069,15336.39,0.27,Matched unexposed individuals,current_manuscript/results_20260622/population/phewas.csv
103,population,Population-based analysis,574.1,574.1,Cholelithiasis,digestive,Digestive conditions,Both,4649,3.2053005701836033,1.6971611355491965,1.6971611355491965,1.6438769879925614,1.7521724198694553,1.0416185971422493e-231,4.5514203918606967e-231,True,4649,1496.37,3.11,26793,14911.06,1.8,Matched unexposed individuals,current_manuscript/results_20260622/population/phewas.csv
104,population,Population-based analysis,578.8,578.8,Hemorrhage of rectum and anus,digestive,Digestive conditions,Both,919,0.6336139436435215,1.9024155451080427,1.9024155451080427,1.7699938503950805,2.0447443393438305,2.3712033697483567e-68,4.496338465277544e-68,True,919,1530.08,0.6,4841,15189.41,0.32,Matched unexposed individuals,current_manuscript/results_20260622/population/phewas.csv
105,population,Population-based analysis,578.9,578.9,Hemorrhage of gastrointestinal tract,digestive,Digestive conditions,Both,1228,0.8466571521156087,2.2947377933593454,2.2947377933593454,2.1538582368484787,2.4448319997033123,1.311614579522232e-145,3.934843738566696e-145,True,1228,1528.45,0.8,5475,15190.49,0.36,Matched unexposed individuals,current_manuscript/results_20260622/population/phewas.csv
106,population,Population-based analysis,590,590.0,Pyelonephritis,genitourinary,Genitourinary conditions,Both,2069,1.426493198474914,1.8075809224403017,1.8075809224403017,1.7233192109738986,1.895962611200543,1.69567189321068e-130,4.733750701879816e-130,True,2069,1459.98,1.42,10922,14250.71,0.77,Matched unexposed individuals,current_manuscript/results_20260622/population/phewas.csv
107,population,Population-based analysis,591,591.0,Urinary tract infection,genitourinary,Genitourinary conditions,Both,4236,2.9205534986658943,1.9674641719238966,1.9674641719238966,1.902271897184474,2.0348906344742153,0.0,0.0,True,4236,1440.07,2.94,20374,14172.37,1.44,Matched unexposed individuals,current_manuscript/results_20260622/population/phewas.csv
108,population,Population-based analysis,592.1,592.1,Cystitis,genitourinary,Genitourinary conditions,Both,2398,1.6533256113788515,1.8754344284807245,1.8754344284807245,1.7934333428117204,1.9611848467233906,2.6867071397851627e-167,8.710131211238995e-167,True,2398,1455.36,1.65,11789,14234.07,0.83,Matched unexposed individuals,current_manuscript/results_20260622/population/phewas.csv
109,population,Population-based analysis,594.1,594.1,Calculus of kidney,genitourinary,Genitourinary conditions,Both,1876,1.2934273757075585,1.6773676791961216,1.6773676791961216,1.595781941140358,1.7631245589865427,6.780421425672632e-92,1.5847264029769757e-91,True,1876,1524.89,1.23,11335,15147.63,0.75,Matched unexposed individuals,current_manuscript/results_20260622/population/phewas.csv
110,population,Population-based analysis,594.3,594.3,Calculus of ureter,genitourinary,Genitourinary conditions,Both,1556,1.0728001047979536,1.580130845682175,1.580130845682175,1.4963401429204501,1.6686135844776324,7.362895086615446e-61,1.309683108327172e-60,True,1556,1527.37,1.02,9846,15158.44,0.65,Matched unexposed individuals,current_manuscript/results_20260622/population/phewas.csv
111,population,Population-based analysis,599.2,599.2,Retention of urine,genitourinary,Genitourinary conditions,Both,1243,0.8569990554394964,2.7337413906809505,2.7337413906809505,2.5618827679123517,2.9171287947778177,1.961086374094523e-202,7.437327569679229e-202,True,1243,1516.11,0.82,4406,15011.3,0.29,Matched unexposed individuals,current_manuscript/results_20260622/population/phewas.csv
112,population,Population-based analysis,599.4,599.4,Urinary incontinence,genitourinary,Genitourinary conditions,Both,3050,2.102853675857171,1.5538301577003415,1.5538301577003415,1.4942864364114954,1.6157465531020825,2.6997761618730294e-108,7.047467643330895e-108,True,3050,1505.08,2.03,19450,14929.2,1.3,Matched unexposed individuals,current_manuscript/results_20260622/population/phewas.csv
113,population,Population-based analysis,604.1,604.1,Redundant prepuce and phimosis/BXO,genitourinary,Genitourinary conditions,Male,977,0.6736026364958874,1.365397243476424,1.365397243476424,1.2756311415049604,1.461480181718947,2.7981355611862085e-19,3.605290049989922e-19,True,977,516.22,1.89,6805,5032.67,1.35,Matched unexposed individuals,current_manuscript/results_20260622/population/phewas.csv
114,population,Population-based analysis,608,608.0,Other disorders of male genital organs,genitourinary,Genitourinary conditions,Male,765,0.5274370695182742,1.2334156704883412,1.2334156704883412,1.1425559800247567,1.3315008129170536,7.719016226993615e-08,8.619568120142869e-08,True,765,518.96,1.47,5720,5046.87,1.13,Matched unexposed individuals,current_manuscript/results_20260622/population/phewas.csv
115,population,Population-based analysis,609.1,609.1,"Infertility, male",genitourinary,Genitourinary conditions,Male,1026,0.7073861873539207,0.7415478719588465,0.7415478719588465,0.6954606278235081,0.7906892560224762,6.616197413310464e-20,8.635426493996126e-20,False,1026,516.44,1.99,13253,4984.08,2.66,Matched unexposed individuals,current_manuscript/results_20260622/population/phewas.csv
116,population,Population-based analysis,611.3,611.3,Lump or mass in breast,genitourinary,Genitourinary conditions,Both,913,0.6294771823139664,1.131568716969258,1.131568716969258,1.0551997288522728,1.2134648315501175,0.0005260349125762,0.0005624096671692,True,913,1515.38,0.6,7426,14891.18,0.5,Matched unexposed individuals,current_manuscript/results_20260622/population/phewas.csv
117,population,Population-based analysis,612.2,612.2,Hypertrophy of breast (Gynecomastia),genitourinary,Genitourinary conditions,Both,1029,0.7094545680186981,1.811197196102898,1.811197196102898,1.6924831959292983,1.9382380227236458,4.189984020677521e-66,7.656243528692563e-66,True,1029,1515.16,0.68,5530,14911.52,0.37,Matched unexposed individuals,current_manuscript/results_20260622/population/phewas.csv
118,population,Population-based analysis,614.3,614.3,Pelvic inflammatory disease (PID),genitourinary,Genitourinary conditions,Female,889,0.612930136995746,2.1526425971303813,2.1526425971303813,1.9979148887951586,2.3193531300898838,2.9241571451240873e-90,6.7558113352866846e-90,True,889,882.81,1.01,3879,8314.6,0.47,Matched unexposed individuals,current_manuscript/results_20260622/population/phewas.csv
119,population,Population-based analysis,614.4,614.4,"Inflammatory diseases of uterus, except cervix",genitourinary,Genitourinary conditions,Female,1244,0.857688515661089,2.3929405579772625,2.3929405579772625,2.244112137463123,2.5516392066243747,2.864029138763678e-156,9.137616776055545e-156,True,1244,879.0,1.42,4899,8305.76,0.59,Matched unexposed individuals,current_manuscript/results_20260622/population/phewas.csv
120,population,Population-based analysis,614.5,614.5,"Inflammatory disease of cervix, vagina, and vulva",genitourinary,Genitourinary conditions,Female,11284,7.779869140449942,1.628910856761111,1.628910856761111,1.5959313928178622,1.6625718318563296,0.0,0.0,True,11284,798.52,14.13,65315,7852.15,8.32,Matched unexposed individuals,current_manuscript/results_20260622/population/phewas.csv
121,population,Population-based analysis,615,615.0,Endometriosis,genitourinary,Genitourinary conditions,Female,1756,1.2106921491164566,1.7558943112691767,1.7558943112691767,1.667083947832056,1.8494358585582507,2.671146261331255e-100,6.79620757629851e-100,True,1756,878.73,2.0,9393,8285.33,1.13,Matched unexposed individuals,current_manuscript/results_20260622/population/phewas.csv
122,population,Population-based analysis,618.1,618.1,Prolapse of vaginal walls,genitourinary,Genitourinary conditions,Female,1483,1.0224695086217002,1.4625151438047743,1.4625151438047743,1.3829761635334883,1.5466286420969868,1.665414451783812e-40,2.479617072655898e-40,True,1483,981.4,1.51,9875,9645.43,1.02,Matched unexposed individuals,current_manuscript/results_20260622/population/phewas.csv
123,population,Population-based analysis,619.4,619.4,Noninflammatory disorders of vagina,genitourinary,Genitourinary conditions,Female,1582,1.090726070559359,1.6824407690091963,1.6824407690091963,1.5932329259102316,1.7766435121889657,3.632413409379852e-78,7.526959745209796e-78,True,1582,944.74,1.67,8750,9161.26,0.96,Matched unexposed individuals,current_manuscript/results_20260622/population/phewas.csv
124,population,Population-based analysis,619.5,619.5,Noninflammatory disorders of vulva and perineum,genitourinary,Genitourinary conditions,Female,1293,0.8914720665191221,1.5462248908721468,1.5462248908721468,1.4563890797085743,1.641602128485464,3.3247300410659873e-46,5.2208651426114335e-46,True,1293,949.28,1.36,7916,9176.7,0.86,Matched unexposed individuals,current_manuscript/results_20260622/population/phewas.csv
125,population,Population-based analysis,622.1,622.1,Polyp of corpus uteri,genitourinary,Genitourinary conditions,Female,895,0.6170668983253011,1.3405829242025156,1.3405829242025156,1.2477919852705615,1.440274178611337,1.155446241483518e-15,1.4075436032617402e-15,True,895,982.18,0.91,6545,9626.14,0.68,Matched unexposed individuals,current_manuscript/results_20260622/population/phewas.csv
126,population,Population-based analysis,622.2,622.2,Mucous polyp of cervix,genitourinary,Genitourinary conditions,Female,730,0.5033059617625361,1.0183772709826875,1.0183772709826875,0.9424119800449569,1.1004659193792006,0.645221743693134,0.651706384333266,False,730,982.93,0.74,7054,9620.83,0.73,Matched unexposed individuals,current_manuscript/results_20260622/population/phewas.csv
127,population,Population-based analysis,624.9,624.9,"stress incontinence, female",genitourinary,Genitourinary conditions,Female,1640,1.130714763411725,1.2459546906098447,1.2459546906098447,1.1821936266716548,1.3131546779044188,2.3071477517103405e-16,2.8625722104554224e-16,True,1640,964.49,1.7,12988,9417.07,1.38,Matched unexposed individuals,current_manuscript/results_20260622/population/phewas.csv
128,population,Population-based analysis,625.1,625.1,Dyspareunia,genitourinary,Genitourinary conditions,Female,2259,1.557490640577492,1.978764378013977,1.978764378013977,1.8895247859614974,2.0722186302015664,9.739739343907853e-185,3.495870728795497e-184,True,2259,959.32,2.35,10613,9424.06,1.13,Matched unexposed individuals,current_manuscript/results_20260622/population/phewas.csv
129,population,Population-based analysis,626.1,626.1,Irregular menstrual cycle/bleeding,genitourinary,Genitourinary conditions,Female,12645,8.718224502037355,1.5635619700832142,1.5635619700832142,1.5335435975531029,1.5941679377040647,0.0,0.0,True,12645,767.89,16.47,75560,7416.56,10.19,Matched unexposed individuals,current_manuscript/results_20260622/population/phewas.csv
130,population,Population-based analysis,626.2,626.2,Dysmenorrhea,genitourinary,Genitourinary conditions,Female,4751,3.2756255127860396,1.9307137490849327,1.9307137490849327,1.8699127975513439,1.9934916675189196,0.0,0.0,True,4751,831.69,5.71,22045,7804.94,2.82,Matched unexposed individuals,current_manuscript/results_20260622/population/phewas.csv
131,population,Population-based analysis,626.4,626.4,Premenstrual tension syndromes,genitourinary,Genitourinary conditions,Female,2376,1.6381574865038162,2.4026443618552586,2.4026443618552586,2.292592852742878,2.517978681931401,5.8494420930680086e-294,2.867653318796756e-293,True,2376,848.04,2.8,8805,7897.15,1.11,Matched unexposed individuals,current_manuscript/results_20260622/population/phewas.csv
132,population,Population-based analysis,626.8,626.8,"Infertility, female",genitourinary,Genitourinary conditions,Female,3587,2.4730938148523522,1.1143123045187064,1.1143123045187064,1.0756880722392022,1.1543233991774466,1.8131810432087438e-09,2.0707351686645314e-09,True,3587,837.56,4.28,28171,7739.87,3.64,Matched unexposed individuals,current_manuscript/results_20260622/population/phewas.csv
133,population,Population-based analysis,627.2,627.2,Symptomatic menopause,genitourinary,Genitourinary conditions,Female,1754,1.2093132286732717,1.3830002763312303,1.3830002763312303,1.3119645276497047,1.457882224726543,1.8742915407603758e-33,2.653046476710109e-33,True,1754,856.97,2.05,12104,7907.41,1.53,Matched unexposed individuals,current_manuscript/results_20260622/population/phewas.csv
134,population,Population-based analysis,627.4,627.4,Premenopausal menorrhagia,genitourinary,Genitourinary conditions,Female,733,0.5053743424273136,1.5167513641693975,1.5167513641693975,1.3984322219442236,1.6450813021966286,8.929150637581294e-24,1.204536428291168e-23,True,733,860.23,0.85,4622,7927.65,0.58,Matched unexposed individuals,current_manuscript/results_20260622/population/phewas.csv
135,population,Population-based analysis,628,628.0,Ovarian cyst,genitourinary,Genitourinary conditions,Female,5210,3.5920877544970042,1.5479214327963846,1.5479214327963846,1.5022721504969192,1.594957851889784,5.397859395468126e-180,1.8389317601510057e-179,True,5210,824.79,6.32,31090,7730.62,4.02,Matched unexposed individuals,current_manuscript/results_20260622/population/phewas.csv
136,population,Population-based analysis,634.1,634.1,Missed abortion/Hydatidiform mole,pregnancy complications,Pregnancy-related conditions,Female,2758,1.901531291152157,1.0191047223456644,1.0191047223456644,0.9790709235027053,1.0607754864087373,0.3546801405384114,0.3618817677574655,False,2758,842.29,3.27,22793,7488.07,3.04,Matched unexposed individuals,current_manuscript/results_20260622/population/phewas.csv
137,population,Population-based analysis,634.3,634.3,Ectopic pregnancy,pregnancy complications,Pregnancy-related conditions,Female,916,0.631545562978744,1.3406155691596746,1.3406155691596746,1.2492214978676146,1.4386961058076353,4.05542682732386e-16,4.970370684707902e-16,True,916,855.68,1.07,5850,7612.06,0.77,Matched unexposed individuals,current_manuscript/results_20260622/population/phewas.csv
138,population,Population-based analysis,635.2,635.2,"Antepartum hemorrhage, abruptio placentae, and placenta previa",pregnancy complications,Pregnancy-related conditions,Female,2308,1.591274191435525,1.0440300129832014,1.0440300129832014,0.9992352005395712,1.0908329364509193,0.0541287721016052,0.0557942727816546,False,2308,845.5,2.73,18484,7518.38,2.46,Matched unexposed individuals,current_manuscript/results_20260622/population/phewas.csv
139,population,Population-based analysis,635.3,635.3,Placenta previa and abruptio placenta,pregnancy complications,Pregnancy-related conditions,Female,2580,1.7788073717086892,0.8948861097681126,0.8948861097681126,0.8588660455586923,0.9324168228527097,1.1684488291344478e-07,1.2904297508572748e-07,False,2580,844.51,3.06,24122,7479.18,3.23,Matched unexposed individuals,current_manuscript/results_20260622/population/phewas.csv
140,population,Population-based analysis,636.2,636.2,Early onset of delivery,pregnancy complications,Pregnancy-related conditions,Female,2207,1.521638709054681,1.0960128263916498,1.0960128263916498,1.0478617233761272,1.1463765579151985,6.345221194912107e-05,6.856932581598567e-05,True,2207,845.77,2.61,17272,7514.16,2.3,Matched unexposed individuals,current_manuscript/results_20260622/population/phewas.csv
141,population,Population-based analysis,636.3,636.3,Hemorrhage in early pregnancy,pregnancy complications,Pregnancy-related conditions,Female,4621,3.1859956839790127,1.2723253086283524,1.2723253086283524,1.2329717776170284,1.3129349108905954,5.059436953528377e-51,8.404519236852925e-51,True,4621,824.57,5.6,31333,7400.77,4.23,Matched unexposed individuals,current_manuscript/results_20260622/population/phewas.csv
142,population,Population-based analysis,638,638.0,Other high-risk pregnancy,pregnancy complications,Pregnancy-related conditions,Female,2269,1.564385242793417,1.3565371358053713,1.3565371358053713,1.2967131179387958,1.419121142033435,4.4269515861569266e-40,6.495016560711988e-40,True,2269,840.22,2.7,14260,7484.45,1.91,Matched unexposed individuals,current_manuscript/results_20260622/population/phewas.csv
143,population,Population-based analysis,642.1,642.1,Preeclampsia and eclampsia,pregnancy complications,Pregnancy-related conditions,Female,1807,1.245854620417675,0.9488618629631258,0.9488618629631258,0.9036312611041595,0.9963564495164956,0.0351625954433093,0.0364313488871401,False,1807,961.72,1.88,17652,9289.38,1.9,Matched unexposed individuals,current_manuscript/results_20260622/population/phewas.csv
144,population,Population-based analysis,643.1,643.1,Hyperemesis gravidarum,pregnancy complications,Pregnancy-related conditions,Female,1336,0.9211188560476004,2.2790494069561267,2.2790494069561267,2.1439289380201187,2.4226858023306046,8.726715333387007e-154,2.7407340343918564e-153,True,1336,967.6,1.38,5464,9521.85,0.57,Matched unexposed individuals,current_manuscript/results_20260622/population/phewas.csv
145,population,Population-based analysis,644,644.0,Anemia during pregnancy,pregnancy complications,Pregnancy-related conditions,Female,3276,2.2586716859370797,1.0996324573289056,1.0996324573289056,1.0600924428475955,1.1406472608776503,3.7076701590637253e-07,4.072359027168354e-07,True,3276,947.43,3.46,28099,9184.0,3.06,Matched unexposed individuals,current_manuscript/results_20260622/population/phewas.csv
146,population,Population-based analysis,645,645.0,Late pregnancy and failed induction,pregnancy complications,Pregnancy-related conditions,Female,8527,5.879027309519377,0.9963272586506529,0.9963272586506529,0.9739954831755411,1.019171057235199,0.750382959259564,0.750382959259564,False,8527,889.47,9.59,78342,8405.36,9.32,Matched unexposed individuals,current_manuscript/results_20260622/population/phewas.csv
147,population,Population-based analysis,646,646.0,Other complications of pregnancy NEC,pregnancy complications,Pregnancy-related conditions,Female,10927,7.533731841341414,1.2685193501974024,1.2685193501974024,1.2429102885238732,1.2946560638228497,1.2110039664543881e-115,3.24549063009776e-115,True,10927,833.04,13.12,81288,8051.59,10.1,Matched unexposed individuals,current_manuscript/results_20260622/population/phewas.csv
148,population,Population-based analysis,647.1,647.1,Infections of genitourinary tract during pregnancy,pregnancy complications,Pregnancy-related conditions,Female,1906,1.314111182355334,1.5731821309913476,1.5731821309913476,1.4973221018177711,1.652885517595653,3.3955334913178297e-72,6.691198350538077e-72,True,1906,943.98,2.02,11074,9176.59,1.21,Matched unexposed individuals,current_manuscript/results_20260622/population/phewas.csv
149,population,Population-based analysis,647.3,647.3,Major puerperal infection,pregnancy complications,Pregnancy-related conditions,Female,1186,0.817699822808723,1.3097921117533045,1.3097921117533045,1.23152738976069,1.39303063031716,9.093449672280605e-18,1.1568249266635453e-17,True,1186,950.64,1.25,8462,9203.92,0.92,Matched unexposed individuals,current_manuscript/results_20260622/population/phewas.csv
150,population,Population-based analysis,649.1,649.1,Diabetes or abnormal glucose tolerance complicating pregnancy,pregnancy complications,Pregnancy-related conditions,Female,1285,0.885956384746382,1.194115051343949,1.194115051343949,1.1254607766800606,1.2669573079680156,4.298348250228207e-09,4.881175131615082e-09,True,1285,976.0,1.32,9686,9545.68,1.01,Matched unexposed individuals,current_manuscript/results_20260622/population/phewas.csv
151,population,Population-based analysis,650,650.0,Normal delivery,pregnancy complications,Pregnancy-related conditions,Female,18149,12.513013561682559,0.7715875712753154,0.7715875712753154,0.7594555681788799,0.7839133783351413,1.2001154056472628e-225,5.025483261147913e-225,False,18149,684.78,26.5,179273,5625.35,31.87,Matched unexposed individuals,current_manuscript/results_20260622/population/phewas.csv
152,population,Population-based analysis,651,651.0,Multiple gestation,pregnancy complications,Pregnancy-related conditions,Female,5240,3.61277156114478,0.7559103244147611,0.7559103244147611,0.7346575415416519,0.777777925423275,1.9869494980250053e-82,4.3410527076415867e-82,False,5240,923.44,5.67,63381,8627.71,7.35,Matched unexposed individuals,current_manuscript/results_20260622/population/phewas.csv
153,population,Population-based analysis,652,652.0,Malposition and malpresentation of fetus or obstruction,pregnancy complications,Pregnancy-related conditions,Female,2972,2.049075778572955,0.8865875158451731,0.8865875158451731,0.8534494791259235,0.9210122479160106,5.880537680528209e-10,6.754217564492401e-10,False,2972,910.84,3.26,30093,8475.14,3.55,Matched unexposed individuals,current_manuscript/results_20260622/population/phewas.csv
154,population,Population-based analysis,653,653.0,Problems associated with amniotic cavity and membranes,pregnancy complications,Pregnancy-related conditions,Female,5921,4.082293972049283,0.9084324569165172,0.9084324569165172,0.8841806225207304,0.9333494851161265,3.496590091827232e-12,4.134203579160433e-12,False,5921,888.54,6.66,58109,8270.38,7.03,Matched unexposed individuals,current_manuscript/results_20260622/population/phewas.csv
155,population,Population-based analysis,654.1,654.1,"Abnormality of organs and soft tissues of pelvis complicating pregnancy, childbirth, or the puerperium",pregnancy complications,Pregnancy-related conditions,Female,1955,1.3478947332133673,0.9907244939284532,0.9907244939284532,0.9448977054553821,1.0387738452563504,0.6997477816121642,0.7032465205202251,False,1955,920.11,2.12,17359,8602.32,2.02,Matched unexposed individuals,current_manuscript/results_20260622/population/phewas.csv
156,population,Population-based analysis,661,661.0,Fetal distress and abnormal forces of labor,pregnancy complications,Pregnancy-related conditions,Female,4867,3.3556028984907718,0.8992310751936196,0.8992310751936196,0.8727405479102118,0.9265256765371055,3.3499086185908792e-12,3.984210842229389e-12,False,4867,855.81,5.69,46400,7713.95,6.02,Matched unexposed individuals,current_manuscript/results_20260622/population/phewas.csv
157,population,Population-based analysis,665,665.0,Obstetrical/birth trauma,pregnancy complications,Pregnancy-related conditions,Female,8411,5.799049923814645,0.7278510190089389,0.7278510190089389,0.7116129748934429,0.7444595932946251,1.2655948501772044e-167,4.1702387686166886e-167,False,8411,848.29,9.92,97565,7538.12,12.94,Matched unexposed individuals,current_manuscript/results_20260622/population/phewas.csv
158,population,Population-based analysis,669,669.0,Complications of labor and delivery NEC,pregnancy complications,Pregnancy-related conditions,Female,9016,6.216173357878117,0.9603119708384708,0.9603119708384708,0.9392926190060005,0.9818016906292505,0.0003350920610362,0.00036017916721,False,9016,820.38,10.99,81322,7417.73,10.96,Matched unexposed individuals,current_manuscript/results_20260622/population/phewas.csv
159,population,Population-based analysis,671,671.0,Venous/cerebrovascular complications embolism in pregnancy and the puerperium,pregnancy complications,Pregnancy-related conditions,Female,814,0.5612206203763074,1.2233988095196473,1.2233988095196473,1.1362951636152774,1.31717945746783,8.76215911092048e-08,9.73035348781777e-08,True,814,947.46,0.86,6345,9174.88,0.69,Matched unexposed individuals,current_manuscript/results_20260622/population/phewas.csv
160,population,Population-based analysis,674,674.0,Other complications of the puerperium NEC,pregnancy complications,Pregnancy-related conditions,Female,6354,4.3808302479988415,2.3383370225649895,2.3383370225649895,2.273655387177364,2.404858740658206,0.0,0.0,True,6354,908.88,6.99,26045,9052.09,2.88,Matched unexposed individuals,current_manuscript/results_20260622/population/phewas.csv
161,population,Population-based analysis,676,676.0,Other disorders of the breast associated with childbirth and disorders of lactation,pregnancy complications,Pregnancy-related conditions,Female,1191,0.8211471239166857,1.739253258448445,1.739253258448445,1.6333568344176237,1.8520153301970317,8.142199162782651e-67,1.5153537330734376e-66,True,1191,944.4,1.26,6522,9173.2,0.71,Matched unexposed individuals,current_manuscript/results_20260622/population/phewas.csv
162,population,Population-based analysis,686.1,686.1,Carbuncle and furuncle,dermatologic,Dermatologic conditions,Both,1997,1.376852062520253,1.88012470756498,1.88012470756498,1.7902427899884474,1.974519286302565,8.728475894778035e-141,2.580034786544684e-140,True,1997,1495.94,1.33,10185,14683.9,0.69,Matched unexposed individuals,current_manuscript/results_20260622/population/phewas.csv
163,population,Population-based analysis,686.3,686.3,Pilonidal cyst,dermatologic,Dermatologic conditions,Both,854,0.588799029240008,1.442717628621757,1.442717628621757,1.341442109891671,1.5516391953015947,5.597689404393452e-23,7.451228942272077e-23,True,854,1503.79,0.57,5571,14710.09,0.38,Matched unexposed individuals,current_manuscript/results_20260622/population/phewas.csv
164,population,Population-based analysis,687.1,687.1,Rash and other nonspecific skin eruption,dermatologic,Dermatologic conditions,Both,1356,0.9349080604794506,1.7639322689331345,1.7639322689331345,1.6627960455284438,1.871219899608771,3.570955723802991e-79,7.6357670264298e-79,True,1356,1518.14,0.89,7338,15022.41,0.49,Matched unexposed individuals,current_manuscript/results_20260622/population/phewas.csv
165,population,Population-based analysis,687.4,687.4,Disturbance of skin sensation,dermatologic,Dermatologic conditions,Both,3847,2.652353472466406,1.7794999466447778,1.7794999466447778,1.7181334841345202,1.843058231126842,2.574988484831879e-227,1.1012184796834207e-226,True,3847,1501.87,2.56,20761,14935.06,1.39,Matched unexposed individuals,current_manuscript/results_20260622/population/phewas.csv
166,population,Population-based analysis,689,689.0,Disorder of skin and subcutaneous tissue NOS,dermatologic,Dermatologic conditions,Both,895,0.6170668983253011,1.4077067218269848,1.4077067218269848,1.310892425018755,1.5116711156893936,5.1316749457039346e-21,6.741612183571837e-21,True,895,1539.31,0.58,6452,15299.2,0.42,Matched unexposed individuals,current_manuscript/results_20260622/population/phewas.csv
167,population,Population-based analysis,690.1,690.1,Seborrheic dermatitis,dermatologic,Dermatologic conditions,Both,1065,0.7342751359960287,1.7242151598390343,1.7242151598390343,1.613375501989095,1.842669554454931,4.1331772025294684e-58,7.04041201447816e-58,True,1065,1515.18,0.7,5956,14922.36,0.4,Matched unexposed individuals,current_manuscript/results_20260622/population/phewas.csv
168,population,Population-based analysis,696.4,696.4,Psoriasis,dermatologic,Dermatologic conditions,Both,1884,1.2989430574802987,1.4583514342147683,1.4583514342147683,1.3881460100643914,1.5321074946414441,8.665184664224067e-51,1.416017981714665e-50,True,1884,1504.97,1.25,12462,14817.88,0.84,Matched unexposed individuals,current_manuscript/results_20260622/population/phewas.csv
169,population,Population-based analysis,698,698.0,Pruritus and related conditions,dermatologic,Dermatologic conditions,Both,2536,1.7484711219586186,1.5355781047212342,1.5355781047212342,1.4714733500955095,1.6024755837720106,1.6363428538591026e-86,3.695560827254827e-86,True,2536,1520.84,1.67,15669,15129.48,1.04,Matched unexposed individuals,current_manuscript/results_20260622/population/phewas.csv
170,population,Population-based analysis,705.8,705.8,Hyperhidrosis,dermatologic,Dermatologic conditions,Both,743,0.5122689446432388,2.2368613555290846,2.2368613555290846,2.063115290813822,2.4252395133408657,8.131239834377264e-85,1.815976896344256e-84,True,743,1539.26,0.48,3236,15301.9,0.21,Matched unexposed individuals,current_manuscript/results_20260622/population/phewas.csv
171,population,Population-based analysis,728.2,728.2,Laxity of ligament or hypermobility syndrome,musculoskeletal,Musculoskeletal conditions,Both,1373,0.9466288842465234,2.0982612152195768,2.0982612152195768,1.977487534240305,2.2264110650822024,1.3782965493886815e-132,3.957680091816071e-132,True,1373,1525.03,0.9,6510,15136.52,0.43,Matched unexposed individuals,current_manuscript/results_20260622/population/phewas.csv
172,population,Population-based analysis,735.2,735.2,Acquired toe deformities,musculoskeletal,Musculoskeletal conditions,Both,735,0.5067532628704987,1.4044263307601514,1.4044263307601514,1.2980947639365032,1.519467895048765,2.790992296699158e-17,3.5282355448838416e-17,True,735,1528.66,0.48,5128,15090.8,0.34,Matched unexposed individuals,current_manuscript/results_20260622/population/phewas.csv
173,population,Population-based analysis,735.3,735.3,Hallux valgus (Bunion),musculoskeletal,Musculoskeletal conditions,Both,1083,0.746685419984694,1.4086860848869454,1.4086860848869454,1.320353886847762,1.5029277419644638,3.3559541705343548e-25,4.557748569441928e-25,True,1083,1525.43,0.71,7771,15068.99,0.52,Matched unexposed individuals,current_manuscript/results_20260622/population/phewas.csv
174,population,Population-based analysis,740.1,740.1,Osteoarthritis; localized,musculoskeletal,Musculoskeletal conditions,Both,1482,1.0217800484001076,1.2597508014122585,1.2597508014122585,1.1922459775200764,1.3310777403164726,2.074023761764641e-16,2.589309168414241e-16,True,1482,1537.69,0.96,12768,15278.97,0.84,Matched unexposed individuals,current_manuscript/results_20260622/population/phewas.csv
175,population,Population-based analysis,740.9,740.9,Osteoarthrosis NOS,musculoskeletal,Musculoskeletal conditions,Both,891,0.614309057438931,1.485130523305238,1.485130523305238,1.382177712957584,1.5957518708164666,3.834285925831904e-27,5.2787087061110455e-27,True,891,1541.25,0.58,6425,15318.98,0.42,Matched unexposed individuals,current_manuscript/results_20260622/population/phewas.csv
176,population,Population-based analysis,742.9,742.9,Other derangement of joint,musculoskeletal,Musculoskeletal conditions,Both,1949,1.3437579718838122,0.9744788499363713,0.9744788499363713,0.9297642576021744,1.0213438742228242,0.2806986559369235,0.2878593359353145,False,1949,1501.43,1.3,19719,14653.27,1.35,Matched unexposed individuals,current_manuscript/results_20260622/population/phewas.csv
177,population,Population-based analysis,745,745.0,Pain in joint,musculoskeletal,Musculoskeletal conditions,Both,5447,3.7554898270144306,1.4417971148125117,1.4417971148125117,1.400684688305512,1.4841162594534394,1.1577573297979582e-135,3.372597438976661e-135,True,5447,1479.61,3.68,36999,14661.45,2.52,Matched unexposed individuals,current_manuscript/results_20260622/population/phewas.csv
178,population,Population-based analysis,800.3,800.3,Fracture of tibia and fibula,injuries & poisonings,Injuries & poisonings,Both,1063,0.7328962155528437,1.2586892506920793,1.2586892506920793,1.1792016912380432,1.3435349029600134,4.754506394021153e-12,5.588630322796794e-12,True,1063,1366.57,0.78,7787,12422.48,0.63,Matched unexposed individuals,current_manuscript/results_20260622/population/phewas.csv
179,population,Population-based analysis,801.1,801.1,Fracture of foot,injuries & poisonings,Injuries & poisonings,Both,771,0.5315738308478293,1.3015832658532946,1.3015832658532946,1.2053153983509877,1.4055399941518054,1.7765064459859863e-11,2.064033500827649e-11,True,771,1368.36,0.56,5478,12440.37,0.44,Matched unexposed individuals,current_manuscript/results_20260622/population/phewas.csv
180,population,Population-based analysis,803.2,803.2,Fracture of radius and ulna,injuries & poisonings,Injuries & poisonings,Both,2499,1.7229610937596955,1.1675653986908958,1.1675653986908958,1.1192882479692259,1.2179248399092555,6.44862599515861e-13,7.715320387064766e-13,True,2499,1355.26,1.84,19561,12336.38,1.59,Matched unexposed individuals,current_manuscript/results_20260622/population/phewas.csv
181,population,Population-based analysis,803.3,803.3,Fracture of clavicle or scapula,injuries & poisonings,Injuries & poisonings,Both,918,0.632924483421929,1.1146302120450733,1.1146302120450733,1.0397635590004592,1.194887528851255,0.0022192603030232,0.0023477437942508,True,918,1367.02,0.67,7521,12422.7,0.61,Matched unexposed individuals,current_manuscript/results_20260622/population/phewas.csv
182,population,Population-based analysis,804,804.0,Fracture of hand or wrist,injuries & poisonings,Injuries & poisonings,Both,4373,3.015009549024069,1.4121341483366474,1.4121341483366474,1.3670456421232184,1.4587097836772362,1.7185622593832354e-96,4.212573343122321e-96,True,4373,1339.48,3.26,27901,12260.89,2.28,Matched unexposed individuals,current_manuscript/results_20260622/population/phewas.csv
183,population,Population-based analysis,805,805.0,Fracture of vertebral column without mention of spinal cord injury,injuries & poisonings,Injuries & poisonings,Both,912,0.6287877220923739,1.839533426027294,1.839533426027294,1.710242873463591,1.9785980564378318,2.1566777434986127e-60,3.769497621245401e-60,True,912,1367.13,0.67,4499,12445.3,0.36,Matched unexposed individuals,current_manuscript/results_20260622/population/phewas.csv
184,population,Population-based analysis,807,807.0,Fracture of ribs,injuries & poisonings,Injuries & poisonings,Both,1108,0.7639219255245069,1.7897291889639053,1.7897291889639053,1.6749733365402946,1.9123471997742698,2.0184941871008169e-66,3.722177354195085e-66,True,1108,1365.57,0.81,5794,12434.33,0.47,Matched unexposed individuals,current_manuscript/results_20260622/population/phewas.csv
185,population,Population-based analysis,809,809.0,Fracture of unspecified bones,injuries & poisonings,Injuries & poisonings,Both,3677,2.5351452347956784,1.315951891776022,1.315951891776022,1.2704815081365153,1.3630496550940858,7.241617949779209e-53,1.212971006588018e-52,True,3677,1344.33,2.74,25213,12280.56,2.05,Matched unexposed individuals,current_manuscript/results_20260622/population/phewas.csv
186,population,Population-based analysis,817,817.0,Concussion,injuries & poisonings,Injuries & poisonings,Both,3992,2.7523252045973208,1.9691271338081597,1.9691271338081597,1.9020599366459474,2.038559140221928,0.0,0.0,True,3992,1441.49,2.77,19277,14107.05,1.37,Matched unexposed individuals,current_manuscript/results_20260622/population/phewas.csv
187,population,Population-based analysis,819,819.0,Skull and face fracture and other intercranial injury,injuries & poisonings,Injuries & poisonings,Both,1815,1.2513703021904152,1.5824788556003557,1.5824788556003557,1.5045889951361515,1.664400933755069,4.603922460431782e-71,8.897965524488347e-71,True,1815,1459.12,1.24,10977,14167.16,0.77,Matched unexposed individuals,current_manuscript/results_20260622/population/phewas.csv
188,population,Population-based analysis,830,830.0,Dislocation,injuries & poisonings,Injuries & poisonings,Both,10593,7.303452127329514,1.2596980692535724,1.2596980692535724,1.2340203535225285,1.28591009147582,5.315558227886474e-107,1.369778466416899e-106,True,10593,1322.75,8.01,78099,12564.88,6.22,Matched unexposed individuals,current_manuscript/results_20260622/population/phewas.csv
189,population,Population-based analysis,835,835.0,Internal derangement of knee,injuries & poisonings,Injuries & poisonings,Both,2065,1.4237353575885439,0.9374481528990901,0.9374481528990901,0.8955465859785925,0.9813102446408335,0.0056284313084733,0.0059231135759327,False,2065,1394.56,1.48,21257,12997.36,1.64,Matched unexposed individuals,current_manuscript/results_20260622/population/phewas.csv
190,population,Population-based analysis,850,850.0,Hemorrhage or hematoma complicating a procedure,injuries & poisonings,Injuries & poisonings,Both,1610,1.1100309567639495,1.610150791713809,1.610150791713809,1.5261738262109357,1.6987485485144727,4.913275011820579e-68,9.229610068933984e-68,True,1610,1527.03,1.05,9751,15152.62,0.64,Matched unexposed individuals,current_manuscript/results_20260622/population/phewas.csv
191,population,Population-based analysis,858,858.0,Complication of internal orthopedic device,injuries & poisonings,Injuries & poisonings,Both,740,0.5102005639784613,1.7589390786067378,1.7589390786067378,1.6231776797397592,1.9060554619910455,3.389659456787684e-43,5.200927868811637e-43,True,740,1533.63,0.48,4074,15195.93,0.27,Matched unexposed individuals,current_manuscript/results_20260622/population/phewas.csv
192,population,Population-based analysis,870.1,870.1,Open wound or laceration of eye or eyelid,injuries & poisonings,Injuries & poisonings,Both,1333,0.9190504753828228,1.2958098812249876,1.2958098812249876,1.2227137874497471,1.3732757948060088,2.1814805797671178e-18,2.792850933332425e-18,True,1333,1403.68,0.95,9656,13240.26,0.73,Matched unexposed individuals,current_manuscript/results_20260622/population/phewas.csv
193,population,Population-based analysis,870.3,870.3,Other open wound of head and face,injuries & poisonings,Injuries & poisonings,Both,3430,2.364848560062327,1.35504171993168,1.35504171993168,1.306705406196819,1.405166041288148,2.084114088019996e-60,3.674622207824729e-60,True,3430,1388.06,2.47,23493,13136.01,1.79,Matched unexposed individuals,current_manuscript/results_20260622/population/phewas.csv
194,population,Population-based analysis,907,907.0,Injuries to the nervous system,injuries & poisonings,Injuries & poisonings,Both,944,0.6508504491833343,1.5964576726078281,1.5964576726078281,1.4887545803599638,1.711952483002378,2.3159922704791063e-39,3.3732930896108716e-39,True,944,1534.86,0.62,5919,15244.67,0.39,Matched unexposed individuals,current_manuscript/results_20260622/population/phewas.csv
195,population,Population-based analysis,915,915.0,Superficial injury without mention of infection,injuries & poisonings,Injuries & poisonings,Both,6128,4.225012237918933,1.7234919453651085,1.7234919453651085,1.676097653909448,1.7722263847872943,0.0,0.0,True,6128,1302.8,4.7,32025,12166.37,2.63,Matched unexposed individuals,current_manuscript/results_20260622/population/phewas.csv
196,population,Population-based analysis,916,916.0,Contusion,injuries & poisonings,Injuries & poisonings,Both,11254,7.759185333802166,1.4351049600284165,1.4351049600284165,1.4063822639700863,1.4644142627938952,1.088136124748954e-268,4.970803660784994e-268,True,11254,1310.89,8.59,73486,12564.15,5.85,Matched unexposed individuals,current_manuscript/results_20260622/population/phewas.csv
197,population,Population-based analysis,946,946.0,Anaphylactic shock NOS,injuries & poisonings,Injuries & poisonings,Both,740,0.5102005639784613,1.6651995730559992,1.6651995730559992,1.5386113236570058,1.8022027886257956,1.2474017800724648e-36,1.790912555675467e-36,True,740,1527.94,0.48,4489,15125.32,0.3,Matched unexposed individuals,current_manuscript/results_20260622/population/phewas.csv
198,population,Population-based analysis,966,966.0,Poisoning by anticonvulsants and anti-Parkinsonism drugs,injuries & poisonings,Injuries & poisonings,Both,820,0.5653573817058625,21.770622771187472,21.770622771187472,19.034505144085816,24.900044012576288,0.0,0.0,True,820,1493.17,0.55,441,14935.92,0.03,Matched unexposed individuals,current_manuscript/results_20260622/population/phewas.csv
199,population,Population-based analysis,969,969.0,Poisoning by psychotropic agents,injuries & poisonings,Injuries & poisonings,Both,1736,1.1969029446846065,14.67600521534264,14.67600521534264,13.558332288272402,15.885812834596683,0.0,0.0,True,1736,1483.54,1.17,1230,14929.28,0.08,Matched unexposed individuals,current_manuscript/results_20260622/population/phewas.csv
200,population,Population-based analysis,979,979.0,Adverse drug events and drug allergies,injuries & poisonings,Injuries & poisonings,Both,7034,4.849663198681752,9.919887233076667,9.919887233076667,9.580174373485725,10.271646306282554,0.0,0.0,True,7034,1448.35,4.86,7310,14894.21,0.49,Matched unexposed individuals,current_manuscript/results_20260622/population/phewas.csv
201,population,Population-based analysis,981,981.0,Toxic effect of (non-ethyl) alcohol and petroleum and other solvents,injuries & poisonings,Injuries & poisonings,Both,725,0.4998586606545735,6.104765272638758,6.104765272638758,5.538762226653636,6.728607856584692,9.139123920342082e-291,4.27200908834595e-290,True,725,1528.55,0.47,1167,15233.01,0.08,Matched unexposed individuals,current_manuscript/results_20260622/population/phewas.csv
202,population_female,Population-based analysis (female),41.1,41.1,Staphylococcus infections,infectious diseases,Infectious diseases,Both,505,0.5478946740297924,2.0412576629497234,2.0412576629497234,1.8475496739065225,2.255275138416541,1.0633149904113163e-44,1.921428842322203e-44,True,505,972.74,0.52,2290,9483.96,0.24,Matched unexposed female individuals,current_manuscript/results_20260622/female/phewas.csv
203,population_female,Population-based analysis (female),41.2,41.2,Streptococcus infection,infectious diseases,Infectious diseases,Both,853,0.925453776133491,1.8198425933100528,1.8198425933100528,1.6887467343044849,1.9611153035268154,1.5890089831962867e-55,3.2409490152320302e-55,True,853,969.7,0.88,4543,9468.72,0.48,Matched unexposed female individuals,current_manuscript/results_20260622/female/phewas.csv
204,population_female,Population-based analysis (female),41.4,41.4,E. coli,infectious diseases,Infectious diseases,Both,800,0.8679519588590772,2.2252390854637327,2.2252390854637327,2.0558873151181607,2.408541047489694,2.673259631562599e-87,7.151837455868771e-87,True,800,971.03,0.82,3474,9481.16,0.37,Matched unexposed female individuals,current_manuscript/results_20260622/female/phewas.csv
205,population_female,Population-based analysis (female),54,54.0,Herpes simplex,infectious diseases,Infectious diseases,Both,2082,2.2588449729307483,1.6738798340076717,1.6738798340076717,1.5961326233833977,1.7554140913167267,5.111647078258766e-100,1.422972024488251e-99,True,2082,898.67,2.32,11123,8473.8,1.31,Matched unexposed female individuals,current_manuscript/results_20260622/female/phewas.csv
206,population_female,Population-based analysis (female),78,78.0,Viral warts & HPV,infectious diseases,Infectious diseases,Both,1744,1.8921352703127883,1.5964343044198064,1.5964343044198064,1.5162826257761635,1.6808228525495092,7.2140907450960855e-71,1.65122521498866e-70,True,1744,898.06,1.94,10142,8461.84,1.2,Matched unexposed female individuals,current_manuscript/results_20260622/female/phewas.csv
207,population_female,Population-based analysis (female),80,80.0,Postoperative infection,infectious diseases,Infectious diseases,Both,1901,2.062470842238882,1.986653700616689,1.986653700616689,1.8887242174354728,2.0896607825217473,4.421933382778027e-156,1.7187137299099504e-155,True,1901,971.32,1.96,9294,9574.58,0.97,Matched unexposed female individuals,current_manuscript/results_20260622/female/phewas.csv
208,population_female,Population-based analysis (female),90.3,90.3,Venereal diseases due to Chlamydia trachomatis,infectious diseases,Infectious diseases,Both,739,0.8017706219960725,1.7072766477168522,1.7072766477168522,1.5767083891218339,1.848657349671819,1.1825414164280987e-39,2.0300294315349036e-39,True,739,973.69,0.76,4073,9544.09,0.43,Matched unexposed female individuals,current_manuscript/results_20260622/female/phewas.csv
209,population_female,Population-based analysis (female),136,136.0,Other infectious and parasitic diseases,infectious diseases,Infectious diseases,Both,518,0.5619988933612524,2.258972688990959,2.258972688990959,2.044896166635712,2.4954604995922565,6.468931281855079e-58,1.3325998440621464e-57,True,518,977.54,0.53,2364,9550.47,0.25,Matched unexposed female individuals,current_manuscript/results_20260622/female/phewas.csv
210,population_female,Population-based analysis (female),173,173.0,Neoplasm of uncertain behavior of skin,neoplasms,Neoplasms,Both,1617,1.7543478968439097,0.9295051325694353,0.9295051325694353,0.8828071266984352,0.9786733311771928,0.005440742093277,0.0057476557498208,False,1617,976.37,1.66,17166,9529.98,1.8,Matched unexposed female individuals,current_manuscript/results_20260622/female/phewas.csv
211,population_female,Population-based analysis (female),174.1,174.1,Breast cancer [female],neoplasms,Neoplasms,Female,608,0.6596434887328987,1.1213126717414084,1.1213126717414084,1.0286972533441194,1.2222664187353962,0.0092337939493009,0.0097049058854897,True,608,947.52,0.64,5362,8977.29,0.6,Matched unexposed female individuals,current_manuscript/results_20260622/female/phewas.csv
212,population_female,Population-based analysis (female),174.3,174.3,Neoplasm of uncertain behavior of breast,neoplasms,Neoplasms,Both,786,0.8527627995790433,1.4231591527745315,1.4231591527745315,1.3180738642437955,1.5366225134036198,1.940013995151213e-19,2.61204498693562e-19,True,786,944.73,0.83,5137,8970.63,0.57,Matched unexposed female individuals,current_manuscript/results_20260622/female/phewas.csv
213,population_female,Population-based analysis (female),180.3,180.3,Cervical intraepithelial neoplasia [CIN] [Cervical dysplasia],neoplasms,Neoplasms,Female,8633,9.366286576038016,1.2119869990213716,1.2119869990213716,1.1847122537897032,1.2398896703381066,1.4525296966902589e-61,3.1832033778531206e-61,True,8633,893.42,9.66,66582,8631.57,7.71,Matched unexposed female individuals,current_manuscript/results_20260622/female/phewas.csv
214,population_female,Population-based analysis (female),195.1,195.1,"Malignant neoplasm, other",neoplasms,Neoplasms,Both,891,0.9666814941792972,1.2274041698804499,1.2274041698804499,1.1436318360704287,1.3173129225016955,1.3387705243776038e-08,1.5493636405718342e-08,True,891,979.67,0.91,7226,9573.22,0.75,Matched unexposed female individuals,current_manuscript/results_20260622/female/phewas.csv
215,population_female,Population-based analysis (female),208,208.0,Benign neoplasm of colon,neoplasms,Neoplasms,Both,524,0.5685085330526956,1.826862697206327,1.826862697206327,1.6612238516435451,2.00901721411119,1.873536108752328e-35,2.99184835971302e-35,True,524,988.06,0.53,3173,9706.84,0.33,Matched unexposed female individuals,current_manuscript/results_20260622/female/phewas.csv
216,population_female,Population-based analysis (female),214.1,214.1,Lipoma of skin and subcutaneous tissue,neoplasms,Neoplasms,Both,486,0.5272808150068894,1.2062949342737126,1.2062949342737126,1.0963430642161103,1.3272738396852606,0.0001199104928456,0.0001300082185589,True,486,982.72,0.49,4125,9604.63,0.43,Matched unexposed female individuals,current_manuscript/results_20260622/female/phewas.csv
217,population_female,Population-based analysis (female),215,215.0,Other benign neoplasm of connective and other soft tissue,neoplasms,Neoplasms,Both,608,0.6596434887328987,1.0848752808448257,1.0848752808448257,0.996674915677059,1.1808809035678534,0.0596983844019274,0.0617983275718445,False,608,981.41,0.62,5740,9594.64,0.6,Matched unexposed female individuals,current_manuscript/results_20260622/female/phewas.csv
218,population_female,Population-based analysis (female),218.1,218.1,Uterine leiomyoma,neoplasms,Neoplasms,Female,2439,2.6461685345716113,1.2556236890329733,1.2556236890329733,1.20240744964842,1.3111951767445906,6.877409890072271e-25,9.77066508520612e-25,True,2439,933.76,2.61,18884,8886.52,2.13,Matched unexposed female individuals,current_manuscript/results_20260622/female/phewas.csv
219,population_female,Population-based analysis (female),220,220.0,Benign neoplasm of ovary,neoplasms,Neoplasms,Female,510,0.5533193737726617,1.6619514893847938,1.6619514893847938,1.5098775366534694,1.8293422387025402,3.208369190956043e-25,4.621846526831782e-25,True,510,942.39,0.54,2881,8933.55,0.32,Matched unexposed female individuals,current_manuscript/results_20260622/female/phewas.csv
220,population_female,Population-based analysis (female),242.1,242.1,Graves' disease,endocrine/metabolic,Endocrine/metabolic conditions,Both,552,0.5988868516127632,1.237523113657599,1.237523113657599,1.131138059265741,1.3539138253653336,3.3695206562945964e-06,3.7318347053585313e-06,True,552,966.99,0.57,4349,9411.07,0.46,Matched unexposed female individuals,current_manuscript/results_20260622/female/phewas.csv
221,population_female,Population-based analysis (female),244.4,244.4,Hypothyroidism NOS,endocrine/metabolic,Endocrine/metabolic conditions,Both,2955,3.2059975480357163,1.6641320097884644,1.6641320097884644,1.5993252367457687,1.73156483895515,2.301769155673501e-139,8.318674492434059e-139,True,2955,949.21,3.11,17346,9325.37,1.86,Matched unexposed female individuals,current_manuscript/results_20260622/female/phewas.csv
222,population_female,Population-based analysis (female),250.2,250.2,Type 2 diabetes,endocrine/metabolic,Endocrine/metabolic conditions,Both,909,0.9862104132536265,2.270896328086792,2.270896328086792,2.107066508412902,2.447464335998791,3.044960752946092e-102,8.592628974067053e-102,True,909,984.29,0.92,4041,9691.79,0.42,Matched unexposed female individuals,current_manuscript/results_20260622/female/phewas.csv
223,population_female,Population-based analysis (female),256.4,256.4,Polycystic ovaries,endocrine/metabolic,Endocrine/metabolic conditions,Female,2024,2.195918455913465,1.4569445019213516,1.4569445019213516,1.389303390819291,1.52787886051806,2.6910520805821303e-54,5.382104161164261e-54,True,2024,955.77,2.12,12589,9308.79,1.35,Matched unexposed female individuals,current_manuscript/results_20260622/female/phewas.csv
224,population_female,Population-based analysis (female),272.1,272.1,Hyperlipidemia,endocrine/metabolic,Endocrine/metabolic conditions,Both,487,0.5283657549554632,1.943705860675539,1.943705860675539,1.758543994176567,2.1483639222762076,1.0491091081023112e-38,1.7428748086215816e-38,True,487,987.82,0.49,2621,9707.25,0.27,Matched unexposed female individuals,current_manuscript/results_20260622/female/phewas.csv
225,population_female,Population-based analysis (female),276.1,276.1,Electrolyte imbalance,endocrine/metabolic,Endocrine/metabolic conditions,Both,680,0.7377591650302155,2.2268946142751984,2.2268946142751984,2.0408544550306544,2.4298938176918634,2.455740495667213e-72,5.814741863303976e-72,True,680,984.53,0.69,3095,9668.91,0.32,Matched unexposed female individuals,current_manuscript/results_20260622/female/phewas.csv
226,population_female,Population-based analysis (female),278.1,278.1,Obesity,endocrine/metabolic,Endocrine/metabolic conditions,Both,6675,7.241974156730425,1.6181889813052521,1.6181889813052521,1.5756816137114567,1.6618430756768627,4.3499704533961326e-275,2.800293479373761e-274,True,6675,915.52,7.29,39270,9094.23,4.32,Matched unexposed female individuals,current_manuscript/results_20260622/female/phewas.csv
227,population_female,Population-based analysis (female),280.1,280.1,"Iron deficiency anemias, unspecified or not due to blood loss",hematopoietic,Hematopoietic conditions,Both,1582,1.716374998643825,2.052278428163814,2.052278428163814,1.9409602966344681,2.169980887300825,7.171320053154668e-141,2.6380213052676104e-140,True,1582,968.96,1.63,7564,9517.03,0.79,Matched unexposed female individuals,current_manuscript/results_20260622/female/phewas.csv
228,population_female,Population-based analysis (female),285.1,285.1,Acute posthemorrhagic anemia,hematopoietic,Hematopoietic conditions,Both,544,0.5902073320241724,1.213345735394344,1.213345735394344,1.1078455203433153,1.3288927441286327,3.089460717002722e-05,3.385260147354046e-05,True,544,976.35,0.56,4117,9540.28,0.43,Matched unexposed female individuals,current_manuscript/results_20260622/female/phewas.csv
229,population_female,Population-based analysis (female),286.7,286.7,Other and unspecified coagulation defects,hematopoietic,Hematopoietic conditions,Both,500,0.5424699742869232,1.305975282682285,1.305975282682285,1.187638822469364,1.4361028005389838,3.6171781017032166e-08,4.1627859717925286e-08,True,500,982.25,0.51,3761,9614.49,0.39,Matched unexposed female individuals,current_manuscript/results_20260622/female/phewas.csv
230,population_female,Population-based analysis (female),289.4,289.4,Lymphadenitis,hematopoietic,Hematopoietic conditions,Both,869,0.9428128153106725,1.2878416900536547,1.2878416900536547,1.1986437168500064,1.3836773974829053,4.924514619648894e-12,5.932456208465919e-12,True,869,975.55,0.89,6465,9521.43,0.68,Matched unexposed female individuals,current_manuscript/results_20260622/female/phewas.csv
231,population_female,Population-based analysis (female),290.3,290.3,Other persistent mental disorders due to conditions classified elsewhere,mental disorders,Mental disorders,Both,3298,3.5781319503965454,8.121406457159862,8.121406457159862,7.734364876082129,8.527816297672368,0.0,0.0,True,3298,949.84,3.47,4061,9541.6,0.43,Matched unexposed female individuals,current_manuscript/results_20260622/female/phewas.csv
232,population_female,Population-based analysis (female),291.1,291.1,Transient mental disorders due to conditions classified elsewhere,mental disorders,Mental disorders,Both,703,0.762712783847414,5.527179480982885,5.527179480982885,5.016559155618697,6.08977429893987,7.184009540874833e-262,4.110849903945044e-261,True,703,969.1,0.73,1283,9560.69,0.13,Matched unexposed female individuals,current_manuscript/results_20260622/female/phewas.csv
233,population_female,Population-based analysis (female),291.8,291.8,Alteration of consciousness,mental disorders,Mental disorders,Both,598,0.6487940892471602,4.890268136892321,4.890268136892321,4.412000587156127,5.420380613802042,1.0239370741158981e-200,4.9053729597180234e-200,True,598,971.27,0.62,1193,9561.6,0.12,Matched unexposed female individuals,current_manuscript/results_20260622/female/phewas.csv
234,population_female,Population-based analysis (female),293.1,293.1,"Swelling, mass, or lump in head and neck [Space-occupying lesion, intracranial NOS]",mental disorders,Mental disorders,Both,712,0.7724772433845787,1.1317098598571915,1.1317098598571915,1.046119563876599,1.2243028914896237,0.0020442759453903,0.002170726003868,True,712,980.95,0.73,6018,9594.34,0.63,Matched unexposed female individuals,current_manuscript/results_20260622/female/phewas.csv
235,population_female,Population-based analysis (female),295.3,295.3,Psychosis,mental disorders,Mental disorders,Both,554,0.6010567315099109,5.891082088686772,5.891082088686772,5.266758726201209,6.589412953928477,2.23282055698028e-211,1.121856182287653e-210,True,554,643.43,0.86,990,6513.68,0.15,Matched unexposed female individuals,current_manuscript/results_20260622/female/phewas.csv
236,population_female,Population-based analysis (female),296.1,296.1,Bipolar,mental disorders,Mental disorders,Both,4551,4.937561705959575,12.914994891688924,12.914994891688924,12.32670157545161,13.531364577246212,0.0,0.0,True,4551,605.79,7.51,3660,6492.11,0.56,Matched unexposed female individuals,current_manuscript/results_20260622/female/phewas.csv
237,population_female,Population-based analysis (female),300.1,300.1,Anxiety disorder,mental disorders,Mental disorders,Both,20061,21.764980308339933,8.237472593032287,8.237472593032287,8.07811087125431,8.399978138752864,0.0,0.0,True,20061,478.48,41.93,31926,6310.07,5.06,Matched unexposed female individuals,current_manuscript/results_20260622/female/phewas.csv
238,population_female,Population-based analysis (female),300.3,300.3,Obsessive-compulsive disorders,mental disorders,Mental disorders,Both,1750,1.8986449100042313,6.378519842608366,6.378519842608366,5.993360598778545,6.78843108336255,0.0,0.0,True,1750,633.27,2.76,2684,6501.07,0.41,Matched unexposed female individuals,current_manuscript/results_20260622/female/phewas.csv
239,population_female,Population-based analysis (female),300.4,300.4,Dysthymic disorder,mental disorders,Mental disorders,Both,1166,1.265039980037105,28.613871262207354,28.613871262207354,25.304000511818742,32.35668716603766,0.0,0.0,True,1166,636.98,1.83,460,6515.37,0.07,Matched unexposed female individuals,current_manuscript/results_20260622/female/phewas.csv
240,population_female,Population-based analysis (female),300.8,300.8,Acute reaction to stress,mental disorders,Mental disorders,Both,4525,4.909353267296655,5.977023301110624,5.977023301110624,5.751472764370385,6.211419058320125,0.0,0.0,True,4525,612.15,7.39,7889,6464.71,1.22,Matched unexposed female individuals,current_manuscript/results_20260622/female/phewas.csv
241,population_female,Population-based analysis (female),300.9,300.9,Posttraumatic stress disorder,mental disorders,Mental disorders,Both,3399,3.6877108852025042,9.100667215512429,9.100667215512429,8.658328769529863,9.56560393721338,0.0,0.0,True,3399,626.5,5.43,3674,6500.48,0.57,Matched unexposed female individuals,current_manuscript/results_20260622/female/phewas.csv
242,population_female,Population-based analysis (female),301.2,301.2,Antisocial/borderline personality disorder,mental disorders,Mental disorders,Both,3089,3.3513795011446117,13.905658821278447,13.905658821278447,13.124171076927746,14.733680787942356,0.0,0.0,True,3089,620.47,4.98,2263,6504.47,0.35,Matched unexposed female individuals,current_manuscript/results_20260622/female/phewas.csv
243,population_female,Population-based analysis (female),303.4,303.4,Somatoform disorder,mental disorders,Mental disorders,Both,722,0.7833266428703172,5.459299858983882,5.459299858983882,4.959519241571217,6.00944436317164,4.5624678851933365e-263,2.6853382409995067e-262,True,722,642.07,1.12,1368,6508.32,0.21,Matched unexposed female individuals,current_manuscript/results_20260622/female/phewas.csv
244,population_female,Population-based analysis (female),304,304.0,Adjustment reaction,mental disorders,Mental disorders,Both,7174,7.783359191068774,6.068377734386534,6.068377734386534,5.884205399896959,6.258314559828775,0.0,0.0,True,7174,595.28,12.05,12680,6439.39,1.97,Matched unexposed female individuals,current_manuscript/results_20260622/female/phewas.csv
245,population_female,Population-based analysis (female),305.2,305.2,Eating disorder,mental disorders,Mental disorders,Both,2318,2.514890800794176,4.168308790223749,4.168308790223749,3.9656675967687325,4.381304722769437,0.0,0.0,True,2318,628.76,3.69,5577,6484.71,0.86,Matched unexposed female individuals,current_manuscript/results_20260622/female/phewas.csv
246,population_female,Population-based analysis (female),306.9,306.9,Tension headache,mental disorders,Mental disorders,Both,1534,1.6642978811122804,2.293815946169883,2.293815946169883,2.166679648112904,2.4284123402764606,4.033434711476213e-179,1.7678458522640421e-178,True,1534,635.99,2.41,6520,6471.48,1.01,Matched unexposed female individuals,current_manuscript/results_20260622/female/phewas.csv
247,population_female,Population-based analysis (female),312.3,312.3,Impulse control disorder,mental disorders,Mental disorders,Both,519,0.5630838333098263,9.096527658835166,9.096527658835166,8.020334190508054,10.317128124895694,7.373682735681244e-259,4.1053476852711794e-258,True,519,948.88,0.55,582,9365.83,0.06,Matched unexposed female individuals,current_manuscript/results_20260622/female/phewas.csv
248,population_female,Population-based analysis (female),313.1,313.1,Attention deficit hyperactivity disorder,mental disorders,Mental disorders,Both,13673,14.834383916850202,8.748801925760745,8.748801925760745,8.54137665684719,8.961264467225602,0.0,0.0,True,13673,869.12,15.73,17068,9287.79,1.84,Matched unexposed female individuals,current_manuscript/results_20260622/female/phewas.csv
249,population_female,Population-based analysis (female),313.3,313.3,Autism,mental disorders,Mental disorders,Both,5007,5.432294322509249,12.198438260707311,12.198438260707311,11.683814064074422,12.735729547239755,0.0,0.0,True,5007,923.8,5.42,4164,9348.91,0.45,Matched unexposed female individuals,current_manuscript/results_20260622/female/phewas.csv
250,population_female,Population-based analysis (female),315.3,315.3,Mental retardation,mental disorders,Mental disorders,Both,515,0.5587440735155309,2.7482247663492227,2.7482247663492227,2.4727048357009287,3.0544443709288474,1.71685780593728e-78,4.2611169641334897e-78,True,515,948.81,0.54,1737,9357.85,0.19,Matched unexposed female individuals,current_manuscript/results_20260622/female/phewas.csv
251,population_female,Population-based analysis (female),317.1,317.1,Alcoholism,mental disorders,Mental disorders,Both,534,0.579357932538434,3.6897133921038123,3.6897133921038123,3.324999309680323,4.094432403710519,1.791179177460875e-133,6.1497151759490034e-133,True,534,952.83,0.56,1497,9378.31,0.16,Matched unexposed female individuals,current_manuscript/results_20260622/female/phewas.csv
252,population_female,Population-based analysis (female),318,318.0,Tobacco use disorder,mental disorders,Mental disorders,Both,2120,2.3000726909765543,2.712677059487687,2.712677059487687,2.5769774587077072,2.855522388915631,0.0,0.0,True,2120,942.19,2.25,7395,9338.41,0.79,Matched unexposed female individuals,current_manuscript/results_20260622/female/phewas.csv
253,population_female,Population-based analysis (female),327.3,327.3,Sleep apnea,neurological,Neurological conditions,Both,1181,1.2813140792657127,3.4523655400072912,3.4523655400072912,3.219818289085927,3.701708218203043,9.953931701212202e-266,6.030911560146216e-265,True,1181,957.24,1.23,3493,9438.79,0.37,Matched unexposed female individuals,current_manuscript/results_20260622/female/phewas.csv
254,population_female,Population-based analysis (female),327.4,327.4,Insomnia,neurological,Neurological conditions,Both,1812,1.9659111868158097,12.341233411456807,12.341233411456807,11.459584415774264,13.29071252413016,0.0,0.0,True,1812,952.45,1.9,1471,9448.41,0.16,Matched unexposed female individuals,current_manuscript/results_20260622/female/phewas.csv
255,population_female,Population-based analysis (female),338.1,338.1,Acute pain,neurological,Neurological conditions,Both,4208,4.565427303598746,2.2525932827649275,2.2525932827649275,2.176296739143359,2.331564628247794,0.0,0.0,True,4208,941.54,4.47,18119,9348.72,1.94,Matched unexposed female individuals,current_manuscript/results_20260622/female/phewas.csv
256,population_female,Population-based analysis (female),338.2,338.2,Chronic pain,neurological,Neurological conditions,Both,2550,2.7665968688633082,3.876382321302293,3.876382321302293,3.6940219082150487,4.0677452040791175,0.0,0.0,True,2550,954.86,2.67,6210,9425.53,0.66,Matched unexposed female individuals,current_manuscript/results_20260622/female/phewas.csv
257,population_female,Population-based analysis (female),339,339.0,Other headache syndromes,neurological,Neurological conditions,Both,7205,7.816992329474564,1.9507765554399463,1.9507765554399463,1.9008675183694872,2.001996000498984,0.0,0.0,True,7205,874.38,8.24,35229,8611.54,4.09,Matched unexposed female individuals,current_manuscript/results_20260622/female/phewas.csv
258,population_female,Population-based analysis (female),340.1,340.1,Migrain with aura,neurological,Neurological conditions,Both,1234,1.3388158965401264,1.5485268516660313,1.5485268516660313,1.4565859369432634,1.6462711533264753,1.4909599814356894e-44,2.6707630971804525e-44,True,1234,919.26,1.34,7618,8790.92,0.87,Matched unexposed female individuals,current_manuscript/results_20260622/female/phewas.csv
259,population_female,Population-based analysis (female),345.3,345.3,Convulsions,neurological,Neurological conditions,Both,1640,1.779301515661108,3.8548970905717694,3.8548970905717694,3.632955137170346,4.090397766506168,0.0,0.0,True,1640,956.87,1.71,4184,9374.06,0.45,Matched unexposed female individuals,current_manuscript/results_20260622/female/phewas.csv
260,population_female,Population-based analysis (female),350.1,350.1,Abnormal involuntary movements,neurological,Neurological conditions,Both,603,0.6542187889900294,3.1213478427931616,3.1213478427931616,2.841675434723023,3.428545088809255,7.396500403119776e-125,2.457546908133345e-124,True,603,985.25,0.61,1859,9681.03,0.19,Matched unexposed female individuals,current_manuscript/results_20260622/female/phewas.csv
261,population_female,Population-based analysis (female),351,351.0,Other peripheral nerve disorders,neurological,Neurological conditions,Both,2926,3.1745342895270747,1.6612561553699179,1.6612561553699179,1.5959276651673995,1.729258834212241,9.55309580036762e-136,3.3929960946133277e-135,True,2926,955.37,3.06,17611,9373.73,1.88,Matched unexposed female individuals,current_manuscript/results_20260622/female/phewas.csv
262,population_female,Population-based analysis (female),367.1,367.1,Myopia,sense organs,Conditions of the sense organs,Both,721,0.7822417029217433,1.8469182146532694,1.8469182146532694,1.7029571541562756,2.003049156752297,1.1241910999675913e-49,2.144290431419665e-49,True,721,959.46,0.75,3973,9237.72,0.43,Matched unexposed female individuals,current_manuscript/results_20260622/female/phewas.csv
263,population_female,Population-based analysis (female),367.2,367.2,Astigmatism,sense organs,Conditions of the sense organs,Both,546,0.5923772119213202,1.7726968582076723,1.7726968582076723,1.61560208079707,1.9450669124844144,1.1588753670209297e-33,1.7815546687038168e-33,True,546,960.42,0.57,3043,9242.04,0.33,Matched unexposed female individuals,current_manuscript/results_20260622/female/phewas.csv
264,population_female,Population-based analysis (female),368.9,368.9,Subjective visual disturbances,sense organs,Conditions of the sense organs,Both,582,0.6314350500699786,2.507922303939322,2.507922303939322,2.2813551073420957,2.7569904669177667,9.106376323578658e-81,2.344891903321504e-80,True,582,977.5,0.6,2167,9548.19,0.23,Matched unexposed female individuals,current_manuscript/results_20260622/female/phewas.csv
265,population_female,Population-based analysis (female),378.1,378.1,Strabismus (not specified as paralytic),sense organs,Conditions of the sense organs,Both,765,0.8299790606589925,2.054930935069478,2.054930935069478,1.8977051964555272,2.225182897634796,2.2388084696129725e-70,5.068071920222773e-70,True,765,971.71,0.79,3697,9475.07,0.39,Matched unexposed female individuals,current_manuscript/results_20260622/female/phewas.csv
266,population_female,Population-based analysis (female),380.1,380.1,Otitis externa,sense organs,Conditions of the sense organs,Both,1511,1.639344262295082,1.6647158619367124,1.6647158619367124,1.5746423067202282,1.7599418541953817,4.1748691868912714e-72,9.772989232950022e-72,True,1511,961.86,1.57,8986,9376.07,0.96,Matched unexposed female individuals,current_manuscript/results_20260622/female/phewas.csv
267,population_female,Population-based analysis (female),380.4,380.4,Impacted cerumen,sense organs,Conditions of the sense organs,Both,669,0.7258248255959032,1.3412439517871861,1.3412439517871861,1.2353940930983711,1.456163137136243,2.559906843709584e-12,3.1203598213264745e-12,True,669,968.69,0.69,4893,9401.9,0.52,Matched unexposed female individuals,current_manuscript/results_20260622/female/phewas.csv
268,population_female,Population-based analysis (female),381.1,381.1,Otitis media,sense organs,Conditions of the sense organs,Both,1037,1.1250827266710788,1.318370320938488,1.318370320938488,1.2342746994495715,1.4081956827816067,2.0523052211506604e-16,2.642342972231475e-16,True,1037,950.37,1.09,7518,9131.77,0.82,Matched unexposed female individuals,current_manuscript/results_20260622/female/phewas.csv
269,population_female,Population-based analysis (female),386.9,386.9,Dizziness and giddiness (Light-headedness and vertigo),sense organs,Conditions of the sense organs,Both,5248,5.693764850115546,1.9260981513457236,1.9260981513457236,1.8686061521793884,1.9853590251164193,0.0,0.0,True,5248,934.13,5.62,26335,9280.71,2.84,Matched unexposed female individuals,current_manuscript/results_20260622/female/phewas.csv
270,population_female,Population-based analysis (female),389.1,389.1,Sensorineural hearing loss,sense organs,Conditions of the sense organs,Both,831,0.9015850972648664,1.4312372750261455,1.4312372750261455,1.3290531664604406,1.5412777976969205,2.3743781596095923e-21,3.239217886619709e-21,True,831,972.26,0.85,6084,9484.99,0.64,Matched unexposed female individuals,current_manuscript/results_20260622/female/phewas.csv
271,population_female,Population-based analysis (female),401.1,401.1,Essential hypertension,circulatory system,Circulatory system conditions,Both,2061,2.2360612340106973,1.7756373151677685,1.7756373151677685,1.6922046206288295,1.8631835870088669,6.3848752702910164e-121,2.055131727624921e-120,True,2061,976.18,2.11,12329,9618.6,1.28,Matched unexposed female individuals,current_manuscript/results_20260622/female/phewas.csv
272,population_female,Population-based analysis (female),427.7,427.7,Tachycardia NOS,circulatory system,Circulatory system conditions,Both,807,0.875546538499094,2.581146072218714,2.581146072218714,2.3842735547894978,2.7942746052553082,2.3628268686952003e-121,7.7260688087493845e-121,True,807,972.06,0.83,3048,9491.58,0.32,Matched unexposed female individuals,current_manuscript/results_20260622/female/phewas.csv
273,population_female,Population-based analysis (female),427.9,427.9,Palpitations,circulatory system,Circulatory system conditions,Both,2572,2.790465547731933,1.6472147108601325,1.6472147108601325,1.578634323173346,1.718774426632106,4.373989278597968e-117,1.3448384946137034e-116,True,2572,959.79,2.68,15105,9416.23,1.6,Matched unexposed female individuals,current_manuscript/results_20260622/female/phewas.csv
274,population_female,Population-based analysis (female),451.2,451.2,Phlebitis and thrombophlebitis of lower extremities,circulatory system,Circulatory system conditions,Both,562,0.6097362510985017,1.468721448143824,1.468721448143824,1.341615082293751,1.6078700371716441,8.555039241508108e-17,1.1154038504751076e-16,True,562,973.84,0.58,3874,9484.36,0.41,Matched unexposed female individuals,current_manuscript/results_20260622/female/phewas.csv
275,population_female,Population-based analysis (female),454.1,454.1,Varicose veins of lower extremity,circulatory system,Circulatory system conditions,Both,832,0.9026700372134402,0.8449183171693944,0.8449183171693944,0.7865125615168681,0.9076612346935169,4.007828634481729e-06,4.415041169536023e-06,False,832,971.5,0.86,9853,9431.34,1.04,Matched unexposed female individuals,current_manuscript/results_20260622/female/phewas.csv
276,population_female,Population-based analysis (female),455,455.0,Hemorrhoids,circulatory system,Circulatory system conditions,Both,633,0.6867669874472448,1.6903314824389108,1.6903314824389108,1.550061608940425,1.843294811021889,1.5698191207597518e-32,2.3954276953815468e-32,True,633,969.38,0.65,3694,9462.18,0.39,Matched unexposed female individuals,current_manuscript/results_20260622/female/phewas.csv
277,population_female,Population-based analysis (female),459.9,459.9,Circulatory disease NEC,circulatory system,Circulatory system conditions,Both,786,0.8527627995790433,1.9750154645566194,1.9750154645566194,1.8262600831128142,2.1358875010777094,4.53094394949831e-65,1.0036284447275828e-64,True,786,982.45,0.8,3943,9644.43,0.41,Matched unexposed female individuals,current_manuscript/results_20260622/female/phewas.csv
278,population_female,Population-based analysis (female),464,464.0,Acute sinusitis,respiratory,Respiratory conditions,Both,1214,1.3171170975686495,1.832692603919243,1.832692603919243,1.7213473738197789,1.95124019215656,5.021963721631263e-80,1.2616152764098051e-79,True,1214,929.02,1.31,6517,8894.98,0.73,Matched unexposed female individuals,current_manuscript/results_20260622/female/phewas.csv
279,population_female,Population-based analysis (female),470,470.0,Septal Deviations/Turbinate Hypertrophy,respiratory,Respiratory conditions,Both,1043,1.1315923663625218,1.45449519370153,1.45449519370153,1.3603910224706406,1.555108960259629,4.836596829370402e-28,7.116706763216449e-28,True,1043,890.94,1.17,6256,8224.65,0.76,Matched unexposed female individuals,current_manuscript/results_20260622/female/phewas.csv
280,population_female,Population-based analysis (female),472,472.0,Chronic pharyngitis and nasopharyngitis,respiratory,Respiratory conditions,Both,854,0.9265387160820648,1.772660452142999,1.772660452142999,1.6440520845525473,1.9113293965057385,3.407209797798791e-50,6.559674937818233e-50,True,854,892.32,0.96,4356,8234.47,0.53,Matched unexposed female individuals,current_manuscript/results_20260622/female/phewas.csv
281,population_female,Population-based analysis (female),473.4,473.4,Voice disturbance,respiratory,Respiratory conditions,Both,807,0.875546538499094,1.219750110758326,1.219750110758326,1.1316548471644927,1.3147032740793707,2.061471103257245e-07,2.320563099841489e-07,True,807,893.0,0.9,6318,8223.03,0.77,Matched unexposed female individuals,current_manuscript/results_20260622/female/phewas.csv
282,population_female,Population-based analysis (female),474.1,474.1,Acute tonsillitis,respiratory,Respiratory conditions,Both,1384,1.5015568888262034,1.4576625628791509,1.4576625628791509,1.3763318988954225,1.5437992456068628,7.106035470811723e-38,1.1526325251867837e-37,True,1384,886.6,1.56,8526,8195.1,1.04,Matched unexposed female individuals,current_manuscript/results_20260622/female/phewas.csv
283,population_female,Population-based analysis (female),474.2,474.2,Chronic tonsillitis and adenoiditis,respiratory,Respiratory conditions,Both,1808,1.9615714270215143,1.33515358568616,1.33515358568616,1.2699676293603217,1.403685461076293,1.066579295621478e-29,1.5806858625757153e-29,True,1808,883.12,2.05,12002,8168.52,1.47,Matched unexposed female individuals,current_manuscript/results_20260622/female/phewas.csv
284,population_female,Population-based analysis (female),476,476.0,Allergic rhinitis,respiratory,Respiratory conditions,Both,2779,3.015048117086719,1.3975126424149225,1.3975126424149225,1.341982611126597,1.455340456364004,7.07043573132792e-59,1.4712219804581328e-58,True,2779,876.31,3.17,18166,8122.85,2.24,Matched unexposed female individuals,current_manuscript/results_20260622/female/phewas.csv
285,population_female,Population-based analysis (female),477,477.0,Epistaxis or throat hemorrhage,respiratory,Respiratory conditions,Both,699,0.7583730240531187,1.7333384682127766,1.7333384682127766,1.596301492634898,1.8821395953385782,3.7528580967382606e-39,6.389163371306462e-39,True,699,893.47,0.78,3753,8237.16,0.46,Matched unexposed female individuals,current_manuscript/results_20260622/female/phewas.csv
286,population_female,Population-based analysis (female),479,479.0,Other upper respiratory disease,respiratory,Respiratory conditions,Both,643,0.6976163869329832,1.656427384267954,1.656427384267954,1.5201674213601737,1.8049009870885122,1.0137241339105167e-30,1.5242859239822369e-30,True,643,893.44,0.72,3476,8242.03,0.42,Matched unexposed female individuals,current_manuscript/results_20260622/female/phewas.csv
287,population_female,Population-based analysis (female),480.1,480.1,Bacterial pneumonia,respiratory,Respiratory conditions,Both,940,1.0198435516594158,1.8103775031805487,1.8103775031805487,1.6861407077149342,1.943768209275889,3.4868559512270274e-60,7.405075525286263e-60,True,940,959.68,0.98,5171,9299.04,0.56,Matched unexposed female individuals,current_manuscript/results_20260622/female/phewas.csv
288,population_female,Population-based analysis (female),481,481.0,Influenza,respiratory,Respiratory conditions,Both,625,0.678087467858654,2.017661211165277,2.017661211165277,1.8470990957105786,2.203973123312497,1.0437073442706993e-54,2.10787953842906e-54,True,625,962.1,0.65,2918,9320.47,0.31,Matched unexposed female individuals,current_manuscript/results_20260622/female/phewas.csv
289,population_female,Population-based analysis (female),483,483.0,Acute bronchitis and bronchiolitis,respiratory,Respiratory conditions,Both,499,0.5413850343383494,1.7689570557867726,1.7689570557867726,1.6039812598026153,1.9509012627759037,3.349123716321894e-30,4.9994165620457255e-30,True,499,961.57,0.52,2723,9317.89,0.29,Matched unexposed female individuals,current_manuscript/results_20260622/female/phewas.csv
290,population_female,Population-based analysis (female),507,507.0,Pleurisy; pleural effusion,respiratory,Respiratory conditions,Both,500,0.5424699742869232,1.40893565784511,1.40893565784511,1.2810330496790694,1.5496084885903212,1.6560504877874461e-12,2.030633336215559e-12,True,500,983.76,0.51,3549,9652.72,0.37,Matched unexposed female individuals,current_manuscript/results_20260622/female/phewas.csv
291,population_female,Population-based analysis (female),512.7,512.7,Shortness of breath,respiratory,Respiratory conditions,Both,3933,4.267068817740938,2.0427940074866333,2.0427940074866333,1.9722952732501295,2.1158126846527567,0.0,0.0,True,3933,949.74,4.14,18630,9332.18,2.0,Matched unexposed female individuals,current_manuscript/results_20260622/female/phewas.csv
292,population_female,Population-based analysis (female),512.8,512.8,Cough,respiratory,Respiratory conditions,Both,1204,1.306267698082911,1.6318276118513313,1.6318276118513313,1.5330489957957207,1.7369708092194895,2.5515412791889263e-53,5.054014456854989e-53,True,1204,964.43,1.25,7023,9384.35,0.75,Matched unexposed female individuals,current_manuscript/results_20260622/female/phewas.csv
293,population_female,Population-based analysis (female),512.9,512.9,Other dyspnea,respiratory,Respiratory conditions,Both,792,0.8592724392704864,1.7661294096156552,1.7661294096156552,1.6351508878106484,1.9075995461713926,1.9325136734518358e-47,3.5544447922417696e-47,True,792,966.12,0.82,4367,9395.79,0.46,Matched unexposed female individuals,current_manuscript/results_20260622/female/phewas.csv
294,population_female,Population-based analysis (female),520.2,520.2,Disturbances in tooth eruption,digestive,Digestive conditions,Both,554,0.6010567315099109,1.4516940284238806,1.4516940284238806,1.3235273627002067,1.5922719934267862,2.705526272892351e-15,3.3984049525355138e-15,True,554,970.16,0.57,3807,9410.73,0.4,Matched unexposed female individuals,current_manuscript/results_20260622/female/phewas.csv
295,population_female,Population-based analysis (female),526.4,526.4,Temporomandibular joint disorders,digestive,Digestive conditions,Both,588,0.6379446897614217,1.761885367467156,1.761885367467156,1.6105242189398672,1.9274718204102832,4.3737830609400405e-35,6.877857332470595e-35,True,588,970.68,0.61,3314,9421.05,0.35,Matched unexposed female individuals,current_manuscript/results_20260622/female/phewas.csv
296,population_female,Population-based analysis (female),530.1,530.1,"Esophagitis, GERD and related diseases",digestive,Digestive conditions,Both,1900,2.0613859022903083,2.0091186344629643,2.0091186344629643,1.9098808138330852,2.1135128737405613,1.6519242597668556e-160,6.805927950239445e-160,True,1900,964.84,1.97,9156,9486.82,0.97,Matched unexposed female individuals,current_manuscript/results_20260622/female/phewas.csv
297,population_female,Population-based analysis (female),532,532.0,Dysphagia,digestive,Digestive conditions,Both,971,1.0534766900652048,1.6931351695594334,1.6931351695594334,1.5790973690296721,1.8154084470171672,1.4283744735666522e-49,2.6749558323157305e-49,True,971,973.47,1.0,5751,9523.96,0.6,Matched unexposed female individuals,current_manuscript/results_20260622/female/phewas.csv
298,population_female,Population-based analysis (female),540.1,540.1,Appendicitis,digestive,Digestive conditions,Both,1949,2.1145479597704266,1.1756102167304987,1.1756102167304987,1.120933332656694,1.2329541297568056,2.7712507828189524e-11,3.319056170120374e-11,True,1949,958.97,2.03,15711,9326.68,1.68,Matched unexposed female individuals,current_manuscript/results_20260622/female/phewas.csv
299,population_female,Population-based analysis (female),550.2,550.2,Diaphragmatic hernia,digestive,Digestive conditions,Both,1452,1.575332805329225,1.9837106762672059,1.9837106762672059,1.8724187856292025,2.1016174785995605,1.350609836064023e-119,4.280394249679825e-119,True,1452,969.78,1.5,7322,9503.93,0.77,Matched unexposed female individuals,current_manuscript/results_20260622/female/phewas.csv
300,population_female,Population-based analysis (female),550.4,550.4,Umbilical hernia,digestive,Digestive conditions,Both,711,0.7713923034360048,1.1591649703627367,1.1591649703627367,1.071117232814921,1.254450388203414,0.0002477620048121,0.0002672197538812,True,711,975.71,0.73,6114,9520.81,0.64,Matched unexposed female individuals,current_manuscript/results_20260622/female/phewas.csv
301,population_female,Population-based analysis (female),550.5,550.5,Ventral hernia,digestive,Digestive conditions,Both,665,0.7214850658016079,1.7556153531930185,1.7556153531930185,1.6129812263228538,1.9108624564673748,9.603842011121643e-39,1.6084483368219988e-38,True,665,975.87,0.68,3732,9531.82,0.39,Matched unexposed female individuals,current_manuscript/results_20260622/female/phewas.csv
302,population_female,Population-based analysis (female),558,558.0,Noninfectious gastroenteritis,digestive,Digestive conditions,Both,717,0.7779019431274479,1.7878489648505438,1.7878489648505438,1.6475997782196468,1.940036629873252,3.634108104051631e-44,6.453674736505483e-44,True,717,915.83,0.78,3688,8690.63,0.42,Matched unexposed female individuals,current_manuscript/results_20260622/female/phewas.csv
303,population_female,Population-based analysis (female),562.1,562.1,Diverticulosis,digestive,Digestive conditions,Both,573,0.621670590532814,1.5567491693662618,1.5567491693662618,1.42196917318893,1.7043041593423855,9.747877837375319e-22,1.3476931775163197e-21,True,573,918.7,0.62,3930,8703.13,0.45,Matched unexposed female individuals,current_manuscript/results_20260622/female/phewas.csv
304,population_female,Population-based analysis (female),563,563.0,Constipation,digestive,Digestive conditions,Both,2449,2.65701793405735,2.5822279367351255,2.5822279367351255,2.4662110458833726,2.7037025595945967,0.0,0.0,True,2449,904.8,2.71,8772,8663.95,1.01,Matched unexposed female individuals,current_manuscript/results_20260622/female/phewas.csv
305,population_female,Population-based analysis (female),564.1,564.1,Irritable Bowel Syndrome,digestive,Digestive conditions,Both,1931,2.0950190406960973,2.254533347450029,2.254533347450029,2.1434383665058876,2.371386410820911,3.163441745445733e-218,1.6291724989045525e-217,True,1931,904.98,2.13,8196,8653.22,0.95,Matched unexposed female individuals,current_manuscript/results_20260622/female/phewas.csv
306,population_female,Population-based analysis (female),574.1,574.1,Cholelithiasis,digestive,Digestive conditions,Both,3852,4.1791886819064565,1.6672395849893835,1.6672395849893835,1.6098346735136837,1.726691491672573,7.847621265114003e-180,3.514369523072792e-179,True,3852,946.15,4.07,22411,9311.28,2.41,Matched unexposed female individuals,current_manuscript/results_20260622/female/phewas.csv
307,population_female,Population-based analysis (female),578.8,578.8,Hemorrhage of rectum and anus,digestive,Digestive conditions,Both,621,0.6737477080643587,1.7808416090560626,1.7808416090560626,1.6311842074280307,1.9442297332843146,5.430645948336434e-38,8.878675121883378e-38,True,621,978.44,0.63,3431,9586.38,0.36,Matched unexposed female individuals,current_manuscript/results_20260622/female/phewas.csv
308,population_female,Population-based analysis (female),578.9,578.9,Hemorrhage of gastrointestinal tract,digestive,Digestive conditions,Both,787,0.8538477395276172,2.4353633822441534,2.4353633822441534,2.2478557434174777,2.63851220032413,4.013317394831319e-105,1.1810619761932169e-104,True,787,977.57,0.81,3256,9591.45,0.34,Matched unexposed female individuals,current_manuscript/results_20260622/female/phewas.csv
309,population_female,Population-based analysis (female),590,590.0,Pyelonephritis,genitourinary,Genitourinary conditions,Both,1906,2.0678955419817515,1.7991735496317978,1.7991735496317978,1.7118615969074422,1.8909387695491973,1.799647215145844e-118,5.617080701818845e-118,True,1906,910.27,2.09,10029,8701.32,1.15,Matched unexposed female individuals,current_manuscript/results_20260622/female/phewas.csv
310,population_female,Population-based analysis (female),591,591.0,Urinary tract infection,genitourinary,Genitourinary conditions,Both,3822,4.146640483449241,1.9285034058910586,1.9285034058910586,1.8613505058513828,1.998079015661955,8.094051846151876e-289,5.557915601024288e-288,True,3822,891.95,4.29,18607,8629.76,2.16,Matched unexposed female individuals,current_manuscript/results_20260622/female/phewas.csv
311,population_female,Population-based analysis (female),592.1,592.1,Cystitis,genitourinary,Genitourinary conditions,Both,2285,2.479087782491239,1.8509572663833338,1.8509572663833338,1.7681436833329256,1.9376495441361545,3.4942712843120654e-153,1.332999786237566e-152,True,2285,905.48,2.52,11327,8682.79,1.3,Matched unexposed female individuals,current_manuscript/results_20260622/female/phewas.csv
312,population_female,Population-based analysis (female),594.1,594.1,Calculus of kidney,genitourinary,Genitourinary conditions,Both,1129,1.2248972019398727,1.6339776509127235,1.6339776509127235,1.5324248312719,1.7422603113695838,7.508888210097272e-51,1.4592745012075834e-50,True,1129,975.61,1.16,6821,9573.23,0.71,Matched unexposed female individuals,current_manuscript/results_20260622/female/phewas.csv
313,population_female,Population-based analysis (female),594.3,594.3,Calculus of ureter,genitourinary,Genitourinary conditions,Both,866,0.939557995464951,1.5006444734601792,1.5006444734601792,1.394864689399319,1.6144460841548331,1.3816237196171524e-27,2.0185424556108756e-27,True,866,977.68,0.89,5665,9580.55,0.59,Matched unexposed female individuals,current_manuscript/results_20260622/female/phewas.csv
314,population_female,Population-based analysis (female),599.2,599.2,Retention of urine,genitourinary,Genitourinary conditions,Both,865,0.9384730555163772,2.5674309714915218,2.5674309714915218,2.3766814173019997,2.773489852441719,1.2069114395488476e-126,4.075799287656764e-126,True,865,966.52,0.89,3187,9435.81,0.34,Matched unexposed female individuals,current_manuscript/results_20260622/female/phewas.csv
315,population_female,Population-based analysis (female),599.4,599.4,Urinary incontinence,genitourinary,Genitourinary conditions,Both,3024,3.2808584044873115,1.537295987740266,1.537295987740266,1.478143558113223,1.5988155825263206,2.3751377014366125e-102,6.795532867999197e-102,True,3024,953.42,3.17,19469,9346.8,2.08,Matched unexposed female individuals,current_manuscript/results_20260622/female/phewas.csv
316,population_female,Population-based analysis (female),599.8,599.8,Other symptoms involving urinary system,genitourinary,Genitourinary conditions,Both,574,0.6227555304813879,1.8783386143457899,1.8783386143457899,1.7132613271203263,2.0593215374052924,3.9469426194219037e-41,6.832522517654725e-41,True,574,967.92,0.59,2979,9436.48,0.32,Matched unexposed female individuals,current_manuscript/results_20260622/female/phewas.csv
317,population_female,Population-based analysis (female),610.4,610.4,Benign neoplasm of breast,genitourinary,Genitourinary conditions,Female,682,0.7399290449273632,1.0675060794553957,1.0675060794553957,0.9853203515737484,1.1565469320248134,0.1099992361380561,0.1127355355444754,False,682,961.82,0.71,6070,9265.11,0.66,Matched unexposed female individuals,current_manuscript/results_20260622/female/phewas.csv
318,population_female,Population-based analysis (female),611.3,611.3,Lump or mass in breast,genitourinary,Genitourinary conditions,Both,912,0.989465233099348,1.1253710692478054,1.1253710692478054,1.0493881190447991,1.2068557100234165,0.0009275534054623,0.0009900310959857,True,912,959.14,0.95,7447,9250.27,0.81,Matched unexposed female individuals,current_manuscript/results_20260622/female/phewas.csv
319,population_female,Population-based analysis (female),612.2,612.2,Hypertrophy of breast (Gynecomastia),genitourinary,Genitourinary conditions,Both,750,0.8137049614303848,1.6441201370875735,1.6441201370875735,1.519195542013607,1.7793173758224803,6.097960508970793e-35,9.516514127636235e-35,True,750,961.04,0.78,4439,9279.08,0.48,Matched unexposed female individuals,current_manuscript/results_20260622/female/phewas.csv
320,population_female,Population-based analysis (female),613.7,613.7,Other signs and symptoms in breast,genitourinary,Genitourinary conditions,Both,467,0.5066669559839863,1.397776814674165,1.397776814674165,1.2655076641849097,1.5438705579859513,4.0377162318135625e-11,4.7802847342160567e-11,True,467,981.45,0.48,3106,9595.37,0.32,Matched unexposed female individuals,current_manuscript/results_20260622/female/phewas.csv
321,population_female,Population-based analysis (female),614.3,614.3,Pelvic inflammatory disease (PID),genitourinary,Genitourinary conditions,Female,897,0.9731911338707403,2.1290957356113074,2.1290957356113074,1.9769090372010798,2.292998092525377,9.68504905279274e-89,2.625158032730664e-88,True,897,880.73,1.02,3954,8287.39,0.48,Matched unexposed female individuals,current_manuscript/results_20260622/female/phewas.csv
322,population_female,Population-based analysis (female),614.4,614.4,"Inflammatory diseases of uterus, except cervix",genitourinary,Genitourinary conditions,Female,1267,1.3746189148430634,2.3909074170289153,2.3909074170289153,2.243549862003126,2.5479434950913142,6.961748373512198e-159,2.812000323418653e-158,True,1267,876.77,1.45,4989,8278.44,0.6,Matched unexposed female individuals,current_manuscript/results_20260622/female/phewas.csv
323,population_female,Population-based analysis (female),614.5,614.5,"Inflammatory disease of cervix, vagina, and vulva",genitourinary,Genitourinary conditions,Female,11474,12.448600969936313,1.6289359846138272,1.6289359846138272,1.5962221345141214,1.6623202902630494,0.0,0.0,True,11474,794.83,14.44,66372,7816.65,8.49,Matched unexposed female individuals,current_manuscript/results_20260622/female/phewas.csv
324,population_female,Population-based analysis (female),615,615.0,Endometriosis,genitourinary,Genitourinary conditions,Female,1790,1.942042507947185,1.7577385821720077,1.7577385821720077,1.6696453949989027,1.8504797081526947,1.5352391018005534e-102,4.45435570381569e-102,True,1790,876.49,2.04,9572,8257.54,1.16,Matched unexposed female individuals,current_manuscript/results_20260622/female/phewas.csv
325,population_female,Population-based analysis (female),618.1,618.1,Prolapse of vaginal walls,genitourinary,Genitourinary conditions,Female,1528,1.6577882414208374,1.4798120814244868,1.4798120814244868,1.4004258211823473,1.5636985288382053,4.0894793797805744e-44,7.200279933630755e-44,True,1528,981.08,1.56,10060,9643.84,1.04,Matched unexposed female individuals,current_manuscript/results_20260622/female/phewas.csv
326,population_female,Population-based analysis (female),619.3,619.3,Noninflammatory disorders of cervix,genitourinary,Genitourinary conditions,Female,537,0.5826127523841556,1.6204420168810392,1.6204420168810392,1.475888849998123,1.779153172731693,4.2682324599122426e-24,6.0223005941227535e-24,True,537,953.88,0.56,3048,9197.49,0.33,Matched unexposed female individuals,current_manuscript/results_20260622/female/phewas.csv
327,population_female,Population-based analysis (female),619.4,619.4,Noninflammatory disorders of vagina,genitourinary,Genitourinary conditions,Female,1614,1.751093076998188,1.6864916814651063,1.6864916814651063,1.5979008107014527,1.7799942102804367,2.2930554057016447e-80,5.83172115524122e-80,True,1614,943.78,1.71,8897,9150.02,0.97,Matched unexposed female individuals,current_manuscript/results_20260622/female/phewas.csv
328,population_female,Population-based analysis (female),619.5,619.5,Noninflammatory disorders of vulva and perineum,genitourinary,Genitourinary conditions,Female,1317,1.4288659122717557,1.5458075011125934,1.5458075011125934,1.4568031619537078,1.640249618411997,5.537325478588931e-47,1.009459335034796e-46,True,1317,948.45,1.39,8064,9165.63,0.88,Matched unexposed female individuals,current_manuscript/results_20260622/female/phewas.csv
329,population_female,Population-based analysis (female),622.1,622.1,Polyp of corpus uteri,genitourinary,Genitourinary conditions,Female,914,0.9916351129964956,1.344548481881284,1.344548481881284,1.2524014913189832,1.44347530137907,2.9979153500183845e-16,3.8358420006446413e-16,True,914,981.99,0.93,6661,9624.23,0.69,Matched unexposed female individuals,current_manuscript/results_20260622/female/phewas.csv
330,population_female,Population-based analysis (female),622.2,622.2,Mucous polyp of cervix,genitourinary,Genitourinary conditions,Female,744,0.8071953217389417,1.015230004536506,1.015230004536506,0.9401797021598688,1.09627123383263,0.699678046168466,0.699678046168466,False,744,982.77,0.76,7200,9618.82,0.75,Matched unexposed female individuals,current_manuscript/results_20260622/female/phewas.csv
331,population_female,Population-based analysis (female),624.9,624.9,"stress incontinence, female",genitourinary,Genitourinary conditions,Female,1668,1.809679834221176,1.2419592282007705,1.2419592282007705,1.1789527075408046,1.3083329930430374,3.4183959790129233e-16,4.3468492078806297e-16,True,1668,963.94,1.73,13244,9410.75,1.41,Matched unexposed female individuals,current_manuscript/results_20260622/female/phewas.csv
332,population_female,Population-based analysis (female),625.1,625.1,Dyspareunia,genitourinary,Genitourinary conditions,Female,2297,2.4921070618741252,1.9843713572113748,1.9843713572113748,1.8955752712463463,2.0773269956892007,3.179186382269234e-189,1.4884372607896867e-188,True,2297,958.65,2.4,10760,9418.11,1.14,Matched unexposed female individuals,current_manuscript/results_20260622/female/phewas.csv
333,population_female,Population-based analysis (female),626.1,626.1,Irregular menstrual cycle/bleeding,genitourinary,Genitourinary conditions,Female,12855,13.946903038916796,1.5626445299031542,1.5626445299031542,1.532883349658593,1.5929835283161666,0.0,0.0,True,12855,763.46,16.84,76852,7372.67,10.42,Matched unexposed female individuals,current_manuscript/results_20260622/female/phewas.csv
334,population_female,Population-based analysis (female),626.2,626.2,Dysmenorrhea,genitourinary,Genitourinary conditions,Female,4823,5.232665371971661,1.930773714009492,1.930773714009492,1.870413192561301,1.9930821433124757,0.0,0.0,True,4823,828.54,5.82,22379,7768.53,2.88,Matched unexposed female individuals,current_manuscript/results_20260622/female/phewas.csv
335,population_female,Population-based analysis (female),626.4,626.4,Premenstrual tension syndromes,genitourinary,Genitourinary conditions,Female,2423,2.62880949539443,2.4090322725134405,2.4090322725134405,2.2996794190157424,2.523585001467348,3.3327028574077343e-301,2.367368236641356e-300,True,2423,845.12,2.87,8948,7862.43,1.14,Matched unexposed female individuals,current_manuscript/results_20260622/female/phewas.csv
336,population_female,Population-based analysis (female),626.8,626.8,"Infertility, female",genitourinary,Genitourinary conditions,Female,3655,3.965455512037409,1.1140711138713035,1.1140711138713035,1.0758050807951556,1.1536982571648364,1.382214567413711e-09,1.6270640050698543e-09,True,3655,834.43,4.38,28702,7701.78,3.73,Matched unexposed female individuals,current_manuscript/results_20260622/female/phewas.csv
337,population_female,Population-based analysis (female),627.1,627.1,Postmenopausal bleeding,genitourinary,Genitourinary conditions,Female,524,0.5685085330526956,1.400886324918537,1.400886324918537,1.2732672942199086,1.5412965559176772,4.605549567007523e-12,5.580842416491469e-12,True,524,859.81,0.61,3681,7906.45,0.47,Matched unexposed female individuals,current_manuscript/results_20260622/female/phewas.csv
338,population_female,Population-based analysis (female),627.2,627.2,Symptomatic menopause,genitourinary,Genitourinary conditions,Female,1790,1.942042507947185,1.3835020781361103,1.3835020781361103,1.3131270274263722,1.4576487729129917,3.6387487414670412e-34,5.6359566973098525e-34,True,1790,854.18,2.1,12370,7872.44,1.57,Matched unexposed female individuals,current_manuscript/results_20260622/female/phewas.csv
339,population_female,Population-based analysis (female),627.3,627.3,Postmenopausal atrophic vaginitis,genitourinary,Genitourinary conditions,Female,518,0.5619988933612524,1.2836662542996746,1.2836662542996746,1.1675171105704278,1.4113703666601272,2.459400840004872e-07,2.7534596360924105e-07,True,518,859.57,0.6,4045,7903.56,0.51,Matched unexposed female individuals,current_manuscript/results_20260622/female/phewas.csv
340,population_female,Population-based analysis (female),627.4,627.4,Premenopausal menorrhagia,genitourinary,Genitourinary conditions,Female,745,0.8082802616875155,1.4985962133944761,1.4985962133944761,1.3826604377421579,1.6242531785082168,7.059626333119859e-23,9.82623665285602e-23,True,745,857.6,0.87,4733,7893.2,0.6,Matched unexposed female individuals,current_manuscript/results_20260622/female/phewas.csv
341,population_female,Population-based analysis (female),628,628.0,Ovarian cyst,genitourinary,Genitourinary conditions,Female,5292,5.741502207852795,1.5445272829604824,1.5445272829604824,1.4993316075504761,1.5910853314876032,5.09697213812404e-181,2.333280578785672e-180,True,5292,821.55,6.44,31644,7692.59,4.11,Matched unexposed female individuals,current_manuscript/results_20260622/female/phewas.csv
342,population_female,Population-based analysis (female),634.1,634.1,Missed abortion/Hydatidiform mole,pregnancy complications,Pregnancy-related conditions,Female,2800,3.03783185600677,1.0172337602490142,1.0172337602490142,0.9775742755264946,1.0585022017207373,0.3997063686087826,0.4056133592778779,False,2800,839.61,3.33,23188,7446.2,3.11,Matched unexposed female individuals,current_manuscript/results_20260622/female/phewas.csv
343,population_female,Population-based analysis (female),634.3,634.3,Ectopic pregnancy,pregnancy complications,Pregnancy-related conditions,Female,932,1.0111640320708248,1.3436541895809582,1.3436541895809582,1.2527989551544838,1.4410984090865837,1.3452032837783241e-16,1.742841990303992e-16,True,932,853.22,1.09,5941,7572.62,0.78,Matched unexposed female individuals,current_manuscript/results_20260622/female/phewas.csv
344,population_female,Population-based analysis (female),635.2,635.2,"Antepartum hemorrhage, abruptio placentae, and placenta previa",pregnancy complications,Pregnancy-related conditions,Female,2344,2.543099239457096,1.0398650754812986,1.0398650754812986,0.9955934079137372,1.0861053986603104,0.0782308316945642,0.0805777566454011,False,2344,842.88,2.78,18829,7476.8,2.52,Matched unexposed female individuals,current_manuscript/results_20260622/female/phewas.csv
345,population_female,Population-based analysis (female),635.3,635.3,Placenta previa and abruptio placenta,pregnancy complications,Pregnancy-related conditions,Female,2633,2.8566468845949378,0.8968824675013554,0.8968824675013554,0.8611321645478253,0.9341169609356118,1.57165991958689e-07,1.7789117771148313e-07,False,2633,841.78,3.13,24553,7437.01,3.3,Matched unexposed female individuals,current_manuscript/results_20260622/female/phewas.csv
346,population_female,Population-based analysis (female),636.2,636.2,Early onset of delivery,pregnancy complications,Pregnancy-related conditions,Female,2241,2.43135042475399,1.0926156371471305,1.0926156371471305,1.0449759705919683,1.142427160178764,9.85212214777059e-05,0.0001073829186476,True,2241,843.19,2.66,17594,7472.63,2.35,Matched unexposed female individuals,current_manuscript/results_20260622/female/phewas.csv
347,population_female,Population-based analysis (female),636.3,636.3,Hemorrhage in early pregnancy,pregnancy complications,Pregnancy-related conditions,Female,4688,5.086198478914192,1.2656346243391396,1.2656346243391396,1.2267743779470899,1.3057258377099568,1.3441124995018147e-49,2.540249310985081e-49,True,4688,821.62,5.71,31950,7356.53,4.34,Matched unexposed female individuals,current_manuscript/results_20260622/female/phewas.csv
348,population_female,Population-based analysis (female),638,638.0,Other high-risk pregnancy,pregnancy complications,Pregnancy-related conditions,Female,2321,2.5181456206398978,1.3636689089210654,1.3636689089210654,1.3041640925118214,1.4258887388751755,2.800252570572996e-42,4.8885765215087886e-42,True,2321,837.37,2.77,14503,7443.08,1.95,Matched unexposed female individuals,current_manuscript/results_20260622/female/phewas.csv
349,population_female,Population-based analysis (female),642.1,642.1,Preeclampsia and eclampsia,pregnancy complications,Pregnancy-related conditions,Female,1846,2.0027991450673204,0.9523487584421082,0.9523487584421082,0.9074099511599644,0.9995131269464538,0.047731980092682,0.0496605449449116,False,1846,961.11,1.92,17976,9281.35,1.94,Matched unexposed female individuals,current_manuscript/results_20260622/female/phewas.csv
350,population_female,Population-based analysis (female),643.1,643.1,Hyperemesis gravidarum,pregnancy complications,Pregnancy-related conditions,Female,1359,1.4744333901118574,2.27880138885338,2.27880138885338,2.1448195351013495,2.4211527752588795,2.2126291162962225e-156,8.765415345327344e-156,True,1359,967.18,1.41,5564,9518.26,0.58,Matched unexposed female individuals,current_manuscript/results_20260622/female/phewas.csv
351,population_female,Population-based analysis (female),644,644.0,Anemia during pregnancy,pregnancy complications,Pregnancy-related conditions,Female,3329,3.611765088802335,1.0966910317515974,1.0966910317515974,1.0575632002681756,1.1372665187474338,6.377271420186626e-07,7.101177905721324e-07,True,3329,946.63,3.52,28638,9173.59,3.12,Matched unexposed female individuals,current_manuscript/results_20260622/female/phewas.csv
352,population_female,Population-based analysis (female),645,645.0,Late pregnancy and failed induction,pregnancy complications,Pregnancy-related conditions,Female,8665,9.401004654392379,0.9932690452957056,0.9932690452957056,0.9711831439634626,1.015857207237278,0.5560784823177144,0.5615302321443586,False,8665,887.69,9.76,79818,8380.55,9.52,Matched unexposed female individuals,current_manuscript/results_20260622/female/phewas.csv
353,population_female,Population-based analysis (female),646,646.0,Other complications of pregnancy NEC,pregnancy complications,Pregnancy-related conditions,Female,11121,12.065617168089746,1.2666003520788165,1.2666003520788165,1.241250696227413,1.2924677156372433,3.491113532001045e-116,1.0576020405767876e-115,True,11121,830.21,13.4,82786,8021.21,10.32,Matched unexposed female individuals,current_manuscript/results_20260622/female/phewas.csv
354,population_female,Population-based analysis (female),647.1,647.1,Infections of genitourinary tract during pregnancy,pregnancy complications,Pregnancy-related conditions,Female,1940,2.104783500233262,1.571544996969524,1.571544996969524,1.496417733867065,1.650444004775035,3.972471796015099e-73,9.515455697431516e-73,True,1940,943.07,2.06,11298,9165.75,1.23,Matched unexposed female individuals,current_manuscript/results_20260622/female/phewas.csv
355,population_female,Population-based analysis (female),647.3,647.3,Major puerperal infection,pregnancy complications,Pregnancy-related conditions,Female,1200,1.3019279382886157,1.299716660825815,1.299716660825815,1.2225226978438613,1.381784895615866,4.8017600177532933e-17,6.340785664469092e-17,True,1200,949.92,1.26,8620,9193.83,0.94,Matched unexposed female individuals,current_manuscript/results_20260622/female/phewas.csv
356,population_female,Population-based analysis (female),649.1,649.1,Diabetes or abnormal glucose tolerance complicating pregnancy,pregnancy complications,Pregnancy-related conditions,Female,1302,1.412591813043148,1.186875442631332,1.186875442631332,1.1191010316466425,1.2587543720235892,1.123438535430555e-08,1.3075047361508156e-08,True,1302,975.75,1.33,9871,9542.06,1.03,Matched unexposed female individuals,current_manuscript/results_20260622/female/phewas.csv
357,population_female,Population-based analysis (female),650,650.0,Normal delivery,pregnancy complications,Pregnancy-related conditions,Female,18455,20.022566750930338,0.7707827292488582,0.7707827292488582,0.7587640742839289,0.7829917570477969,2.847216125734024e-231,1.5434908471084443e-230,False,18455,679.03,27.18,182443,5547.85,32.89,Matched unexposed female individuals,current_manuscript/results_20260622/female/phewas.csv
358,population_female,Population-based analysis (female),651,651.0,Multiple gestation,pregnancy complications,Pregnancy-related conditions,Female,5348,5.802258844972931,0.7594336363886611,0.7594336363886611,0.7382912519501588,0.781181473510728,2.395379123934239e-81,6.246178475069026e-81,False,5348,922.01,5.8,64479,8607.76,7.49,Matched unexposed female individuals,current_manuscript/results_20260622/female/phewas.csv
359,population_female,Population-based analysis (female),652,652.0,Malposition and malpresentation of fetus or obstruction,pregnancy complications,Pregnancy-related conditions,Female,3013,3.268924065052999,0.8803312561970256,0.8803312561970256,0.8476561910238409,0.9142658649155506,3.979523217141414e-11,4.7386230215672325e-11,False,3013,909.42,3.31,30698,8450.19,3.63,Matched unexposed female individuals,current_manuscript/results_20260622/female/phewas.csv
360,population_female,Population-based analysis (female),653,653.0,Problems associated with amniotic cavity and membranes,pregnancy complications,Pregnancy-related conditions,Female,6012,6.522658970825964,0.905982162997805,0.905982162997805,0.8819794100492087,0.9306381422491324,5.708227993040298e-13,7.126636161007888e-13,False,6012,886.64,6.78,59159,8241.65,7.18,Matched unexposed female individuals,current_manuscript/results_20260622/female/phewas.csv
361,population_female,Population-based analysis (female),654.1,654.1,"Abnormality of organs and soft tissues of pelvis complicating pregnancy, childbirth, or the puerperium",pregnancy complications,Pregnancy-related conditions,Female,1992,2.161200377559102,0.9907447423177856,0.9907447423177856,0.9453373077001636,1.0383332345343823,0.6976736798864822,0.699678046168466,False,1992,918.72,2.17,17688,8579.99,2.06,Matched unexposed female individuals,current_manuscript/results_20260622/female/phewas.csv
362,population_female,Population-based analysis (female),661,661.0,Fetal distress and abnormal forces of labor,pregnancy complications,Pregnancy-related conditions,Female,4954,5.3747925052348355,0.8985558811388499,0.8985558811388499,0.8723136975350605,0.925587519502138,1.5118333721546665e-12,1.864896255472224e-12,False,4954,853.3,5.81,47245,7675.85,6.16,Matched unexposed female individuals,current_manuscript/results_20260622/female/phewas.csv
363,population_female,Population-based analysis (female),665,665.0,Obstetrical/birth trauma,pregnancy complications,Pregnancy-related conditions,Female,8546,9.271896800512092,0.7273197048715596,0.7273197048715596,0.7112204087987323,0.7437834271206244,4.761020995859528e-171,2.0432715107230475e-170,False,8546,845.68,10.11,99215,7497.54,13.23,Matched unexposed female individuals,current_manuscript/results_20260622/female/phewas.csv
364,population_female,Population-based analysis (female),669,669.0,Complications of labor and delivery NEC,pregnancy complications,Pregnancy-related conditions,Female,9188,9.968428247496501,0.9600682316205088,0.9600682316205088,0.9392478745713762,0.9813501146197015,0.0002695137200673,0.0002891657621556,False,9188,817.13,11.24,82865,7373.7,11.24,Matched unexposed female individuals,current_manuscript/results_20260622/female/phewas.csv
365,population_female,Population-based analysis (female),671,671.0,Venous/cerebrovascular complications embolism in pregnancy and the puerperium,pregnancy complications,Pregnancy-related conditions,Female,831,0.9015850972648664,1.2233259877997473,1.2233259877997473,1.1370850087947568,1.3161078203048844,6.506029336461979e-08,7.445789129506487e-08,True,831,946.4,0.88,6479,9162.37,0.71,Matched unexposed female individuals,current_manuscript/results_20260622/female/phewas.csv
366,population_female,Population-based analysis (female),674,674.0,Other complications of the puerperium NEC,pregnancy complications,Pregnancy-related conditions,Female,6460,7.008712067787048,2.332328790592239,2.332328790592239,2.2683420721129455,2.398120483811492,0.0,0.0,True,6460,907.18,7.12,26530,9037.21,2.94,Matched unexposed female individuals,current_manuscript/results_20260622/female/phewas.csv
367,population_female,Population-based analysis (female),676,676.0,Other disorders of the breast associated with childbirth and disorders of lactation,pregnancy complications,Pregnancy-related conditions,Female,1211,1.313862277722928,1.7319776115690593,1.7319776115690593,1.6274010881643046,1.8432742049841893,6.009526651612895e-67,1.3456114024263657e-66,True,1211,943.36,1.28,6659,9160.72,0.73,Matched unexposed female individuals,current_manuscript/results_20260622/female/phewas.csv
368,population_female,Population-based analysis (female),686.1,686.1,Carbuncle and furuncle,dermatologic,Dermatologic conditions,Both,1315,1.426696032374608,1.8525302250905253,1.8525302250905253,1.7438335999999401,1.9680021275390442,7.389656274043735e-89,2.0296922566040124e-88,True,1315,958.9,1.37,6684,9313.68,0.72,Matched unexposed female individuals,current_manuscript/results_20260622/female/phewas.csv
369,population_female,Population-based analysis (female),687.1,687.1,Rash and other nonspecific skin eruption,dermatologic,Dermatologic conditions,Both,1059,1.1489514055397034,1.639204274080357,1.639204274080357,1.533672591147806,1.7519975695414602,5.3327693188233567e-48,9.896851168266771e-48,True,1059,968.22,1.09,6114,9447.06,0.65,Matched unexposed female individuals,current_manuscript/results_20260622/female/phewas.csv
370,population_female,Population-based analysis (female),687.4,687.4,Disturbance of skin sensation,dermatologic,Dermatologic conditions,Both,2930,3.17887404932137,1.7649339365223797,1.7649339365223797,1.6952249498394225,1.8375094117057715,4.615699659475951e-168,1.940477816024584e-167,True,2930,955.56,3.07,15770,9382.22,1.68,Matched unexposed female individuals,current_manuscript/results_20260622/female/phewas.csv
371,population_female,Population-based analysis (female),689,689.0,Disorder of skin and subcutaneous tissue NOS,dermatologic,Dermatologic conditions,Both,652,0.7073808464701479,1.4297381570761911,1.4297381570761911,1.3149581293591637,1.5545371005811623,5.630677459426391e-17,7.38802265376966e-17,True,652,984.05,0.66,4547,9662.27,0.47,Matched unexposed female individuals,current_manuscript/results_20260622/female/phewas.csv
372,population_female,Population-based analysis (female),690.1,690.1,Seborrheic dermatitis,dermatologic,Dermatologic conditions,Both,583,0.6325199900185525,1.7732399940618528,1.7732399940618528,1.6203217433418131,1.9405899411405731,1.4144579761441158e-35,2.2763933053569365e-35,True,583,969.99,0.6,3109,9415.33,0.33,Matched unexposed female individuals,current_manuscript/results_20260622/female/phewas.csv
373,population_female,Population-based analysis (female),696.4,696.4,Psoriasis,dermatologic,Dermatologic conditions,Both,1280,1.3887231341745234,1.493070800617491,1.493070800617491,1.4060307714227913,1.5854990238945634,4.2881973083414845e-39,7.240726602609392e-39,True,1280,961.61,1.33,8122,9331.8,0.87,Matched unexposed female individuals,current_manuscript/results_20260622/female/phewas.csv
374,population_female,Population-based analysis (female),698,698.0,Pruritus and related conditions,dermatologic,Dermatologic conditions,Both,2322,2.5192305605884715,1.517729689397712,1.517729689397712,1.4515498464113812,1.5869268394565648,3.844478281770475e-75,9.317206188761389e-75,True,2322,965.78,2.4,14371,9486.83,1.51,Matched unexposed female individuals,current_manuscript/results_20260622/female/phewas.csv
375,population_female,Population-based analysis (female),705.8,705.8,Hyperhidrosis,dermatologic,Dermatologic conditions,Both,601,0.6520489090928817,2.522317275020631,2.522317275020631,2.3015718784507917,2.7642345196491864,3.0082425895176785e-87,7.944845813341561e-87,True,601,983.4,0.61,2275,9657.88,0.24,Matched unexposed female individuals,current_manuscript/results_20260622/female/phewas.csv
376,population_female,Population-based analysis (female),728.2,728.2,Laxity of ligament or hypermobility syndrome,musculoskeletal,Musculoskeletal conditions,Both,1092,1.1847544238426404,2.174680408666257,2.174680408666257,2.034150986139752,2.3249183133704343,5.30143092845531e-115,1.5827460453069475e-114,True,1092,971.89,1.12,4988,9525.48,0.52,Matched unexposed female individuals,current_manuscript/results_20260622/female/phewas.csv
377,population_female,Population-based analysis (female),735.2,735.2,Acquired toe deformities,musculoskeletal,Musculoskeletal conditions,Both,591,0.6411995096071432,1.4936078152086745,1.4936078152086745,1.3673068973249394,1.63157540565106,5.57733810622429e-19,7.41246225730454e-19,True,591,975.98,0.61,3814,9506.95,0.4,Matched unexposed female individuals,current_manuscript/results_20260622/female/phewas.csv
378,population_female,Population-based analysis (female),735.3,735.3,Hallux valgus (Bunion),musculoskeletal,Musculoskeletal conditions,Both,1011,1.0968742880081588,1.4483316666104962,1.4483316666104962,1.3541309135281632,1.5490855393303968,3.6241629685024336e-27,5.257588531771136e-27,True,1011,972.26,1.04,7074,9481.21,0.75,Matched unexposed female individuals,current_manuscript/results_20260622/female/phewas.csv
379,population_female,Population-based analysis (female),740.1,740.1,Osteoarthritis; localized,musculoskeletal,Musculoskeletal conditions,Both,1014,1.1001291078538802,1.3182827641852874,1.3182827641852874,1.2329197690417983,1.4095559905723962,5.9494712648121795e-16,7.51896368436386e-16,True,1014,984.14,1.03,8160,9660.04,0.84,Matched unexposed female individuals,current_manuscript/results_20260622/female/phewas.csv
380,population_female,Population-based analysis (female),740.9,740.9,Osteoarthrosis NOS,musculoskeletal,Musculoskeletal conditions,Both,542,0.5880374521270247,1.5759000832630732,1.5759000832630732,1.4358524913075779,1.7296073847857205,9.8364775962543e-22,1.3508762565522573e-21,True,542,986.81,0.55,3701,9688.49,0.38,Matched unexposed female individuals,current_manuscript/results_20260622/female/phewas.csv
381,population_female,Population-based analysis (female),742.9,742.9,Other derangement of joint,musculoskeletal,Musculoskeletal conditions,Both,1139,1.235746601425611,1.0379792895927893,1.0379792895927893,0.9758312310708722,1.1040853902997314,0.2366776762393281,0.2413643628975326,False,1139,962.41,1.18,10893,9292.5,1.17,Matched unexposed female individuals,current_manuscript/results_20260622/female/phewas.csv
382,population_female,Population-based analysis (female),745,745.0,Pain in joint,musculoskeletal,Musculoskeletal conditions,Both,4041,4.384242332186913,1.5301398479598447,1.5301398479598447,1.479322532135379,1.5827028274455512,1.5837220905154642e-134,5.529605943155689e-134,True,4041,941.09,4.29,25733,9223.08,2.79,Matched unexposed female individuals,current_manuscript/results_20260622/female/phewas.csv
383,population_female,Population-based analysis (female),800.3,800.3,Fracture of tibia and fibula,injuries & poisonings,Injuries & poisonings,Both,649,0.7041260266244264,1.2563536453190856,1.2563536453190856,1.1555819210416132,1.3659130982975238,8.802657762963899e-08,1.0018494470555597e-07,True,649,896.52,0.72,4951,8187.43,0.6,Matched unexposed female individuals,current_manuscript/results_20260622/female/phewas.csv
384,population_female,Population-based analysis (female),801.1,801.1,Fracture of foot,injuries & poisonings,Injuries & poisonings,Both,555,0.6021416714584847,1.5287614293533023,1.5287614293533023,1.3941334440786648,1.6763901029738721,1.8024471195065308e-19,2.4427901751206933e-19,True,555,896.82,0.62,3449,8195.97,0.42,Matched unexposed female individuals,current_manuscript/results_20260622/female/phewas.csv
385,population_female,Population-based analysis (female),803.2,803.2,Fracture of radius and ulna,injuries & poisonings,Injuries & poisonings,Both,1651,1.7912358550954204,1.172893604255172,1.172893604255172,1.113524481609421,1.2354280751100903,1.7717877004123959e-09,2.0737969675281444e-09,True,1651,888.57,1.86,13142,8130.56,1.62,Matched unexposed female individuals,current_manuscript/results_20260622/female/phewas.csv
386,population_female,Population-based analysis (female),804,804.0,Fracture of hand or wrist,injuries & poisonings,Injuries & poisonings,Both,2155,2.338045589176639,1.525725888930545,1.525725888930545,1.456569984741601,1.5981652186563944,2.832180844301814e-71,6.555384875574986e-71,True,2155,884.4,2.44,12953,8125.2,1.59,Matched unexposed female individuals,current_manuscript/results_20260622/female/phewas.csv
387,population_female,Population-based analysis (female),805,805.0,Fracture of vertebral column without mention of spinal cord injury,injuries & poisonings,Injuries & poisonings,Both,547,0.593462151869894,1.8665948906864498,1.8665948906864498,1.6984788151752814,2.0513511589352356,2.0438380985287562e-38,3.36824518637539e-38,True,547,896.68,0.61,2722,8198.54,0.33,Matched unexposed female individuals,current_manuscript/results_20260622/female/phewas.csv
388,population_female,Population-based analysis (female),807,807.0,Fracture of ribs,injuries & poisonings,Injuries & poisonings,Both,570,0.6184157706870924,2.0661994212507873,2.0661994212507873,1.8811309016568105,2.2694752633200577,6.707343633079274e-52,1.3159169413469814e-51,True,570,896.41,0.64,2612,8198.42,0.32,Matched unexposed female individuals,current_manuscript/results_20260622/female/phewas.csv
389,population_female,Population-based analysis (female),809,809.0,Fracture of unspecified bones,injuries & poisonings,Injuries & poisonings,Both,2115,2.2946479912336852,1.3417567562842074,1.3417567562842074,1.2808850840307793,1.4055212411163163,2.29217891342242e-35,3.632221970500142e-35,True,2115,884.02,2.39,14487,8113.97,1.79,Matched unexposed female individuals,current_manuscript/results_20260622/female/phewas.csv
390,population_female,Population-based analysis (female),817,817.0,Concussion,injuries & poisonings,Injuries & poisonings,Both,2736,2.968395699298044,2.1462661867186035,2.1462661867186035,2.0573522053923536,2.239022823694462,3.5039201084057583e-274,2.1872955828229884e-273,True,2736,928.93,2.95,12048,9039.32,1.33,Matched unexposed female individuals,current_manuscript/results_20260622/female/phewas.csv
391,population_female,Population-based analysis (female),819,819.0,Skull and face fracture and other intercranial injury,injuries & poisonings,Injuries & poisonings,Both,856,0.9287085959792125,1.8845808549377396,1.8845808549377396,1.7480921936211666,2.0317263653243836,2.5867044486485064e-61,5.6090643833851815e-61,True,856,943.86,0.91,4385,9093.63,0.48,Matched unexposed female individuals,current_manuscript/results_20260622/female/phewas.csv
392,population_female,Population-based analysis (female),830,830.0,Dislocation,injuries & poisonings,Injuries & poisonings,Both,7464,8.09799177615519,1.3836658418977272,1.3836658418977272,1.3498730983079514,1.4183045535423935,3.995778850386164e-146,1.4966008057809995e-145,True,7464,839.13,8.89,49874,7949.09,6.27,Matched unexposed female individuals,current_manuscript/results_20260622/female/phewas.csv
393,population_female,Population-based analysis (female),835,835.0,Internal derangement of knee,injuries & poisonings,Injuries & poisonings,Both,1246,1.3518351759230127,1.068564937917539,1.068564937917539,1.0069917979863285,1.133903005794111,0.0285169721257559,0.0298197779589122,True,1246,891.89,1.4,11190,8246.74,1.36,Matched unexposed female individuals,current_manuscript/results_20260622/female/phewas.csv
394,population_female,Population-based analysis (female),850,850.0,Hemorrhage or hematoma complicating a procedure,injuries & poisonings,Injuries & poisonings,Both,1251,1.3572598756658818,1.6597463199894236,1.6597463199894236,1.5616073384201121,1.7640528312997301,1.101114023616674e-59,2.314586621071784e-59,True,1251,974.98,1.28,7373,9553.85,0.77,Matched unexposed female individuals,current_manuscript/results_20260622/female/phewas.csv
395,population_female,Population-based analysis (female),857,857.0,"Mechanical complication of unspecified genitourinary device, implant, and graft",injuries & poisonings,Injuries & poisonings,Both,553,0.5999717915613371,1.755230904595127,1.755230904595127,1.5994407709005714,1.926195445618878,1.8250737849069952e-32,2.764449997726772e-32,True,553,980.09,0.56,3003,9586.03,0.31,Matched unexposed female individuals,current_manuscript/results_20260622/female/phewas.csv
396,population_female,Population-based analysis (female),858,858.0,Complication of internal orthopedic device,injuries & poisonings,Injuries & poisonings,Both,463,0.5023271961896909,1.687601638861361,1.687601638861361,1.5238307661081996,1.868973481065239,9.398536849137037e-24,1.3170738713756665e-23,True,463,981.02,0.47,2613,9590.1,0.27,Matched unexposed female individuals,current_manuscript/results_20260622/female/phewas.csv
397,population_female,Population-based analysis (female),870.1,870.1,Open wound or laceration of eye or eyelid,injuries & poisonings,Injuries & poisonings,Both,668,0.7247398856473294,1.3514025423398717,1.3514025423398717,1.244500915551053,1.4674869328111388,7.928834794962275e-13,9.839397396158004e-13,True,668,921.04,0.73,4676,8724.27,0.54,Matched unexposed female individuals,current_manuscript/results_20260622/female/phewas.csv
398,population_female,Population-based analysis (female),870.3,870.3,Other open wound of head and face,injuries & poisonings,Injuries & poisonings,Both,1715,1.8606720118041467,1.6405523728549147,1.6405523728549147,1.5572258910893655,1.7283376185051096,2.4992496675892294e-77,6.1291122800402535e-77,True,1715,913.46,1.88,9933,8691.39,1.14,Matched unexposed female individuals,current_manuscript/results_20260622/female/phewas.csv
399,population_female,Population-based analysis (female),870.6,870.6,Open wound of neck,injuries & poisonings,Injuries & poisonings,Both,471,0.5110067157782817,2.404344459092152,2.404344459092152,2.165681377015809,2.6693087631999037,8.733689552578685e-61,1.8741042164908427e-60,True,471,922.84,0.51,1816,8748.78,0.21,Matched unexposed female individuals,current_manuscript/results_20260622/female/phewas.csv
400,population_female,Population-based analysis (female),907,907.0,Injuries to the nervous system,injuries & poisonings,Injuries & poisonings,Both,508,0.551149493875514,1.5452324105503943,1.5452324105503943,1.4050514549054025,1.6993991175761893,2.996136401122024e-19,4.0078188222801104e-19,True,508,984.35,0.52,3333,9659.28,0.35,Matched unexposed female individuals,current_manuscript/results_20260622/female/phewas.csv
401,population_female,Population-based analysis (female),915,915.0,Superficial injury without mention of infection,injuries & poisonings,Injuries & poisonings,Both,4030,4.372307992752601,1.8714145618124574,1.8714145618124574,1.8077144382792003,1.9373593461462413,1.5020850526352474e-275,9.981597446543903e-275,True,4030,841.73,4.79,19356,7844.9,2.47,Matched unexposed female individuals,current_manuscript/results_20260622/female/phewas.csv
402,population_female,Population-based analysis (female),916,916.0,Contusion,injuries & poisonings,Injuries & poisonings,Both,7096,7.6987338750800145,1.525054804677087,1.525054804677087,1.4865443406952292,1.5645629219380959,1.8078149738556702e-229,9.548971400365848e-229,True,7096,847.8,8.37,43620,8099.65,5.39,Matched unexposed female individuals,current_manuscript/results_20260622/female/phewas.csv
403,population_female,Population-based analysis (female),946,946.0,Anaphylactic shock NOS,injuries & poisonings,Injuries & poisonings,Both,562,0.6097362510985017,1.6110756278198564,1.6110756278198564,1.4716735509257908,1.7636823580354102,5.24944155384896e-25,7.5096177784228175e-25,True,562,975.26,0.58,3525,9528.09,0.37,Matched unexposed female individuals,current_manuscript/results_20260622/female/phewas.csv
404,population_female,Population-based analysis (female),966,966.0,Poisoning by anticonvulsants and anti-Parkinsonism drugs,injuries & poisonings,Injuries & poisonings,Both,650,0.7052109665730002,22.924451640876473,22.924451640876473,19.65192254021129,26.741937434342937,0.0,0.0,True,650,948.11,0.69,344,9381.66,0.04,Matched unexposed female individuals,current_manuscript/results_20260622/female/phewas.csv
405,population_female,Population-based analysis (female),969,969.0,Poisoning by psychotropic agents,injuries & poisonings,Injuries & poisonings,Both,1217,1.320371917414371,18.072210394199416,18.072210394199416,16.30687693878141,20.028653540364306,0.0,0.0,True,1217,941.78,1.29,770,9378.41,0.08,Matched unexposed female individuals,current_manuscript/results_20260622/female/phewas.csv
406,population_female,Population-based analysis (female),979,979.0,Adverse drug events and drug allergies,injuries & poisonings,Injuries & poisonings,Both,5121,5.555977476646667,10.264096712935748,10.264096712935748,9.849519745646626,10.696123674361143,0.0,0.0,True,5121,915.0,5.6,5151,9351.31,0.55,Matched unexposed female individuals,current_manuscript/results_20260622/female/phewas.csv
407,population_female,Population-based analysis (female),981,981.0,Toxic effect of (non-ethyl) alcohol and petroleum and other solvents,injuries & poisonings,Injuries & poisonings,Both,488,0.5294506949040371,6.665950253317028,6.665950253317028,5.9000873084555225,7.5312263118576075,7.521069092344973e-204,3.6889053167215814e-203,True,488,977.81,0.5,762,9630.0,0.08,Matched unexposed female individuals,current_manuscript/results_20260622/female/phewas.csv
408,population_male,Population-based analysis (male),41.1,41.1,Staphylococcus infections,infectious diseases,Infectious diseases,Both,351,0.6638925666729715,1.8851895369205007,1.8851895369205007,1.677843119049855,2.1181596478025253,1.48156179189092e-26,2.578302339134848e-26,True,351,549.4,0.64,1887,5547.5,0.34,Matched unexposed male individuals,current_manuscript/results_20260622/male/phewas.csv
409,population_male,Population-based analysis (male),41.2,41.2,Streptococcus infection,infectious diseases,Infectious diseases,Both,318,0.6014753168148288,1.7381441703879836,1.7381441703879836,1.5387366008040908,1.9633933159677786,6.0120096091702845e-19,8.662465458374388e-19,True,318,549.39,0.58,1823,5544.27,0.33,Matched unexposed male individuals,current_manuscript/results_20260622/male/phewas.csv
410,population_male,Population-based analysis (male),70.3,70.3,Viral hepatitis C,infectious diseases,Infectious diseases,Both,468,0.8851900888972952,6.73685407297121,6.73685407297121,5.911407212087018,7.677563255617027,5.89024263183658e-180,3.288718802775424e-179,True,468,523.19,0.89,687,5154.42,0.13,Matched unexposed male individuals,current_manuscript/results_20260622/male/phewas.csv
411,population_male,Population-based analysis (male),78,78.0,Viral warts & HPV,infectious diseases,Infectious diseases,Both,839,1.586911291847929,1.309734681108998,1.309734681108998,1.2172861564971396,1.4092043401166536,5.020404188173442e-13,6.468597703992704e-13,True,839,519.17,1.62,6241,5102.78,1.22,Matched unexposed male individuals,current_manuscript/results_20260622/male/phewas.csv
412,population_male,Population-based analysis (male),80,80.0,Postoperative infection,infectious diseases,Infectious diseases,Both,635,1.2010592018157746,1.8313535722150387,1.8313535722150387,1.6804280114952515,1.9958343252565214,2.9874492619487962e-43,6.671970018352309e-43,True,635,550.13,1.15,3545,5585.11,0.63,Matched unexposed male individuals,current_manuscript/results_20260622/male/phewas.csv
413,population_male,Population-based analysis (male),90.3,90.3,Venereal diseases due to Chlamydia trachomatis,infectious diseases,Infectious diseases,Both,371,0.7017212029506337,1.4610110238056928,1.4610110238056928,1.307621855481499,1.6323933427189183,2.0922082546024475e-11,2.5958880195993328e-11,True,371,545.73,0.68,2450,5494.68,0.45,Matched unexposed male individuals,current_manuscript/results_20260622/male/phewas.csv
414,population_male,Population-based analysis (male),136,136.0,Other infectious and parasitic diseases,infectious diseases,Infectious diseases,Both,273,0.5163608851900889,2.1713137824731445,2.1713137824731445,1.898078067410591,2.48388284070403,1.3224475699576465e-29,2.3947023564097917e-29,True,273,551.36,0.5,1369,5574.69,0.25,Matched unexposed male individuals,current_manuscript/results_20260622/male/phewas.csv
415,population_male,Population-based analysis (male),173,173.0,Neoplasm of uncertain behavior of skin,neoplasms,Neoplasms,Both,607,1.1480991110270475,1.0173628085548403,1.0173628085548403,0.9348363258627068,1.1071746524991157,0.6900273894243096,0.6952155652846428,False,607,552.3,1.1,6137,5590.29,1.1,Matched unexposed male individuals,current_manuscript/results_20260622/male/phewas.csv
416,population_male,Population-based analysis (male),208,208.0,Benign neoplasm of colon,neoplasms,Neoplasms,Both,265,0.501229430679024,1.2904320566889353,1.2904320566889353,1.1334133097901768,1.4692035805003105,0.0001172175700704,0.0001277004421905,True,265,556.13,0.48,2279,5649.75,0.4,Matched unexposed male individuals,current_manuscript/results_20260622/male/phewas.csv
417,population_male,Population-based analysis (male),214.1,214.1,Lipoma of skin and subcutaneous tissue,neoplasms,Neoplasms,Both,271,0.5125780215623227,1.0294063257458923,1.0294063257458923,0.9064121220092511,1.1690900394587205,0.6552871001044076,0.6652156925302319,False,271,553.33,0.49,2698,5598.97,0.48,Matched unexposed male individuals,current_manuscript/results_20260622/male/phewas.csv
418,population_male,Population-based analysis (male),215,215.0,Other benign neoplasm of connective and other soft tissue,neoplasms,Neoplasms,Both,264,0.4993379988651409,1.129633182341072,1.129633182341072,0.9928148569598183,1.2853062358006828,0.0642379769372043,0.0672491321061358,False,264,553.08,0.48,2400,5596.78,0.43,Matched unexposed male individuals,current_manuscript/results_20260622/male/phewas.csv
419,population_male,Population-based analysis (male),244.4,244.4,Hypothyroidism NOS,endocrine/metabolic,Endocrine/metabolic conditions,Both,334,0.6317382258369586,4.924767497430028,4.924767497430028,4.301082508002533,5.63889087424336,7.991867613758039e-118,3.245182606798719e-117,True,334,552.95,0.6,724,5627.56,0.13,Matched unexposed male individuals,current_manuscript/results_20260622/male/phewas.csv
420,population_male,Population-based analysis (male),250.2,250.2,Type 2 diabetes,endocrine/metabolic,Endocrine/metabolic conditions,Both,805,1.5226026101759031,2.737009320567962,2.737009320567962,2.5237701457866515,2.9682655662530264,9.432055183299825e-131,4.212984648540588e-130,True,805,552.62,1.46,3261,5639.33,0.58,Matched unexposed male individuals,current_manuscript/results_20260622/male/phewas.csv
421,population_male,Population-based analysis (male),257.1,257.1,Testicular hypofunction,endocrine/metabolic,Endocrine/metabolic conditions,Male,351,0.6638925666729715,3.7994984260172804,3.7994984260172804,3.3478828026366547,4.312035139921399,5.712933994316978e-95,2.0145609348380923e-94,True,351,549.89,0.64,992,5568.64,0.18,Matched unexposed male individuals,current_manuscript/results_20260622/male/phewas.csv
422,population_male,Population-based analysis (male),272.1,272.1,Hyperlipidemia,endocrine/metabolic,Endocrine/metabolic conditions,Both,507,0.9589559296387365,1.527708093100173,1.527708093100173,1.388008265252122,1.681468386140937,4.673498047901447e-18,6.523424358529103e-18,True,507,554.14,0.91,3445,5639.27,0.61,Matched unexposed male individuals,current_manuscript/results_20260622/male/phewas.csv
423,population_male,Population-based analysis (male),276.1,276.1,Electrolyte imbalance,endocrine/metabolic,Endocrine/metabolic conditions,Both,320,0.605258180442595,3.172082543030659,3.172082543030659,2.7872180767915675,3.610089839609028,1.6242487042639191e-68,4.836651697141448e-68,True,320,554.58,0.58,1034,5637.43,0.18,Matched unexposed male individuals,current_manuscript/results_20260622/male/phewas.csv
424,population_male,Population-based analysis (male),278.1,278.1,Obesity,endocrine/metabolic,Endocrine/metabolic conditions,Both,1299,2.456969926234159,3.0148666766403838,3.0148666766403838,2.8257256728137303,3.216667904236364,2.3328038339085923e-244,1.7366428541319518e-243,True,1299,540.71,2.4,4582,5530.91,0.83,Matched unexposed male individuals,current_manuscript/results_20260622/male/phewas.csv
425,population_male,Population-based analysis (male),289.4,289.4,Lymphadenitis,hematopoietic,Hematopoietic conditions,Both,293,0.5541895214677511,1.0828944993863827,1.0828944993863827,0.9584449182581903,1.2235032754228528,0.2010461196220314,0.2072321540719401,False,293,550.95,0.53,2756,5565.85,0.5,Matched unexposed male individuals,current_manuscript/results_20260622/male/phewas.csv
426,population_male,Population-based analysis (male),290.3,290.3,Other persistent mental disorders due to conditions classified elsewhere,mental disorders,Mental disorders,Both,3023,5.71779837336864,6.857292565846131,6.857292565846131,6.5323492851204215,7.198399730510089,0.0,0.0,True,3023,516.67,5.85,4533,5458.53,0.83,Matched unexposed male individuals,current_manuscript/results_20260622/male/phewas.csv
427,population_male,Population-based analysis (male),291.1,291.1,Transient mental disorders due to conditions classified elsewhere,mental disorders,Mental disorders,Both,660,1.2483449971628522,6.67907553433219,6.67907553433219,6.022146138948502,7.407666463754064,5.268047975862787e-283,4.411990179785085e-282,True,660,535.36,1.23,1012,5481.4,0.18,Matched unexposed male individuals,current_manuscript/results_20260622/male/phewas.csv
428,population_male,Population-based analysis (male),291.8,291.8,Alteration of consciousness,mental disorders,Mental disorders,Both,300,0.5674295441649329,6.075575620082752,6.075575620082752,5.210922041496787,7.0837020437828535,2.063684513134645e-117,7.900963564572643e-117,True,300,538.39,0.56,500,5486.0,0.09,Matched unexposed male individuals,current_manuscript/results_20260622/male/phewas.csv
429,population_male,Population-based analysis (male),292.6,292.6,Hallucinations,mental disorders,Mental disorders,Both,292,0.552298089653868,11.663037187678107,11.663037187678107,9.659983298268651,14.081435986079017,5.389742520345955e-144,2.579376777594136e-143,True,292,538.6,0.54,309,5486.42,0.06,Matched unexposed male individuals,current_manuscript/results_20260622/male/phewas.csv
430,population_male,Population-based analysis (male),293.1,293.1,"Swelling, mass, or lump in head and neck [Space-occupying lesion, intracranial NOS]",mental disorders,Mental disorders,Both,270,0.5106865897484396,1.580911450960734,1.580911450960734,1.3869232271263423,1.8020327058457288,7.0293897413239615e-12,8.803160984461784e-12,True,270,550.35,0.49,1765,5566.0,0.32,Matched unexposed male individuals,current_manuscript/results_20260622/male/phewas.csv
431,population_male,Population-based analysis (male),295.1,295.1,Schizophrenia,mental disorders,Mental disorders,Both,432,0.8170985435975033,12.744042753392522,12.744042753392522,10.8963918549288,14.904991290932028,1.4310852841783022e-222,1.0092917267362763e-221,True,432,393.17,1.1,345,4121.72,0.08,Matched unexposed male individuals,current_manuscript/results_20260622/male/phewas.csv
432,population_male,Population-based analysis (male),295.2,295.2,Paranoid disorders,mental disorders,Mental disorders,Both,271,0.5125780215623227,8.8294985451404,8.8294985451404,7.395018652576252,10.542237717206701,4.111036940167976e-128,1.7770288709113186e-127,True,271,394.85,0.69,337,4122.17,0.08,Matched unexposed male individuals,current_manuscript/results_20260622/male/phewas.csv
433,population_male,Population-based analysis (male),295.3,295.3,Psychosis,mental disorders,Mental disorders,Both,769,1.4545110648761113,7.15592293408607,7.15592293408607,6.489197309896628,7.891150568111591,0.0,0.0,True,769,391.02,1.97,1083,4118.08,0.26,Matched unexposed male individuals,current_manuscript/results_20260622/male/phewas.csv
434,population_male,Population-based analysis (male),296.1,296.1,Bipolar,mental disorders,Mental disorders,Both,2170,4.104407036126347,14.504214418692978,14.504214418692978,13.526453103678117,15.552653329808741,0.0,0.0,True,2170,377.38,5.75,1686,4111.53,0.41,Matched unexposed male individuals,current_manuscript/results_20260622/male/phewas.csv
435,population_male,Population-based analysis (male),300.1,300.1,Anxiety disorder,mental disorders,Mental disorders,Both,9989,18.89351238887838,10.393692751923801,10.393692751923801,10.095048879414191,10.701171466508264,0.0,0.0,True,9989,315.62,31.65,12019,4042.72,2.97,Matched unexposed male individuals,current_manuscript/results_20260622/male/phewas.csv
436,population_male,Population-based analysis (male),300.3,300.3,Obsessive-compulsive disorders,mental disorders,Mental disorders,Both,847,1.6020427463589937,8.449120621075446,8.449120621075446,7.681996395994114,9.292849877762038,0.0,0.0,True,847,389.68,2.17,1039,4116.47,0.25,Matched unexposed male individuals,current_manuscript/results_20260622/male/phewas.csv
437,population_male,Population-based analysis (male),300.4,300.4,Dysthymic disorder,mental disorders,Mental disorders,Both,1143,2.1619065632683943,25.082796625012133,25.082796625012133,22.344822239456533,28.156262770386757,0.0,0.0,True,1143,387.51,2.95,497,4120.52,0.12,Matched unexposed male individuals,current_manuscript/results_20260622/male/phewas.csv
438,population_male,Population-based analysis (male),300.8,300.8,Acute reaction to stress,mental disorders,Mental disorders,Both,2176,4.115755627009646,6.113912320534566,6.113912320534566,5.785390359495687,6.461089319899025,0.0,0.0,True,2176,380.38,5.72,3791,4099.4,0.92,Matched unexposed male individuals,current_manuscript/results_20260622/male/phewas.csv
439,population_male,Population-based analysis (male),300.9,300.9,Posttraumatic stress disorder,mental disorders,Mental disorders,Both,763,1.4431624739928126,12.236813511881179,12.236813511881179,10.905261996474968,13.730949790381914,0.0,0.0,True,763,392.11,1.95,721,4119.0,0.18,Matched unexposed male individuals,current_manuscript/results_20260622/male/phewas.csv
440,population_male,Population-based analysis (male),301.2,301.2,Antisocial/borderline personality disorder,mental disorders,Mental disorders,Both,584,1.104596179307736,18.6079357806461,18.6079357806461,15.990950893338903,21.6532010088833,0.0,0.0,True,584,392.03,1.49,364,4121.06,0.09,Matched unexposed male individuals,current_manuscript/results_20260622/male/phewas.csv
441,population_male,Population-based analysis (male),303.4,303.4,Somatoform disorder,mental disorders,Mental disorders,Both,298,0.5636466805371666,10.841465179539663,10.841465179539663,9.095028931652275,12.923253804077588,7.748866512550306e-156,3.993646587237465e-155,True,298,394.44,0.76,307,4121.48,0.07,Matched unexposed male individuals,current_manuscript/results_20260622/male/phewas.csv
442,population_male,Population-based analysis (male),304,304.0,Adjustment reaction,mental disorders,Mental disorders,Both,2547,4.81747682996028,7.603586592375515,7.603586592375515,7.205956762026434,8.023157920183566,0.0,0.0,True,2547,378.1,6.74,3678,4102.61,0.9,Matched unexposed male individuals,current_manuscript/results_20260622/male/phewas.csv
443,population_male,Population-based analysis (male),306.9,306.9,Tension headache,mental disorders,Mental disorders,Both,347,0.656326839417439,2.562650345978192,2.562650345978192,2.2676624351777264,2.8960116346538363,2.120106480634631e-51,4.984109972018256e-51,True,347,394.44,0.88,1375,4113.82,0.33,Matched unexposed male individuals,current_manuscript/results_20260622/male/phewas.csv
444,population_male,Population-based analysis (male),312.3,312.3,Impulse control disorder,mental disorders,Mental disorders,Both,435,0.8227728390391527,6.5323637444361395,6.5323637444361395,5.752208563534133,7.418329084960436,6.282735041862595e-184,3.8267567982254e-183,True,435,517.27,0.84,688,5309.51,0.13,Matched unexposed male individuals,current_manuscript/results_20260622/male/phewas.csv
445,population_male,Population-based analysis (male),313.1,313.1,Attention deficit hyperactivity disorder,mental disorders,Mental disorders,Both,7880,14.904482693398903,10.021760327305351,10.021760327305351,9.700640472139217,10.353510198260452,0.0,0.0,True,7880,467.01,16.87,8869,5262.94,1.69,Matched unexposed male individuals,current_manuscript/results_20260622/male/phewas.csv
446,population_male,Population-based analysis (male),313.3,313.3,Autism,mental disorders,Mental disorders,Both,4180,7.906184982031398,17.50101237649083,17.50101237649083,16.603648492908324,18.44687535591376,0.0,0.0,True,4180,490.96,8.51,2632,5296.63,0.5,Matched unexposed male individuals,current_manuscript/results_20260622/male/phewas.csv
447,population_male,Population-based analysis (male),315.3,315.3,Mental retardation,mental disorders,Mental disorders,Both,274,0.518252317003972,3.901143777227519,3.901143777227519,3.3462926319009934,4.54799518294229,9.633309957831038e-68,2.7465181581901257e-67,True,274,518.36,0.53,728,5308.81,0.14,Matched unexposed male individuals,current_manuscript/results_20260622/male/phewas.csv
448,population_male,Population-based analysis (male),317.1,317.1,Alcoholism,mental disorders,Mental disorders,Both,578,1.0932475884244373,3.720944896707735,3.720944896707735,3.3669323402943565,4.1121797306817545,2.4746504987544224e-146,1.2281598771596022e-145,True,578,516.23,1.12,1612,5279.24,0.31,Matched unexposed male individuals,current_manuscript/results_20260622/male/phewas.csv
449,population_male,Population-based analysis (male),318,318.0,Tobacco use disorder,mental disorders,Mental disorders,Both,769,1.4545110648761113,2.9054214651799755,2.9054214651799755,2.6691940061258683,3.1625553897375602,3.546724659074368e-134,1.6388313941929836e-133,True,769,515.22,1.49,2796,5271.14,0.53,Matched unexposed male individuals,current_manuscript/results_20260622/male/phewas.csv
450,population_male,Population-based analysis (male),327.3,327.3,Sleep apnea,neurological,Neurological conditions,Both,1636,3.0943824475127673,2.267119805803768,2.267119805803768,2.145418880715331,2.3957243315365893,7.221319081707508e-186,4.607889318803838e-185,True,1636,527.29,3.1,7829,5414.19,1.45,Matched unexposed male individuals,current_manuscript/results_20260622/male/phewas.csv
451,population_male,Population-based analysis (male),327.4,327.4,Insomnia,neurological,Neurological conditions,Both,863,1.6323056553811235,8.128274334920947,8.128274334920947,7.395719510642183,8.933389586863564,0.0,0.0,True,863,532.26,1.62,1090,5454.16,0.2,Matched unexposed male individuals,current_manuscript/results_20260622/male/phewas.csv
452,population_male,Population-based analysis (male),338.1,338.1,Acute pain,neurological,Neurological conditions,Both,2005,3.7923207868356346,2.0079234108123254,2.0079234108123254,1.9118712605585952,2.108801207938152,5.595888363292514e-171,2.999396162724788e-170,True,2005,534.21,3.75,9821,5457.15,1.8,Matched unexposed male individuals,current_manuscript/results_20260622/male/phewas.csv
453,population_male,Population-based analysis (male),338.2,338.2,Chronic pain,neurological,Neurological conditions,Both,747,1.4128995649706828,4.277733922760244,4.277733922760244,3.911453900606929,4.678313481105922,3.005953025182396e-222,2.0139885268722056e-221,True,747,542.71,1.38,1793,5506.45,0.33,Matched unexposed male individuals,current_manuscript/results_20260622/male/phewas.csv
454,population_male,Population-based analysis (male),339,339.0,Other headache syndromes,neurological,Neurological conditions,Both,2148,4.06279553622092,1.996350738236436,1.996350738236436,1.9040744055273795,2.0930990188659697,2.7133856747527745e-180,1.5808420887690077e-179,True,2148,518.47,4.14,10723,5266.68,2.04,Matched unexposed male individuals,current_manuscript/results_20260622/male/phewas.csv
455,population_male,Population-based analysis (male),345.3,345.3,Convulsions,neurological,Neurological conditions,Both,1179,2.229998108568186,3.250902176920576,3.250902176920576,3.0373554256998005,3.479462717627789,1.6776279375713122e-253,1.3223655507915045e-252,True,1179,535.25,2.2,3647,5447.39,0.67,Matched unexposed male individuals,current_manuscript/results_20260622/male/phewas.csv
456,population_male,Population-based analysis (male),350.1,350.1,Abnormal involuntary movements,neurological,Neurological conditions,Both,313,0.5920181577454133,3.1102841839925772,3.1102841839925772,2.724416272110667,3.5508038196012564,2.874591447735123e-63,7.70390507993013e-63,True,313,553.95,0.57,1099,5631.69,0.2,Matched unexposed male individuals,current_manuscript/results_20260622/male/phewas.csv
457,population_male,Population-based analysis (male),351,351.0,Other peripheral nerve disorders,neurological,Neurological conditions,Both,953,1.8025345186306034,1.741151577713372,1.741151577713372,1.6228267180555274,1.868103835637018,8.269190950078026e-54,1.9786992630543848e-53,True,953,545.34,1.75,5685,5531.57,1.03,Matched unexposed male individuals,current_manuscript/results_20260622/male/phewas.csv
458,population_male,Population-based analysis (male),367.1,367.1,Myopia,sense organs,Conditions of the sense organs,Both,279,0.5277094760733876,2.2815178162583076,2.2815178162583076,1.9960216264322792,2.607849272258716,1.146272250869111e-33,2.2260939364704468e-33,True,279,544.96,0.51,1260,5467.29,0.23,Matched unexposed male individuals,current_manuscript/results_20260622/male/phewas.csv
459,population_male,Population-based analysis (male),367.2,367.2,Astigmatism,sense organs,Conditions of the sense organs,Both,274,0.518252317003972,2.1131062736791524,2.1131062736791524,1.8485583275883768,2.4155137856469486,5.7284864567679615e-28,1.0100226121143512e-27,True,274,544.98,0.5,1273,5466.83,0.23,Matched unexposed male individuals,current_manuscript/results_20260622/male/phewas.csv
460,population_male,Population-based analysis (male),380.1,380.1,Otitis externa,sense organs,Conditions of the sense organs,Both,626,1.1840363154908267,1.5753035990428663,1.5753035990428663,1.4458792656482955,1.7163130339549684,2.7604916994282982e-25,4.68235300915686e-25,True,626,544.21,1.15,4146,5488.72,0.76,Matched unexposed male individuals,current_manuscript/results_20260622/male/phewas.csv
461,population_male,Population-based analysis (male),380.4,380.4,Impacted cerumen,sense organs,Conditions of the sense organs,Both,439,0.830338566294685,1.6060179800822363,1.6060179800822363,1.4493876593145412,1.7795747988962811,1.4444764291067543e-19,2.127031225278078e-19,True,439,545.92,0.8,2783,5498.4,0.51,Matched unexposed male individuals,current_manuscript/results_20260622/male/phewas.csv
462,population_male,Population-based analysis (male),381.1,381.1,Otitis media,sense organs,Conditions of the sense organs,Both,399,0.7546812937393607,1.7315643813503563,1.7315643813503563,1.5527398639336811,1.9309835964186353,5.50575278576221e-23,8.578731084792283e-23,True,399,537.8,0.74,2302,5362.1,0.43,Matched unexposed male individuals,current_manuscript/results_20260622/male/phewas.csv
463,population_male,Population-based analysis (male),386.9,386.9,Dizziness and giddiness (Light-headedness and vertigo),sense organs,Conditions of the sense organs,Both,1693,3.2021940609041044,1.884998496347975,1.884998496347975,1.7874031481890704,1.9879227217620794,8.358344547845864e-121,3.5000567794104564e-120,True,1693,538.72,3.14,8907,5498.98,1.62,Matched unexposed male individuals,current_manuscript/results_20260622/male/phewas.csv
464,population_male,Population-based analysis (male),389.1,389.1,Sensorineural hearing loss,sense organs,Conditions of the sense organs,Both,439,0.830338566294685,1.3330160793615493,1.3330160793615493,1.2048245847766013,1.4748469530657158,2.5176202011755293e-08,3.012152740692151e-08,True,439,547.21,0.8,3477,5522.53,0.63,Matched unexposed male individuals,current_manuscript/results_20260622/male/phewas.csv
465,population_male,Population-based analysis (male),401.1,401.1,Essential hypertension,circulatory system,Circulatory system conditions,Both,1710,3.2343484017401174,1.7995621965826922,1.7995621965826922,1.7068200612126385,1.8973435882097216,5.045487678467642e-105,1.8780426358740672e-104,True,1710,546.06,3.13,10372,5577.5,1.86,Matched unexposed male individuals,current_manuscript/results_20260622/male/phewas.csv
466,population_male,Population-based analysis (male),427.2,427.2,Atrial fibrillation and flutter,circulatory system,Circulatory system conditions,Both,320,0.605258180442595,1.3019276656418404,1.3019276656418404,1.156105808630419,1.466142314924974,1.3402448911823689e-05,1.521973012020656e-05,True,320,546.6,0.59,2607,5503.88,0.47,Matched unexposed male individuals,current_manuscript/results_20260622/male/phewas.csv
467,population_male,Population-based analysis (male),427.7,427.7,Tachycardia NOS,circulatory system,Circulatory system conditions,Both,350,0.6620011348590883,2.105697743352174,2.105697743352174,1.8684687384799956,2.3730463855474935,2.7276690569759366e-34,5.375112553452581e-34,True,350,546.64,0.64,1666,5510.4,0.3,Matched unexposed male individuals,current_manuscript/results_20260622/male/phewas.csv
468,population_male,Population-based analysis (male),427.9,427.9,Palpitations,circulatory system,Circulatory system conditions,Both,967,1.8290145640249669,1.4127914261887486,1.4127914261887486,1.3191346641450425,1.5130976906031592,5.365856946660652e-23,8.459115657088556e-23,True,967,542.23,1.78,6729,5476.81,1.23,Matched unexposed male individuals,current_manuscript/results_20260622/male/phewas.csv
469,population_male,Population-based analysis (male),451.2,451.2,Phlebitis and thrombophlebitis of lower extremities,circulatory system,Circulatory system conditions,Both,281,0.5314923397011537,1.2178408476560112,1.2178408476560112,1.0732910769905648,1.3818584371148646,0.0022341975038698,0.0023950597241484,True,281,548.64,0.51,2330,5532.07,0.42,Matched unexposed male individuals,current_manuscript/results_20260622/male/phewas.csv
470,population_male,Population-based analysis (male),459.9,459.9,Circulatory disease NEC,circulatory system,Circulatory system conditions,Both,329,0.622281066767543,1.6616488049031117,1.6616488049031117,1.4743377020318784,1.8727573384515124,8.658473378067039e-17,1.1839137067969216e-16,True,329,555.3,0.59,2053,5643.25,0.36,Matched unexposed male individuals,current_manuscript/results_20260622/male/phewas.csv
471,population_male,Population-based analysis (male),464,464.0,Acute sinusitis,respiratory,Respiratory conditions,Both,337,0.6374125212786079,1.676513247923532,1.676513247923532,1.4907197168110493,1.8854628665378883,6.5559539958904196e-18,9.056678715972332e-18,True,337,533.87,0.63,2132,5317.85,0.4,Matched unexposed male individuals,current_manuscript/results_20260622/male/phewas.csv
472,population_male,Population-based analysis (male),470,470.0,Septal Deviations/Turbinate Hypertrophy,respiratory,Respiratory conditions,Both,922,1.743900132400227,1.3777691055751486,1.3777691055751486,1.2840159100431925,1.478367747182736,4.975471541469857e-19,7.246882462575662e-19,True,922,503.09,1.83,6117,4829.95,1.27,Matched unexposed male individuals,current_manuscript/results_20260622/male/phewas.csv
473,population_male,Population-based analysis (male),472,472.0,Chronic pharyngitis and nasopharyngitis,respiratory,Respiratory conditions,Both,440,0.8322299981085682,1.8451194670842814,1.8451194670842814,1.6599186729285482,2.0509835230704274,7.388020602213612e-30,1.3561572064337313e-29,True,440,506.51,0.87,2201,4858.31,0.45,Matched unexposed male individuals,current_manuscript/results_20260622/male/phewas.csv
474,population_male,Population-based analysis (male),474.1,474.1,Acute tonsillitis,respiratory,Respiratory conditions,Both,484,0.915452997919425,1.2709840231033196,1.2709840231033196,1.154179013263011,1.399609911825512,1.086327959264614e-06,1.2548960908746403e-06,True,484,505.51,0.96,3498,4846.07,0.72,Matched unexposed male individuals,current_manuscript/results_20260622/male/phewas.csv
475,population_male,Population-based analysis (male),474.2,474.2,Chronic tonsillitis and adenoiditis,respiratory,Respiratory conditions,Both,534,1.0100245886135806,1.2311543399797014,1.2311543399797014,1.1236181414811797,1.348982321389693,8.216857478002078e-06,9.41075984660067e-06,True,534,505.44,1.06,3983,4841.5,0.82,Matched unexposed male individuals,current_manuscript/results_20260622/male/phewas.csv
476,population_male,Population-based analysis (male),476,476.0,Allergic rhinitis,respiratory,Respiratory conditions,Both,1318,2.4929071306979385,1.4435717010345388,1.4435717010345388,1.3610593478032604,1.5310862523306936,2.2722912792217892e-34,4.5445825584435785e-34,True,1318,499.69,2.64,8812,4806.64,1.83,Matched unexposed male individuals,current_manuscript/results_20260622/male/phewas.csv
477,population_male,Population-based analysis (male),477,477.0,Epistaxis or throat hemorrhage,respiratory,Respiratory conditions,Both,420,0.794401361830906,1.460093593837717,1.460093593837717,1.314978045016712,1.62122349558988,1.371462902317548e-12,1.750247894386204e-12,True,420,506.41,0.83,2729,4854.34,0.56,Matched unexposed male individuals,current_manuscript/results_20260622/male/phewas.csv
478,population_male,Population-based analysis (male),480.1,480.1,Bacterial pneumonia,respiratory,Respiratory conditions,Both,542,1.0251560431246454,1.8978885755072843,1.8978885755072843,1.728090642391225,2.084370435602192,6.097752788063213e-41,1.3179014090330171e-40,True,542,540.88,1.0,2946,5419.57,0.54,Matched unexposed male individuals,current_manuscript/results_20260622/male/phewas.csv
479,population_male,Population-based analysis (male),507,507.0,Pleurisy; pleural effusion,respiratory,Respiratory conditions,Both,267,0.5050122943067903,1.2990938872945146,1.2990938872945146,1.1415169329947465,1.4784230344953977,7.302279900044501e-05,8.086822368644323e-05,True,267,551.71,0.48,2058,5591.46,0.37,Matched unexposed male individuals,current_manuscript/results_20260622/male/phewas.csv
480,population_male,Population-based analysis (male),512.7,512.7,Shortness of breath,respiratory,Respiratory conditions,Both,1347,2.5477586533005487,2.022573036620772,2.022573036620772,1.9049785715888334,2.1474266164860154,1.5419922360671972e-117,6.077263518617777e-117,True,1347,541.64,2.49,6763,5493.21,1.23,Matched unexposed male individuals,current_manuscript/results_20260622/male/phewas.csv
481,population_male,Population-based analysis (male),512.8,512.8,Cough,respiratory,Respiratory conditions,Both,538,1.0175903158691129,1.835186578833067,1.835186578833067,1.6702616099207317,2.0163965687320404,1.3142303951813969e-36,2.709336506989341e-36,True,538,545.54,0.99,2901,5507.66,0.53,Matched unexposed male individuals,current_manuscript/results_20260622/male/phewas.csv
482,population_male,Population-based analysis (male),512.9,512.9,Other dyspnea,respiratory,Respiratory conditions,Both,407,0.7698127482504256,1.2372079458690615,1.2372079458690615,1.114482730262531,1.3734474835343295,6.507381677674862e-05,7.266576206736929e-05,True,407,545.68,0.75,3263,5505.09,0.59,Matched unexposed male individuals,current_manuscript/results_20260622/male/phewas.csv
483,population_male,Population-based analysis (male),530.1,530.1,"Esophagitis, GERD and related diseases",digestive,Digestive conditions,Both,1007,1.9046718365802913,1.8248534028094812,1.8248534028094812,1.7041803519776126,1.9540713152108262,1.5257310590924974e-66,4.1724073860896864e-66,True,1007,542.51,1.86,5693,5519.25,1.03,Matched unexposed male individuals,current_manuscript/results_20260622/male/phewas.csv
484,population_male,Population-based analysis (male),532,532.0,Dysphagia,digestive,Digestive conditions,Both,474,0.8965386797805939,1.8083629285704736,1.8083629285704736,1.6358078908639833,1.9991201287706062,5.299417153804162e-31,9.862804147357746e-31,True,474,547.19,0.87,2653,5542.9,0.48,Matched unexposed male individuals,current_manuscript/results_20260622/male/phewas.csv
485,population_male,Population-based analysis (male),540.1,540.1,Appendicitis,digestive,Digestive conditions,Both,975,1.8441460185360319,1.017746106009046,1.017746106009046,0.9522008886052369,1.0878031607529839,0.6045188028425266,0.6183627448923554,False,975,538.78,1.81,9430,5396.54,1.75,Matched unexposed male individuals,current_manuscript/results_20260622/male/phewas.csv
486,population_male,Population-based analysis (male),550.1,550.1,Inguinal hernia,digestive,Digestive conditions,Both,656,1.24077926990732,0.9953453799831953,0.9953453799831953,0.9177015424119503,1.079558418143278,0.910354958420156,0.910354958420156,False,656,544.34,1.21,6909,5465.28,1.26,Matched unexposed male individuals,current_manuscript/results_20260622/male/phewas.csv
487,population_male,Population-based analysis (male),550.2,550.2,Diaphragmatic hernia,digestive,Digestive conditions,Both,692,1.3088708152071118,2.1153959690320225,2.1153959690320225,1.9450115812100341,2.300706149529966,1.7776024953498735e-68,5.178233356019197e-68,True,692,543.7,1.27,3394,5489.25,0.62,Matched unexposed male individuals,current_manuscript/results_20260622/male/phewas.csv
488,population_male,Population-based analysis (male),550.4,550.4,Umbilical hernia,digestive,Digestive conditions,Both,328,0.62038963495366,1.555423387479221,1.555423387479221,1.3807398295848263,1.752206941871739,3.6482546923141794e-13,4.746273094855342e-13,True,328,546.98,0.6,2203,5501.71,0.4,Matched unexposed male individuals,current_manuscript/results_20260622/male/phewas.csv
489,population_male,Population-based analysis (male),562.1,562.1,Diverticulosis,digestive,Digestive conditions,Both,403,0.7622470209948932,1.2465432256611584,1.2465432256611584,1.121398331086343,1.3856539379155581,4.452886524000877e-05,5.014174741311912e-05,True,403,527.69,0.76,3334,5232.8,0.64,Matched unexposed male individuals,current_manuscript/results_20260622/male/phewas.csv
490,population_male,Population-based analysis (male),563,563.0,Constipation,digestive,Digestive conditions,Both,576,1.0894647247966711,2.618154832871399,2.618154832871399,2.3815108037926023,2.8783135134098767,3.1472530873093546e-88,1.08136388128065e-87,True,576,526.04,1.09,2201,5236.68,0.42,Matched unexposed male individuals,current_manuscript/results_20260622/male/phewas.csv
491,population_male,Population-based analysis (male),564.1,564.1,Irritable Bowel Syndrome,digestive,Digestive conditions,Both,458,0.8662757707584642,3.1961129757269813,3.1961129757269813,2.867469399138942,3.5624227260028767,8.311892239394452e-98,3.0102528650779905e-97,True,458,526.29,0.87,1529,5239.76,0.29,Matched unexposed male individuals,current_manuscript/results_20260622/male/phewas.csv
492,population_male,Population-based analysis (male),573.9,573.9,Abnormal serum enzyme levels,digestive,Digestive conditions,Both,363,0.6865897484395688,1.5509374457530065,1.5509374457530065,1.3854639979525902,1.736174281102591,2.4608375371717943e-14,3.2648735641685195e-14,True,363,554.63,0.65,2633,5638.32,0.47,Matched unexposed male individuals,current_manuscript/results_20260622/male/phewas.csv
493,population_male,Population-based analysis (male),574.1,574.1,Cholelithiasis,digestive,Digestive conditions,Both,882,1.6682428598449026,1.8554418856721575,1.8554418856721575,1.7238535586724044,1.9970748523197988,6.0584636907970316e-61,1.561219489551543e-60,True,882,549.2,1.61,4881,5590.83,0.87,Matched unexposed male individuals,current_manuscript/results_20260622/male/phewas.csv
494,population_male,Population-based analysis (male),577.1,577.1,Acute pancreatitis,digestive,Digestive conditions,Both,280,0.5296009078872707,3.0464617177369555,3.0464617177369555,2.6546817858609657,3.4960608262232125,1.1745388811698746e-56,2.9695888693728906e-56,True,280,555.09,0.5,947,5649.48,0.17,Matched unexposed male individuals,current_manuscript/results_20260622/male/phewas.csv
495,population_male,Population-based analysis (male),578.8,578.8,Hemorrhage of rectum and anus,digestive,Digestive conditions,Both,309,0.5844524304898808,2.1496646165686175,2.1496646165686175,1.896039842117309,2.437215643404815,6.646527894179979e-33,1.272335339743025e-32,True,309,551.38,0.56,1512,5599.78,0.27,Matched unexposed male individuals,current_manuscript/results_20260622/male/phewas.csv
496,population_male,Population-based analysis (male),578.9,578.9,Hemorrhage of gastrointestinal tract,digestive,Digestive conditions,Both,460,0.8700586343862303,2.152516025632716,2.152516025632716,1.941796135411205,2.386102823108403,3.497202471558982e-48,7.94279883371023e-48,True,460,550.59,0.84,2308,5596.02,0.41,Matched unexposed male individuals,current_manuscript/results_20260622/male/phewas.csv
497,population_male,Population-based analysis (male),585.1,585.1,Acute renal failure,genitourinary,Genitourinary conditions,Both,281,0.5314923397011537,3.0272328545403293,3.0272328545403293,2.632525320981611,3.481120839586563,1.8659706258942958e-54,4.5461829794515575e-54,True,281,554.03,0.51,959,5617.88,0.17,Matched unexposed male individuals,current_manuscript/results_20260622/male/phewas.csv
498,population_male,Population-based analysis (male),591,591.0,Urinary tract infection,genitourinary,Genitourinary conditions,Both,498,0.9419330433137886,2.4555413482018182,2.4555413482018182,2.221222382283542,2.7145788556884374,5.279949199435742e-69,1.6453795179636963e-68,True,498,545.92,0.91,2095,5520.76,0.38,Matched unexposed male individuals,current_manuscript/results_20260622/male/phewas.csv
499,population_male,Population-based analysis (male),594.1,594.1,Calculus of kidney,genitourinary,Genitourinary conditions,Both,774,1.4639682239455267,1.7290607821698867,1.7290607821698867,1.5993124001108059,1.8693353395064072,4.5060940932577445e-43,9.898632926172749e-43,True,774,548.91,1.41,4704,5569.88,0.84,Matched unexposed male individuals,current_manuscript/results_20260622/male/phewas.csv
500,population_male,Population-based analysis (male),594.3,594.3,Calculus of ureter,genitourinary,Genitourinary conditions,Both,711,1.344808019670891,1.6787562450585765,1.6787562450585765,1.5480612174837949,1.8204851968993097,5.253860032652705e-36,1.0666927945082764e-35,True,711,549.34,1.29,4347,5573.51,0.78,Matched unexposed male individuals,current_manuscript/results_20260622/male/phewas.csv
501,population_male,Population-based analysis (male),599.2,599.2,Retention of urine,genitourinary,Genitourinary conditions,Both,399,0.7546812937393607,3.23258955604767,3.23258955604767,2.8711667934100236,3.6395082521338527,8.412655646213692e-84,2.7495020892503288e-83,True,399,549.01,0.73,1298,5568.85,0.23,Matched unexposed male individuals,current_manuscript/results_20260622/male/phewas.csv
502,population_male,Population-based analysis (male),599.9,599.9,Other abnormality of urination,genitourinary,Genitourinary conditions,Both,332,0.6279553622091923,2.62512160640895,2.62512160640895,2.314660638810946,2.9772241048584926,4.719959916657677e-51,1.090473497986429e-50,True,332,549.48,0.6,1262,5570.25,0.23,Matched unexposed male individuals,current_manuscript/results_20260622/male/phewas.csv
503,population_male,Population-based analysis (male),601.1,601.1,Prostatitis,genitourinary,Genitourinary conditions,Male,382,0.7225269529033478,1.7864000809995864,1.7864000809995864,1.5974412048992848,1.9977106134535503,2.6506218821776232e-24,4.384979410022241e-24,True,382,547.53,0.7,2271,5538.67,0.41,Matched unexposed male individuals,current_manuscript/results_20260622/male/phewas.csv
504,population_male,Population-based analysis (male),601.4,601.4,Balanoposthitis,genitourinary,Genitourinary conditions,Male,392,0.7414412710421789,1.6268698796551058,1.6268698796551058,1.4587319616733758,1.8143878895289753,2.25663241647773e-18,3.2169015298725087e-18,True,392,547.37,0.72,2498,5533.55,0.45,Matched unexposed male individuals,current_manuscript/results_20260622/male/phewas.csv
505,population_male,Population-based analysis (male),604.1,604.1,Redundant prepuce and phimosis/BXO,genitourinary,Genitourinary conditions,Male,994,1.8800832229998108,1.367873911970445,1.367873911970445,1.2786776921774636,1.4632921575905993,8.598023034857967e-20,1.280150096301075e-19,True,994,515.51,1.93,6910,5022.62,1.38,Matched unexposed male individuals,current_manuscript/results_20260622/male/phewas.csv
506,population_male,Population-based analysis (male),605,605.0,Erectile dysfunction [ED],genitourinary,Genitourinary conditions,Male,354,0.6695668621146208,3.760957746624417,3.760957746624417,3.2932314763837396,4.29511356044321,4.103776852143345e-85,1.3747652454680204e-84,True,354,519.84,0.68,957,5063.69,0.19,Matched unexposed male individuals,current_manuscript/results_20260622/male/phewas.csv
507,population_male,Population-based analysis (male),608,608.0,Other disorders of male genital organs,genitourinary,Genitourinary conditions,Male,775,1.46585965575941,1.2329053667794527,1.2329053667794527,1.142656705965296,1.3302819958943497,6.724147011488143e-08,7.973767252561163e-08,True,775,518.32,1.5,5802,5037.19,1.15,Matched unexposed male individuals,current_manuscript/results_20260622/male/phewas.csv
508,population_male,Population-based analysis (male),609.1,609.1,"Infertility, male",genitourinary,Genitourinary conditions,Male,1045,1.9765462455078495,0.7420872499832778,0.7420872499832778,0.6963716767897404,0.790803969981131,3.7515689461477576e-20,5.648429649256174e-20,False,1045,515.73,2.03,13485,4973.19,2.71,Matched unexposed male individuals,current_manuscript/results_20260622/male/phewas.csv
509,population_male,Population-based analysis (male),612.2,612.2,Hypertrophy of breast (Gynecomastia),genitourinary,Genitourinary conditions,Both,290,0.5485152260261018,2.3950271495658195,2.3950271495658195,2.101624939152663,2.7293904541645224,3.327163876961293e-39,6.966249367387707e-39,True,290,553.37,0.52,1181,5622.15,0.21,Matched unexposed male individuals,current_manuscript/results_20260622/male/phewas.csv
510,population_male,Population-based analysis (male),686.1,686.1,Carbuncle and furuncle,dermatologic,Dermatologic conditions,Both,712,1.3466994514847739,1.9359048919182713,1.9359048919182713,1.7834075218299776,2.1014421575992355,4.277097255823377e-56,1.0613537634820971e-55,True,712,536.18,1.33,3680,5359.85,0.69,Matched unexposed male individuals,current_manuscript/results_20260622/male/phewas.csv
511,population_male,Population-based analysis (male),686.3,686.3,Pilonidal cyst,dermatologic,Dermatologic conditions,Both,475,0.898430111594477,1.4741191936053522,1.4741191936053522,1.336848576847425,1.6254850658405584,7.171978801774525e-15,9.610451594377864e-15,True,475,537.75,0.88,3128,5360.51,0.58,Matched unexposed male individuals,current_manuscript/results_20260622/male/phewas.csv
512,population_male,Population-based analysis (male),687.1,687.1,Rash and other nonspecific skin eruption,dermatologic,Dermatologic conditions,Both,313,0.5920181577454133,2.3532893694380195,2.3532893694380195,2.074033390736017,2.6701454668213995,3.062229820728624e-40,6.513314221867232e-40,True,313,549.43,0.57,1363,5569.36,0.24,Matched unexposed male individuals,current_manuscript/results_20260622/male/phewas.csv
513,population_male,Population-based analysis (male),687.4,687.4,Disturbance of skin sensation,dermatologic,Dermatologic conditions,Both,986,1.864951768488746,1.8461167563197192,1.8461167563197192,1.7223573590399572,1.9787688426425882,3.4921589750676516e-67,9.748943805397194e-67,True,986,545.53,1.81,5346,5545.33,0.96,Matched unexposed male individuals,current_manuscript/results_20260622/male/phewas.csv
514,population_male,Population-based analysis (male),690.1,690.1,Seborrheic dermatitis,dermatologic,Dermatologic conditions,Both,499,0.9438244751276716,1.6798420503089013,1.6798420503089013,1.5245630385911486,1.8509364601897393,1.0471410005148438e-25,1.7989345393460138e-25,True,499,544.67,0.92,2944,5499.38,0.54,Matched unexposed male individuals,current_manuscript/results_20260622/male/phewas.csv
515,population_male,Population-based analysis (male),696.4,696.4,Psoriasis,dermatologic,Dermatologic conditions,Both,634,1.1991677700018915,1.3859428822148379,1.3859428822148379,1.2734303139235361,1.5083963776892702,4.1690561641238275e-14,5.476995352868557e-14,True,634,542.71,1.17,4564,5476.67,0.83,Matched unexposed male individuals,current_manuscript/results_20260622/male/phewas.csv
516,population_male,Population-based analysis (male),728.2,728.2,Laxity of ligament or hypermobility syndrome,musculoskeletal,Musculoskeletal conditions,Both,304,0.5749952714204652,1.8933500803087502,1.8933500803087502,1.670825072352429,2.1455115714525324,1.4217499040462197e-23,2.295355266773415e-23,True,304,552.7,0.55,1637,5606.36,0.29,Matched unexposed male individuals,current_manuscript/results_20260622/male/phewas.csv
517,population_male,Population-based analysis (male),740.1,740.1,Osteoarthritis; localized,musculoskeletal,Musculoskeletal conditions,Both,517,0.9778702477775676,1.1955369116059782,1.1955369116059782,1.0894864166566824,1.3119103507490195,0.0001642679747642,0.0001775153920839,True,517,553.16,0.93,4875,5616.63,0.87,Matched unexposed male individuals,current_manuscript/results_20260622/male/phewas.csv
518,population_male,Population-based analysis (male),740.9,740.9,Osteoarthrosis NOS,musculoskeletal,Musculoskeletal conditions,Both,367,0.6941554756951012,1.4009890600928283,1.4009890600928283,1.2533194750810037,1.5660574861592493,2.968742359377504e-09,3.5838871725818517e-09,True,367,554.26,0.66,2853,5628.93,0.51,Matched unexposed male individuals,current_manuscript/results_20260622/male/phewas.csv
519,population_male,Population-based analysis (male),742.9,742.9,Other derangement of joint,musculoskeletal,Musculoskeletal conditions,Both,845,1.5982598827312275,0.9089219239967539,0.9089219239967539,0.8465601893275527,0.9758775268869977,0.0084549476602741,0.0089917697339423,False,845,538.2,1.57,9132,5348.85,1.71,Matched unexposed male individuals,current_manuscript/results_20260622/male/phewas.csv
520,population_male,Population-based analysis (male),745,745.0,Pain in joint,musculoskeletal,Musculoskeletal conditions,Both,1520,2.8749763571023266,1.2732542886309677,1.2732542886309677,1.2059421490635498,1.3443235936118856,2.8447236431079383e-18,4.012557559752249e-18,True,1520,537.11,2.83,11884,5427.03,2.19,Matched unexposed male individuals,current_manuscript/results_20260622/male/phewas.csv
521,population_male,Population-based analysis (male),800.3,800.3,Fracture of tibia and fibula,injuries & poisonings,Injuries & poisonings,Both,431,0.8152071117836202,1.3026355169641424,1.3026355169641424,1.1750392783470847,1.444087292505994,4.987083197329834e-07,5.811036073410415e-07,True,431,467.56,0.92,2969,4195.35,0.71,Matched unexposed male individuals,current_manuscript/results_20260622/male/phewas.csv
522,population_male,Population-based analysis (male),803.1,803.1,Fracture of humerus,injuries & poisonings,Injuries & poisonings,Both,321,0.6071496122564781,1.6634125918274174,1.6634125918274174,1.4717453864941334,1.8800408522028247,3.7271792533172316e-16,5.044868888328374e-16,True,321,468.43,0.69,1796,4207.65,0.43,Matched unexposed male individuals,current_manuscript/results_20260622/male/phewas.csv
523,population_male,Population-based analysis (male),803.2,803.2,Fracture of radius and ulna,injuries & poisonings,Injuries & poisonings,Both,884,1.6720257234726688,1.150771573619779,1.150771573619779,1.0717278309455769,1.2356450736965046,0.00010973707218,0.0001205308825583,True,884,464.05,1.9,6755,4164.55,1.62,Matched unexposed male individuals,current_manuscript/results_20260622/male/phewas.csv
524,population_male,Population-based analysis (male),803.3,803.3,Fracture of clavicle or scapula,injuries & poisonings,Injuries & poisonings,Both,563,1.0648761112161906,1.0837334581563873,1.0837334581563873,0.9916412847426563,1.1843780875182042,0.0759403966337657,0.0788838228598806,False,563,466.73,1.21,4734,4186.05,1.13,Matched unexposed male individuals,current_manuscript/results_20260622/male/phewas.csv
525,population_male,Population-based analysis (male),804,804.0,Fracture of hand or wrist,injuries & poisonings,Injuries & poisonings,Both,2276,4.304898808397957,1.3104856537603276,1.3104856537603276,1.2529970230305687,1.3706119145901074,3.29618024831321e-32,6.220959905267185e-32,True,2276,452.35,5.03,15426,4092.96,3.77,Matched unexposed male individuals,current_manuscript/results_20260622/male/phewas.csv
526,population_male,Population-based analysis (male),805,805.0,Fracture of vertebral column without mention of spinal cord injury,injuries & poisonings,Injuries & poisonings,Both,382,0.7225269529033478,1.8901429777131618,1.8901429777131618,1.6873090548728866,2.1173598671095393,4.153496284216843e-28,7.420913361134093e-28,True,382,467.95,0.82,1855,4207.42,0.44,Matched unexposed male individuals,current_manuscript/results_20260622/male/phewas.csv
527,population_male,Population-based analysis (male),807,807.0,Fracture of ribs,injuries & poisonings,Injuries & poisonings,Both,556,1.0516360885190088,1.5994770468656303,1.5994770468656303,1.4578038424145217,1.7549184252476033,3.218034991517616e-23,5.133532010278102e-23,True,556,466.71,1.19,3285,4196.29,0.78,Matched unexposed male individuals,current_manuscript/results_20260622/male/phewas.csv
528,population_male,Population-based analysis (male),809,809.0,Fracture of unspecified bones,injuries & poisonings,Injuries & poisonings,Both,1618,3.0603366748628713,1.2839569266747282,1.2839569266747282,1.2176524956059376,1.3538718111324952,2.4764369252538782e-20,3.770938045272951e-20,True,1618,457.52,3.54,11150,4124.43,2.7,Matched unexposed male individuals,current_manuscript/results_20260622/male/phewas.csv
529,population_male,Population-based analysis (male),817,817.0,Concussion,injuries & poisonings,Injuries & poisonings,Both,1334,2.523170039720068,1.7132108619458326,1.7132108619458326,1.6149042341735278,1.8175018650510237,2.574241151294221e-71,8.213055101748227e-71,True,1334,510.75,2.61,7541,5049.24,1.49,Matched unexposed male individuals,current_manuscript/results_20260622/male/phewas.csv
530,population_male,Population-based analysis (male),819,819.0,Skull and face fracture and other intercranial injury,injuries & poisonings,Injuries & poisonings,Both,1001,1.8933232456969926,1.4256278641931543,1.4256278641931543,1.3328004665654951,1.5249205399824644,5.552472934758267e-25,9.300392165720095e-25,True,1001,513.82,1.95,6768,5055.98,1.34,Matched unexposed male individuals,current_manuscript/results_20260622/male/phewas.csv
531,population_male,Population-based analysis (male),830,830.0,Dislocation,injuries & poisonings,Injuries & poisonings,Both,3291,6.224702099489313,1.044608000346239,1.044608000346239,1.0071906538776167,1.083415409174319,0.0190275065341326,0.0200762667368013,True,3291,479.95,6.86,29507,4568.6,6.46,Matched unexposed male individuals,current_manuscript/results_20260622/male/phewas.csv
532,population_male,Population-based analysis (male),835,835.0,Internal derangement of knee,injuries & poisonings,Injuries & poisonings,Both,870,1.6455456780783053,0.8089279306902603,0.8089279306902603,0.7542803118402486,0.8675347702690885,2.81777803344588e-09,3.43256596801589e-09,False,870,500.02,1.74,10458,4710.74,2.22,Matched unexposed male individuals,current_manuscript/results_20260622/male/phewas.csv
533,population_male,Population-based analysis (male),850,850.0,Hemorrhage or hematoma complicating a procedure,injuries & poisonings,Injuries & poisonings,Both,383,0.724418384717231,1.4866376763020226,1.4866376763020226,1.3318250857921727,1.6594458267664403,1.579213041315854e-12,1.996363656003061e-12,True,383,551.65,0.69,2545,5593.85,0.45,Matched unexposed male individuals,current_manuscript/results_20260622/male/phewas.csv
534,population_male,Population-based analysis (male),858,858.0,Complication of internal orthopedic device,injuries & poisonings,Injuries & poisonings,Both,291,0.5504066578399849,1.8930220789168277,1.8930220789168277,1.6648062912334132,2.1525222544730047,2.104407819219681e-22,3.241271813510773e-22,True,291,552.25,0.53,1511,5601.91,0.27,Matched unexposed male individuals,current_manuscript/results_20260622/male/phewas.csv
535,population_male,Population-based analysis (male),870.1,870.1,Open wound or laceration of eye or eyelid,injuries & poisonings,Injuries & poisonings,Both,692,1.3088708152071118,1.247156558757058,1.247156558757058,1.150712436366926,1.3516839071988438,7.505986748816443e-08,8.822826529310554e-08,True,692,480.68,1.44,5148,4485.49,1.15,Matched unexposed male individuals,current_manuscript/results_20260622/male/phewas.csv
536,population_male,Population-based analysis (male),870.3,870.3,Other open wound of head and face,injuries & poisonings,Injuries & poisonings,Both,1782,3.370531492339701,1.1649350630163764,1.1649350630163764,1.1081833650790778,1.2245930987676674,2.0819816559338475e-09,2.5595003843590422e-09,True,1782,472.34,3.77,13979,4411.96,3.17,Matched unexposed male individuals,current_manuscript/results_20260622/male/phewas.csv
537,population_male,Population-based analysis (male),907,907.0,Injuries to the nervous system,injuries & poisonings,Injuries & poisonings,Both,451,0.8530357480612824,1.6861178645097137,1.6861178645097137,1.5231414308633708,1.8665328087144784,7.271560845608821e-24,1.1882794552580271e-23,True,451,550.17,0.82,2676,5582.19,0.48,Matched unexposed male individuals,current_manuscript/results_20260622/male/phewas.csv
538,population_male,Population-based analysis (male),915,915.0,Superficial injury without mention of infection,injuries & poisonings,Injuries & poisonings,Both,2207,4.174390013240023,1.5095129495692485,1.5095129495692485,1.4416434795025297,1.5805775681124317,6.557574407654133e-69,1.997079478694668e-68,True,2207,457.19,4.83,13186,4273.11,3.09,Matched unexposed male individuals,current_manuscript/results_20260622/male/phewas.csv
539,population_male,Population-based analysis (male),916,916.0,Contusion,injuries & poisonings,Injuries & poisonings,Both,4354,8.235294117647058,1.3146572113638206,1.3146572113638206,1.2728436138469374,1.3578444080552479,8.322745035449173e-62,2.1867604602944887e-61,True,4354,458.97,9.49,31074,4419.84,7.03,Matched unexposed male individuals,current_manuscript/results_20260622/male/phewas.csv
540,population_male,Population-based analysis (male),969,969.0,Poisoning by psychotropic agents,injuries & poisonings,Injuries & poisonings,Both,549,1.0383960658218272,11.319593739354461,11.319593739354461,9.928103771422187,12.906110308079285,7.026464308556001e-288,6.276974782310028e-287,True,549,540.61,1.02,489,5543.17,0.09,Matched unexposed male individuals,current_manuscript/results_20260622/male/phewas.csv
541,population_male,Population-based analysis (male),979,979.0,Adverse drug events and drug allergies,injuries & poisonings,Injuries & poisonings,Both,2032,3.8433894458104785,9.569383946145331,9.569383946145331,8.969516625642541,10.209369459994065,0.0,0.0,True,2032,531.38,3.82,2251,5534.96,0.41,Matched unexposed male individuals,current_manuscript/results_20260622/male/phewas.csv
542,sibling,Sibling-based analysis,41.1,41.1,Staphylococcus infections,infectious diseases,Infectious diseases,Both,494,0.5647521492591915,1.5064720460967493,1.5064720460967493,1.312068872719178,1.729679038088619,6.137605827683034e-09,1.1036428827760317e-08,True,494,950.39,0.52,442,1273.03,0.35,Unaffected full siblings,current_manuscript/results_20260622/sibling/phewas.csv
543,sibling,Sibling-based analysis,41.2,41.2,Streptococcus infection,infectious diseases,Infectious diseases,Both,725,0.828836656301445,1.3590690720372072,1.3590690720372072,1.2127845623473892,1.522998230611549,1.2895815752104601e-07,2.1063165728437517e-07,True,725,948.35,0.76,668,1270.72,0.53,Unaffected full siblings,current_manuscript/results_20260622/sibling/phewas.csv
544,sibling,Sibling-based analysis,41.4,41.4,E. coli,infectious diseases,Infectious diseases,Both,553,0.632202304737516,1.7383968726778996,1.7383968726778996,1.487607125294681,2.0314662625306177,3.4845109852914312e-12,8.130525632346673e-12,True,553,950.01,0.58,343,1273.45,0.27,Unaffected full siblings,current_manuscript/results_20260622/sibling/phewas.csv
545,sibling,Sibling-based analysis,54,54.0,Herpes simplex,infectious diseases,Infectious diseases,Both,1432,1.6370952990671301,1.314495341736397,1.314495341736397,1.1971808685086105,1.4433057267271718,9.849706482859585e-09,1.723698634500427e-08,True,1432,893.03,1.6,1099,1163.43,0.94,Unaffected full siblings,current_manuscript/results_20260622/sibling/phewas.csv
546,sibling,Sibling-based analysis,70.3,70.3,Viral hepatitis C,infectious diseases,Infectious diseases,Both,473,0.5407444668008048,4.38835823960115,4.38835823960115,3.5579895382635307,5.41251957937852,1.9466912992861576e-43,1.0901471276002485e-42,True,473,901.3,0.52,179,1171.26,0.15,Unaffected full siblings,current_manuscript/results_20260622/sibling/phewas.csv
547,sibling,Sibling-based analysis,78,78.0,Viral warts & HPV,infectious diseases,Infectious diseases,Both,1646,1.8817450155478324,1.3363851308848398,1.3363851308848398,1.2389401324461353,1.441494363834998,6.069498640279422e-14,1.5058502955629958e-13,True,1646,888.63,1.85,1607,1157.16,1.39,Unaffected full siblings,current_manuscript/results_20260622/sibling/phewas.csv
548,sibling,Sibling-based analysis,80,80.0,Postoperative infection,infectious diseases,Infectious diseases,Both,1524,1.742271812694348,1.6145659588474148,1.6145659588474148,1.4864183535049553,1.7537614691866636,7.054230742137276e-30,2.765258450917812e-29,True,1524,949.77,1.6,1182,1283.59,0.92,Unaffected full siblings,current_manuscript/results_20260622/sibling/phewas.csv
549,sibling,Sibling-based analysis,90.3,90.3,Venereal diseases due to Chlamydia trachomatis,infectious diseases,Infectious diseases,Both,701,0.8013993049204317,1.4933188877774315,1.4933188877774315,1.3268278465948196,1.680701310509812,2.9537299957196416e-11,6.292729121315757e-11,True,701,948.16,0.74,634,1270.41,0.5,Unaffected full siblings,current_manuscript/results_20260622/sibling/phewas.csv
550,sibling,Sibling-based analysis,136,136.0,Other infectious and parasitic diseases,infectious diseases,Infectious diseases,Both,464,0.5304554600329249,1.4969280090570174,1.4969280090570174,1.2957060699626308,1.729399526826352,4.319565787256597e-08,7.114578943716749e-08,True,464,954.14,0.49,422,1279.63,0.33,Unaffected full siblings,current_manuscript/results_20260622/sibling/phewas.csv
551,sibling,Sibling-based analysis,173,173.0,Neoplasm of uncertain behavior of skin,neoplasms,Neoplasms,Both,1376,1.5730748125114322,1.0375781620024556,1.0375781620024556,0.9604845101823186,1.1208597648909926,0.3490228878338847,0.3713548377086914,False,1376,953.77,1.44,1668,1283.55,1.3,Unaffected full siblings,current_manuscript/results_20260622/sibling/phewas.csv
552,sibling,Sibling-based analysis,174.3,174.3,Neoplasm of uncertain behavior of breast,neoplasms,Neoplasms,Both,511,0.5841869398207427,1.2067832641198528,1.2067832641198528,1.0115410359400756,1.4397101005460744,0.0368484570333248,0.042989866538879,True,511,938.54,0.54,416,1247.69,0.33,Unaffected full siblings,current_manuscript/results_20260622/sibling/phewas.csv
553,sibling,Sibling-based analysis,180.3,180.3,Cervical intraepithelial neoplasia [CIN] [Cervical dysplasia],neoplasms,Neoplasms,Female,5405,6.179120175599049,1.123478591836462,1.123478591836462,1.0627278916576672,1.1877020978023123,4.0423263856570005e-05,5.9126565043938216e-05,True,5405,560.87,9.64,2983,353.38,8.44,Unaffected full siblings,current_manuscript/results_20260622/sibling/phewas.csv
554,sibling,Sibling-based analysis,195.1,195.1,"Malignant neoplasm, other",neoplasms,Neoplasms,Both,681,0.7785348454362538,1.1130847265984611,1.1130847265984611,0.9879552105958058,1.2540625276317872,0.0782664321994893,0.0886717960179185,False,681,957.23,0.71,716,1288.23,0.56,Unaffected full siblings,current_manuscript/results_20260622/sibling/phewas.csv
555,sibling,Sibling-based analysis,208,208.0,Benign neoplasm of colon,neoplasms,Neoplasms,Both,467,0.5338851289555515,1.468006513811806,1.468006513811806,1.2722625838237365,1.693866621556214,1.4568540985530308e-07,2.340519699314705e-07,True,467,963.21,0.48,415,1300.45,0.32,Unaffected full siblings,current_manuscript/results_20260622/sibling/phewas.csv
556,sibling,Sibling-based analysis,214.1,214.1,Lipoma of skin and subcutaneous tissue,neoplasms,Neoplasms,Both,469,0.5361715749039693,1.1345566007888221,1.1345566007888221,0.9933879953993385,1.2957864262050292,0.0625826484213713,0.0725810597076259,False,469,958.09,0.49,563,1288.22,0.44,Unaffected full siblings,current_manuscript/results_20260622/sibling/phewas.csv
557,sibling,Sibling-based analysis,215,215.0,Other benign neoplasm of connective and other soft tissue,neoplasms,Neoplasms,Both,535,0.611624291201756,1.0455705465703473,1.0455705465703473,0.9244434577051297,1.1825685592164352,0.4780900868857087,0.495797127140735,False,535,957.26,0.56,661,1287.23,0.51,Unaffected full siblings,current_manuscript/results_20260622/sibling/phewas.csv
558,sibling,Sibling-based analysis,218.1,218.1,Uterine leiomyoma,neoplasms,Neoplasms,Female,1396,1.59593927199561,1.1412396413604422,1.1412396413604422,1.0191116378910035,1.2780031849187938,0.0221472577997554,0.0267954477083461,True,1396,587.6,2.38,783,366.14,2.14,Unaffected full siblings,current_manuscript/results_20260622/sibling/phewas.csv
559,sibling,Sibling-based analysis,244.4,244.4,Hypothyroidism NOS,endocrine/metabolic,Endocrine/metabolic conditions,Both,2055,2.3493232119992684,1.667031824688539,1.667031824688539,1.531079098264684,1.8150565229935516,5.306306186302934e-32,2.1667416927403646e-31,True,2055,937.28,2.19,1376,1267.84,1.09,Unaffected full siblings,current_manuscript/results_20260622/sibling/phewas.csv
560,sibling,Sibling-based analysis,250.2,250.2,Type 2 diabetes,endocrine/metabolic,Endocrine/metabolic conditions,Both,978,1.1180720687762942,1.7766607544817732,1.7766607544817732,1.5976303355722046,1.9757533180447582,2.801699391175798e-26,9.805947869115292e-26,True,978,959.34,1.02,791,1297.13,0.61,Unaffected full siblings,current_manuscript/results_20260622/sibling/phewas.csv
561,sibling,Sibling-based analysis,256.4,256.4,Polycystic ovaries,endocrine/metabolic,Endocrine/metabolic conditions,Female,1303,1.4896195353941832,1.4353302697459058,1.4353302697459058,1.2769767659616256,1.6133206477703173,1.3668286915700406e-09,2.575946380266615e-09,True,1303,598.17,2.18,593,380.33,1.56,Unaffected full siblings,current_manuscript/results_20260622/sibling/phewas.csv
562,sibling,Sibling-based analysis,272.1,272.1,Hyperlipidemia,endocrine/metabolic,Endocrine/metabolic conditions,Both,548,0.6264861898664715,1.5662370004208175,1.5662370004208175,1.3579309748333162,1.8064970804486682,7.182286966929073e-10,1.4077282455180984e-09,True,548,962.33,0.57,574,1299.3,0.44,Unaffected full siblings,current_manuscript/results_20260622/sibling/phewas.csv
563,sibling,Sibling-based analysis,276.1,276.1,Electrolyte imbalance,endocrine/metabolic,Endocrine/metabolic conditions,Both,562,0.6424913115053961,2.062824270227243,2.062824270227243,1.783907695314336,2.3853498591970337,1.5244794002943185e-22,4.979966040961439e-22,True,562,960.15,0.59,342,1295.18,0.26,Unaffected full siblings,current_manuscript/results_20260622/sibling/phewas.csv
564,sibling,Sibling-based analysis,278.1,278.1,Obesity,endocrine/metabolic,Endocrine/metabolic conditions,Both,4754,5.434882019389062,1.478385081401377,1.478385081401377,1.4036358804601194,1.557114974998856,2.333363040130674e-49,1.4291848620800378e-48,True,4754,912.97,5.21,3710,1241.24,2.99,Unaffected full siblings,current_manuscript/results_20260622/sibling/phewas.csv
565,sibling,Sibling-based analysis,280.1,280.1,"Iron deficiency anemias, unspecified or not due to blood loss",hematopoietic,Hematopoietic conditions,Both,1080,1.2346808121456008,1.7374115157052727,1.7374115157052727,1.5544018330492921,1.941968100348714,2.3075163275012863e-22,7.414314757217249e-22,True,1080,950.29,1.14,707,1281.39,0.55,Unaffected full siblings,current_manuscript/results_20260622/sibling/phewas.csv
566,sibling,Sibling-based analysis,289.4,289.4,Lymphadenitis,hematopoietic,Hematopoietic conditions,Both,743,0.849414669837205,1.2268135327323706,1.2268135327323706,1.0979957533668383,1.3707443216243824,0.0003041510306093,0.0004288748345283,True,743,952.24,0.78,732,1279.53,0.57,Unaffected full siblings,current_manuscript/results_20260622/sibling/phewas.csv
567,sibling,Sibling-based analysis,290.3,290.3,Other persistent mental disorders due to conditions classified elsewhere,mental disorders,Mental disorders,Both,3650,4.172763855862447,4.177158973566986,4.177158973566986,3.884201176342624,4.492212503493678,0.0,0.0,True,3650,916.15,3.98,1426,1262.4,1.13,Unaffected full siblings,current_manuscript/results_20260622/sibling/phewas.csv
568,sibling,Sibling-based analysis,291.1,291.1,Transient mental disorders due to conditions classified elsewhere,mental disorders,Mental disorders,Both,858,0.9808853118712274,3.5985256541728607,3.5985256541728607,3.1350590522674553,4.1305081237224135,4.842698044654261e-74,4.5198515083439784e-73,True,858,938.09,0.91,358,1269.79,0.28,Unaffected full siblings,current_manuscript/results_20260622/sibling/phewas.csv
569,sibling,Sibling-based analysis,291.8,291.8,Alteration of consciousness,mental disorders,Mental disorders,Both,533,0.6093378452533382,3.2155318249453453,3.2155318249453453,2.700252395015177,3.829140170868446,2.9661886951225034e-39,1.5299289059052912e-38,True,533,941.78,0.57,222,1270.94,0.17,Unaffected full siblings,current_manuscript/results_20260622/sibling/phewas.csv
570,sibling,Sibling-based analysis,293.1,293.1,"Swelling, mass, or lump in head and neck [Space-occupying lesion, intracranial NOS]",mental disorders,Mental disorders,Both,564,0.6447777574538138,1.2466603083968613,1.2466603083968613,1.0990133184208681,1.4141429393824592,0.0006080506618131,0.0008265915519469,True,564,956.22,0.59,583,1284.0,0.45,Unaffected full siblings,current_manuscript/results_20260622/sibling/phewas.csv
571,sibling,Sibling-based analysis,295.1,295.1,Schizophrenia,mental disorders,Mental disorders,Both,497,0.5681818181818182,5.709387490092692,5.709387490092692,4.579017946705749,7.118798373672687,4.9986343832681145e-54,3.3783873762777604e-53,True,497,650.26,0.76,142,876.69,0.16,Unaffected full siblings,current_manuscript/results_20260622/sibling/phewas.csv
572,sibling,Sibling-based analysis,295.3,295.3,Psychosis,mental disorders,Mental disorders,Both,843,0.963736967258094,4.119941763151349,4.119941763151349,3.5517868452051777,4.77898051643302,4.836139527374946e-78,4.7394167368274465e-77,True,843,647.91,1.3,319,875.51,0.36,Unaffected full siblings,current_manuscript/results_20260622/sibling/phewas.csv
573,sibling,Sibling-based analysis,296.1,296.1,Bipolar,mental disorders,Mental disorders,Both,4082,4.666636180720688,6.910943424216574,6.910943424216574,6.365583658386344,7.50302589296731,0.0,0.0,True,4082,616.65,6.62,851,871.05,0.98,Unaffected full siblings,current_manuscript/results_20260622/sibling/phewas.csv
574,sibling,Sibling-based analysis,300.1,300.1,Anxiety disorder,mental disorders,Mental disorders,Both,18074,20.662612035851474,4.715923852488852,4.715923852488852,4.557394009092688,4.879968187543423,0.0,0.0,True,18074,499.87,36.16,6400,831.21,7.7,Unaffected full siblings,current_manuscript/results_20260622/sibling/phewas.csv
575,sibling,Sibling-based analysis,300.3,300.3,Obsessive-compulsive disorders,mental disorders,Mental disorders,Both,1656,1.8931772452899214,3.8108921503189563,3.8108921503189563,3.431781947075632,4.231882795973742,3.2675299470895435e-138,4.926429766381158e-137,True,1656,640.43,2.59,569,873.23,0.65,Unaffected full siblings,current_manuscript/results_20260622/sibling/phewas.csv
576,sibling,Sibling-based analysis,300.4,300.4,Dysthymic disorder,mental disorders,Mental disorders,Both,1438,1.6439546369123834,8.172805733636809,8.172805733636809,7.076162998020859,9.439402904999309,1.2460517770009091e-179,2.2202377117470738e-178,True,1438,642.18,2.24,246,876.0,0.28,Unaffected full siblings,current_manuscript/results_20260622/sibling/phewas.csv
577,sibling,Sibling-based analysis,300.8,300.8,Acute reaction to stress,mental disorders,Mental disorders,Both,3988,4.559173221145052,3.4980309258798847,3.4980309258798847,3.2806443148416142,3.7298223105307393,0.0,0.0,True,3988,623.42,6.4,1569,865.81,1.81,Unaffected full siblings,current_manuscript/results_20260622/sibling/phewas.csv
578,sibling,Sibling-based analysis,300.9,300.9,Posttraumatic stress disorder,mental disorders,Mental disorders,Both,2438,2.787177611121273,4.494381739855314,4.494381739855314,4.077330022565655,4.954091798248498,5.863841547618748e-201,1.1493129433332744e-199,True,2438,638.83,3.82,703,873.96,0.8,Unaffected full siblings,current_manuscript/results_20260622/sibling/phewas.csv
579,sibling,Sibling-based analysis,301.2,301.2,Antisocial/borderline personality disorder,mental disorders,Mental disorders,Both,2244,2.5653923541247483,7.976047067034182,7.976047067034182,6.9981036241822485,9.090652301248035,1.5571627380938456e-212,3.3911544074043743e-211,True,2244,634.63,3.54,359,874.98,0.41,Unaffected full siblings,current_manuscript/results_20260622/sibling/phewas.csv
580,sibling,Sibling-based analysis,303.4,303.4,Somatoform disorder,mental disorders,Mental disorders,Both,651,0.7442381562099872,3.5459637781853752,3.5459637781853752,3.017976626255794,4.1663209074625165,1.9548140630105063e-53,1.2771451878335311e-52,True,651,649.48,1.0,237,875.95,0.27,Unaffected full siblings,current_manuscript/results_20260622/sibling/phewas.csv
581,sibling,Sibling-based analysis,304,304.0,Adjustment reaction,mental disorders,Mental disorders,Both,5814,6.646698372050484,3.495646732515307,3.495646732515307,3.3083405592979926,3.6935574979432735,0.0,0.0,True,5814,612.12,9.5,2169,863.42,2.51,Unaffected full siblings,current_manuscript/results_20260622/sibling/phewas.csv
582,sibling,Sibling-based analysis,305.2,305.2,Eating disorder,mental disorders,Mental disorders,Both,1593,1.8211541979147612,3.3268892261788046,3.3268892261788046,2.9412969800122406,3.7630310704696477,1.553729331695306e-81,1.6918386056237773e-80,True,1593,641.37,2.48,620,873.17,0.71,Unaffected full siblings,current_manuscript/results_20260622/sibling/phewas.csv
583,sibling,Sibling-based analysis,306.9,306.9,Tension headache,mental disorders,Mental disorders,Both,1191,1.3615785622827876,1.7648813784511863,1.7648813784511863,1.5948934631230058,1.952987050247588,4.079984693545235e-28,1.5088245281789923e-27,True,1191,645.61,1.84,804,871.41,0.92,Unaffected full siblings,current_manuscript/results_20260622/sibling/phewas.csv
584,sibling,Sibling-based analysis,312.3,312.3,Impulse control disorder,mental disorders,Mental disorders,Both,578,0.6607828790927383,3.9309535110672216,3.9309535110672216,3.300554237748375,4.681757787659711,3.555173058545593e-53,2.247786837015924e-52,True,578,917.62,0.63,209,1242.65,0.17,Unaffected full siblings,current_manuscript/results_20260622/sibling/phewas.csv
585,sibling,Sibling-based analysis,313.1,313.1,Attention deficit hyperactivity disorder,mental disorders,Mental disorders,Both,12354,14.123376623376624,4.671668863335468,4.671668863335468,4.4810690795836585,4.870375702997608,0.0,0.0,True,12354,841.93,14.67,4374,1218.8,3.59,Unaffected full siblings,current_manuscript/results_20260622/sibling/phewas.csv
586,sibling,Sibling-based analysis,313.3,313.3,Autism,mental disorders,Mental disorders,Both,5499,6.286583135174684,5.922318830336361,5.922318830336361,5.532576512695021,6.3395165430927785,0.0,0.0,True,5499,885.6,6.21,1503,1234.77,1.22,Unaffected full siblings,current_manuscript/results_20260622/sibling/phewas.csv
587,sibling,Sibling-based analysis,315.3,315.3,Mental retardation,mental disorders,Mental disorders,Both,438,0.5007316627034937,2.7404351593640315,2.7404351593640315,2.2911306908500424,3.2778509286575237,2.6135920624774383e-28,9.851231620107266e-28,True,438,918.6,0.48,257,1241.95,0.21,Unaffected full siblings,current_manuscript/results_20260622/sibling/phewas.csv
588,sibling,Sibling-based analysis,317.1,317.1,Alcoholism,mental disorders,Mental disorders,Both,653,0.746524602158405,2.707973535815072,2.707973535815072,2.343857036144013,3.12865527103088,1.1663868331263545e-41,6.178697818723392e-41,True,653,918.6,0.71,364,1237.35,0.29,Unaffected full siblings,current_manuscript/results_20260622/sibling/phewas.csv
589,sibling,Sibling-based analysis,318,318.0,Tobacco use disorder,mental disorders,Mental disorders,Both,1674,1.9137552588256814,2.0847287559603163,2.0847287559603163,1.9135375924664813,2.2712352258133004,2.2634579903614598e-63,1.8484906921285253e-62,True,1674,911.65,1.84,1029,1232.96,0.83,Unaffected full siblings,current_manuscript/results_20260622/sibling/phewas.csv
590,sibling,Sibling-based analysis,327.3,327.3,Sleep apnea,neurological,Neurological conditions,Both,1660,1.897750137186757,2.070963861392069,2.070963861392069,1.8966045231803,2.261352465826756,3.397086062833397e-59,2.663315473261383e-58,True,1660,928.65,1.79,1368,1256.16,1.09,Unaffected full siblings,current_manuscript/results_20260622/sibling/phewas.csv
591,sibling,Sibling-based analysis,327.4,327.4,Insomnia,neurological,Neurological conditions,Both,1586,1.8131516370952991,4.466739777052112,4.466739777052112,3.9874284308145147,5.0036670455860675,2.94737340999896e-147,4.814043236331635e-146,True,1586,928.57,1.71,482,1261.41,0.38,Unaffected full siblings,current_manuscript/results_20260622/sibling/phewas.csv
592,sibling,Sibling-based analysis,338.1,338.1,Acute pain,neurological,Neurological conditions,Both,3703,4.233354673495518,1.734169305077051,1.734169305077051,1.6437563847155594,1.8295552836388356,2.5759032731429343e-90,3.1554815096000945e-89,True,3703,922.57,4.01,2857,1250.17,2.29,Unaffected full siblings,current_manuscript/results_20260622/sibling/phewas.csv
593,sibling,Sibling-based analysis,338.2,338.2,Chronic pain,neurological,Neurological conditions,Both,1937,2.2144229010426195,2.2250853197432754,2.2250853197432754,2.0471246275387904,2.4185164955440506,6.823665649625429e-79,7.039149828034655e-78,True,1937,936.34,2.07,1039,1262.72,0.82,Unaffected full siblings,current_manuscript/results_20260622/sibling/phewas.csv
594,sibling,Sibling-based analysis,339,339.0,Other headache syndromes,neurological,Neurological conditions,Both,5649,6.458066581306018,1.5722067115984952,1.5722067115984952,1.504054477216944,1.643447083492055,4.3006037465571386e-89,4.958343143089407e-88,True,5649,873.66,6.47,4375,1174.2,3.73,Unaffected full siblings,current_manuscript/results_20260622/sibling/phewas.csv
595,sibling,Sibling-based analysis,340.1,340.1,Migrain with aura,neurological,Neurological conditions,Both,928,1.0609109200658497,1.373578306273223,1.373578306273223,1.2305830444894275,1.5331897931741945,1.5192489388334545e-08,2.6120420351873428e-08,True,928,909.42,1.02,745,1200.02,0.62,Unaffected full siblings,current_manuscript/results_20260622/sibling/phewas.csv
596,sibling,Sibling-based analysis,345.3,345.3,Convulsions,neurological,Neurological conditions,Both,1685,1.9263307115419792,2.620748992860332,2.620748992860332,2.398238324174341,2.863904397801271,1.6189195199344283e-100,2.11538817271432e-99,True,1685,931.92,1.81,917,1253.96,0.73,Unaffected full siblings,current_manuscript/results_20260622/sibling/phewas.csv
597,sibling,Sibling-based analysis,350.1,350.1,Abnormal involuntary movements,neurological,Neurological conditions,Both,535,0.611624291201756,2.0295811816292813,2.0295811816292813,1.753530548600438,2.3490892565923103,2.3218335469129948e-21,7.339989922499145e-21,True,535,960.28,0.56,341,1295.67,0.26,Unaffected full siblings,current_manuscript/results_20260622/sibling/phewas.csv
598,sibling,Sibling-based analysis,351,351.0,Other peripheral nerve disorders,neurological,Neurological conditions,Both,2339,2.673998536674593,1.4349458821666328,1.4349458821666328,1.3429933311934534,1.5331942735092956,1.1614915176328303e-26,4.139133408291541e-26,True,2339,938.25,2.49,1996,1265.1,1.58,Unaffected full siblings,current_manuscript/results_20260622/sibling/phewas.csv
599,sibling,Sibling-based analysis,367.1,367.1,Myopia,sense organs,Conditions of the sense organs,Both,615,0.7030821291384671,1.5059885367828685,1.5059885367828685,1.3276344896107708,1.7083026169245774,1.9320013199359955e-10,3.9445026948693236e-10,True,615,940.52,0.65,503,1251.21,0.4,Unaffected full siblings,current_manuscript/results_20260622/sibling/phewas.csv
600,sibling,Sibling-based analysis,367.2,367.2,Astigmatism,sense organs,Conditions of the sense organs,Both,503,0.5750411560270715,1.4730979729144709,1.4730979729144709,1.2858209455100686,1.6876514925209165,2.3522153338354722e-08,3.9744328054461426e-08,True,503,941.08,0.53,447,1251.37,0.36,Unaffected full siblings,current_manuscript/results_20260622/sibling/phewas.csv
601,sibling,Sibling-based analysis,368.9,368.9,Subjective visual disturbances,sense organs,Conditions of the sense organs,Both,500,0.5716114871044449,1.751856898004213,1.751856898004213,1.5104345177303626,2.0318673567501264,1.2515730521796966e-13,3.066353977840256e-13,True,500,954.5,0.52,339,1281.24,0.26,Unaffected full siblings,current_manuscript/results_20260622/sibling/phewas.csv
602,sibling,Sibling-based analysis,378.1,378.1,Strabismus (not specified as paralytic),sense organs,Conditions of the sense organs,Both,608,0.695079568319005,1.5014675887860407,1.5014675887860407,1.3188643101523194,1.7093531933657369,8.076885473761535e-10,1.5673955968883771e-09,True,608,950.02,0.64,498,1273.34,0.39,Unaffected full siblings,current_manuscript/results_20260622/sibling/phewas.csv
603,sibling,Sibling-based analysis,380.1,380.1,Otitis externa,sense organs,Conditions of the sense organs,Both,1292,1.4770440826778855,1.3260743726661017,1.3260743726661017,1.2184729037433113,1.4431779618894527,6.293438312517839e-11,1.3263590422080608e-10,True,1292,940.77,1.37,1229,1259.47,0.98,Unaffected full siblings,current_manuscript/results_20260622/sibling/phewas.csv
604,sibling,Sibling-based analysis,380.4,380.4,Impacted cerumen,sense organs,Conditions of the sense organs,Both,660,0.7545271629778671,1.2409947358804816,1.2409947358804816,1.1056566245583985,1.3928989346924703,0.0002475207236617,0.0003515511727369,True,660,946.18,0.7,730,1263.25,0.58,Unaffected full siblings,current_manuscript/results_20260622/sibling/phewas.csv
605,sibling,Sibling-based analysis,381.1,381.1,Otitis media,sense organs,Conditions of the sense organs,Both,856,0.9785988659228095,1.164393621429878,1.164393621429878,1.0522109348723097,1.2885367949451312,0.003233235931232,0.0041691726481676,True,856,931.4,0.92,930,1231.01,0.76,Unaffected full siblings,current_manuscript/results_20260622/sibling/phewas.csv
606,sibling,Sibling-based analysis,386.9,386.9,Dizziness and giddiness (Light-headedness and vertigo),sense organs,Conditions of the sense organs,Both,4132,4.723797329431132,1.5685008688383129,1.5685008688383129,1.4906252537558744,1.650444985651275,3.0820444642064e-67,2.6264378912367583e-66,True,4132,920.81,4.49,3211,1250.22,2.57,Unaffected full siblings,current_manuscript/results_20260622/sibling/phewas.csv
607,sibling,Sibling-based analysis,389.1,389.1,Sensorineural hearing loss,sense organs,Conditions of the sense organs,Both,740,0.8459850009145784,1.2437994976136753,1.2437994976136753,1.1152704330043182,1.3871408624154218,8.839705860904573e-05,0.0001283394332397,True,740,948.78,0.78,789,1270.28,0.62,Unaffected full siblings,current_manuscript/results_20260622/sibling/phewas.csv
608,sibling,Sibling-based analysis,401.1,401.1,Essential hypertension,circulatory system,Circulatory system conditions,Both,2061,2.3561825498445215,1.513330208615867,1.513330208615867,1.40928320110147,1.6250589792877614,4.17158449392087e-30,1.668633797568348e-29,True,2061,951.36,2.17,2001,1287.04,1.55,Unaffected full siblings,current_manuscript/results_20260622/sibling/phewas.csv
609,sibling,Sibling-based analysis,427.7,427.7,Tachycardia NOS,circulatory system,Circulatory system conditions,Both,682,0.7796780684104627,1.5982003085614198,1.5982003085614198,1.4146261199350538,1.8055966804876216,4.9969133156115566e-14,1.2719415712465778e-13,True,682,948.0,0.72,525,1269.29,0.41,Unaffected full siblings,current_manuscript/results_20260622/sibling/phewas.csv
610,sibling,Sibling-based analysis,427.9,427.9,Palpitations,circulatory system,Circulatory system conditions,Both,2064,2.359612218767148,1.412536216404455,1.412536216404455,1.3192033150737423,1.5124723686300625,4.039246043975953e-23,1.3418512281682823e-22,True,2064,938.29,2.2,1859,1260.16,1.48,Unaffected full siblings,current_manuscript/results_20260622/sibling/phewas.csv
611,sibling,Sibling-based analysis,451.2,451.2,Phlebitis and thrombophlebitis of lower extremities,circulatory system,Circulatory system conditions,Both,528,0.6036217303822937,1.2894213574686795,1.2894213574686795,1.129014152738507,1.4726187737005734,0.0001766403388756,0.0002527117256907,True,528,950.76,0.56,551,1273.71,0.43,Unaffected full siblings,current_manuscript/results_20260622/sibling/phewas.csv
612,sibling,Sibling-based analysis,454.1,454.1,Varicose veins of lower extremity,circulatory system,Circulatory system conditions,Both,637,0.7282330345710627,0.8729711873815391,0.8729711873815391,0.7765563851574728,0.9813565486861555,0.022895374652028,0.0275306345509049,False,637,949.68,0.67,867,1271.0,0.68,Unaffected full siblings,current_manuscript/results_20260622/sibling/phewas.csv
613,sibling,Sibling-based analysis,455,455.0,Hemorrhoids,circulatory system,Circulatory system conditions,Both,548,0.6264861898664715,1.4239353496058613,1.4239353496058613,1.243285732023701,1.6308333857872297,3.290829326337202e-07,5.160020383696733e-07,True,548,947.17,0.58,463,1271.33,0.36,Unaffected full siblings,current_manuscript/results_20260622/sibling/phewas.csv
614,sibling,Sibling-based analysis,459.9,459.9,Circulatory disease NEC,circulatory system,Circulatory system conditions,Both,659,0.7533839400036583,1.4286763568975438,1.4286763568975438,1.2645336707917418,1.6141255704801178,1.0087239762394981e-08,1.7496451269286866e-08,True,659,959.53,0.69,583,1294.19,0.45,Unaffected full siblings,current_manuscript/results_20260622/sibling/phewas.csv
615,sibling,Sibling-based analysis,464,464.0,Acute sinusitis,respiratory,Respiratory conditions,Both,958,1.0952076092921164,1.34706770973577,1.34706770973577,1.2173799449071547,1.4905711419052208,7.996859037979915e-09,1.4248948831309669e-08,True,958,917.51,1.04,842,1211.74,0.69,Unaffected full siblings,current_manuscript/results_20260622/sibling/phewas.csv
616,sibling,Sibling-based analysis,470,470.0,Septal Deviations/Turbinate Hypertrophy,respiratory,Respiratory conditions,Both,1217,1.3913023596122187,1.2165592240275513,1.2165592240275513,1.1147503330907,1.3276662061747042,1.10154760217742e-05,1.6481170231051474e-05,True,1217,874.86,1.39,1416,1109.89,1.28,Unaffected full siblings,current_manuscript/results_20260622/sibling/phewas.csv
617,sibling,Sibling-based analysis,472,472.0,Chronic pharyngitis and nasopharyngitis,respiratory,Respiratory conditions,Both,804,0.9191512712639474,1.3139273477753675,1.3139273477753675,1.1781833618738482,1.4653110297587646,9.236212680840856e-07,1.4254312483817385e-06,True,804,877.88,0.92,749,1115.04,0.67,Unaffected full siblings,current_manuscript/results_20260622/sibling/phewas.csv
618,sibling,Sibling-based analysis,473.4,473.4,Voice disturbance,respiratory,Respiratory conditions,Both,631,0.7213736967258094,1.2569997464150795,1.2569997464150795,1.1094354444588377,1.4241913491940879,0.000330679086688,0.0004629507213632,True,631,879.35,0.72,565,1116.46,0.51,Unaffected full siblings,current_manuscript/results_20260622/sibling/phewas.csv
619,sibling,Sibling-based analysis,474.1,474.1,Acute tonsillitis,respiratory,Respiratory conditions,Both,1093,1.2495427108103165,1.172688569983898,1.172688569983898,1.0675061673220578,1.2882346952811503,0.0008922084685836,0.0011977593139889,True,1093,874.03,1.25,1132,1110.83,1.02,Unaffected full siblings,current_manuscript/results_20260622/sibling/phewas.csv
620,sibling,Sibling-based analysis,474.2,474.2,Chronic tonsillitis and adenoiditis,respiratory,Respiratory conditions,Both,1451,1.658816535577099,1.2189900228574373,1.2189900228574373,1.1204023028709666,1.3262527861807747,4.180848779272034e-06,6.303433544133221e-06,True,1451,871.32,1.67,1395,1108.52,1.26,Unaffected full siblings,current_manuscript/results_20260622/sibling/phewas.csv
621,sibling,Sibling-based analysis,476,476.0,Allergic rhinitis,respiratory,Respiratory conditions,Both,2511,2.870632888238522,1.165001541892861,1.165001541892861,1.0966106307031485,1.2376577014783146,7.503931739033624e-07,1.167278270516341e-06,True,2511,863.71,2.91,2610,1099.05,2.37,Unaffected full siblings,current_manuscript/results_20260622/sibling/phewas.csv
622,sibling,Sibling-based analysis,477,477.0,Epistaxis or throat hemorrhage,respiratory,Respiratory conditions,Both,714,0.8162612035851472,1.4324015199423932,1.4324015199423932,1.2721923554620103,1.6127860739959836,2.8822135775292172e-09,5.329376049016289e-09,True,714,878.42,0.81,640,1115.45,0.57,Unaffected full siblings,current_manuscript/results_20260622/sibling/phewas.csv
623,sibling,Sibling-based analysis,479,479.0,Other upper respiratory disease,respiratory,Respiratory conditions,Both,532,0.6081946222791293,1.2386660238701777,1.2386660238701777,1.0831222205799067,1.4165469875310015,0.0017702450470242,0.0023443785757888,True,532,879.6,0.6,512,1116.71,0.46,Unaffected full siblings,current_manuscript/results_20260622/sibling/phewas.csv
624,sibling,Sibling-based analysis,480.1,480.1,Bacterial pneumonia,respiratory,Respiratory conditions,Both,887,1.0140387781232851,1.447266678473464,1.447266678473464,1.3061215394291614,1.6036645713193327,1.6525736333915322e-12,3.902463037888437e-12,True,887,939.24,0.94,782,1250.26,0.63,Unaffected full siblings,current_manuscript/results_20260622/sibling/phewas.csv
625,sibling,Sibling-based analysis,481,481.0,Influenza,respiratory,Respiratory conditions,Both,502,0.5738979330528626,1.6527809809503382,1.6527809809503382,1.4291317313279355,1.911429794126051,1.2566794429615267e-11,2.7675187732635867e-11,True,502,941.81,0.53,391,1253.37,0.31,Unaffected full siblings,current_manuscript/results_20260622/sibling/phewas.csv
626,sibling,Sibling-based analysis,512.7,512.7,Shortness of breath,respiratory,Respiratory conditions,Both,3096,3.5394183281507225,1.5866084325170906,1.5866084325170906,1.4966729057893329,1.681948212195852,3.2495188160470075e-54,2.274663171232905e-53,True,3096,933.25,3.32,2416,1256.26,1.92,Unaffected full siblings,current_manuscript/results_20260622/sibling/phewas.csv
627,sibling,Sibling-based analysis,512.8,512.8,Cough,respiratory,Respiratory conditions,Both,1005,1.1489390890799343,1.406508730635166,1.406508730635166,1.275419182459889,1.551071864496723,8.276890520094473e-12,1.864678783837376e-11,True,1005,944.49,1.06,903,1263.87,0.71,Unaffected full siblings,current_manuscript/results_20260622/sibling/phewas.csv
628,sibling,Sibling-based analysis,512.9,512.9,Other dyspnea,respiratory,Respiratory conditions,Both,764,0.8734223522955917,1.419272471323279,1.419272471323279,1.272143397626449,1.583417680439493,3.5921637722749715e-10,7.184327544549943e-10,True,764,944.9,0.81,734,1264.22,0.58,Unaffected full siblings,current_manuscript/results_20260622/sibling/phewas.csv
629,sibling,Sibling-based analysis,520.2,520.2,Disturbances in tooth eruption,digestive,Digestive conditions,Both,497,0.5681818181818182,1.2027010657628718,1.2027010657628718,1.0490034286234298,1.378918137079233,0.008150044204604,0.0102397991288614,True,497,947.07,0.52,511,1264.47,0.4,Unaffected full siblings,current_manuscript/results_20260622/sibling/phewas.csv
630,sibling,Sibling-based analysis,530.1,530.1,"Esophagitis, GERD and related diseases",digestive,Digestive conditions,Both,1727,1.9743460764587526,1.6635688952744,1.6635688952744,1.5411640931674888,1.7956955275519315,6.143371820340201e-39,3.087438145606869e-38,True,1727,941.49,1.83,1399,1269.18,1.1,Unaffected full siblings,current_manuscript/results_20260622/sibling/phewas.csv
631,sibling,Sibling-based analysis,532,532.0,Dysphagia,digestive,Digestive conditions,Both,851,0.9728827510517651,1.3467318657735454,1.3467318657735454,1.2126912003263324,1.4955882567646537,2.6177256164071783e-08,4.385249750562452e-08,True,851,949.59,0.9,802,1274.86,0.63,Unaffected full siblings,current_manuscript/results_20260622/sibling/phewas.csv
632,sibling,Sibling-based analysis,540.1,540.1,Appendicitis,digestive,Digestive conditions,Both,1837,2.1001006036217302,1.0630884196219568,1.0630884196219568,0.9941181632213008,1.1368437171213068,0.0738364267776991,0.0841404037173966,False,1837,933.17,1.97,2263,1241.69,1.82,Unaffected full siblings,current_manuscript/results_20260622/sibling/phewas.csv
633,sibling,Sibling-based analysis,550.1,550.1,Inguinal hernia,digestive,Digestive conditions,Both,529,0.6047649533565026,0.8676501962866575,0.8676501962866575,0.7606994260914356,0.9896377429707528,0.0344133099558355,0.0403892739601422,False,529,951.3,0.56,959,1270.6,0.75,Unaffected full siblings,current_manuscript/results_20260622/sibling/phewas.csv
634,sibling,Sibling-based analysis,550.2,550.2,Diaphragmatic hernia,digestive,Digestive conditions,Both,1349,1.5422077922077921,1.7784339390830977,1.7784339390830977,1.626778836644049,1.9442269621649086,9.800814750072934e-37,4.685267539059256e-36,True,1349,944.81,1.43,997,1270.04,0.79,Unaffected full siblings,current_manuscript/results_20260622/sibling/phewas.csv
635,sibling,Sibling-based analysis,550.4,550.4,Umbilical hernia,digestive,Digestive conditions,Both,626,0.7156575818547649,0.9936088658755841,0.9936088658755841,0.8835638280676964,1.1173596598059503,0.914740634117742,0.919431611728602,False,626,951.02,0.66,749,1272.97,0.59,Unaffected full siblings,current_manuscript/results_20260622/sibling/phewas.csv
636,sibling,Sibling-based analysis,550.5,550.5,Ventral hernia,digestive,Digestive conditions,Both,509,0.5819004938723249,1.2919336686038292,1.2919336686038292,1.1222669822025866,1.4872509220545271,0.0003626701144532,0.0005041371803747,True,509,951.65,0.53,454,1274.49,0.36,Unaffected full siblings,current_manuscript/results_20260622/sibling/phewas.csv
637,sibling,Sibling-based analysis,558,558.0,Noninfectious gastroenteritis,digestive,Digestive conditions,Both,599,0.6847905615511249,1.3953126723259417,1.3953126723259417,1.228649854244572,1.5845828222153648,2.853844985613845e-07,4.510916267583175e-07,True,599,903.83,0.66,531,1184.96,0.45,Unaffected full siblings,current_manuscript/results_20260622/sibling/phewas.csv
638,sibling,Sibling-based analysis,562.1,562.1,Diverticulosis,digestive,Digestive conditions,Both,533,0.6093378452533382,1.2553119227524745,1.2553119227524745,1.102208610902313,1.4296821924794196,0.0006115090562873,0.0008265915519469,True,533,906.1,0.59,579,1186.37,0.49,Unaffected full siblings,current_manuscript/results_20260622/sibling/phewas.csv
639,sibling,Sibling-based analysis,563,563.0,Constipation,digestive,Digestive conditions,Both,1859,2.125251509054326,1.9682692294293864,1.9682692294293864,1.8080400003678723,2.1426980369517885,4.49717838211085e-55,3.264618381087877e-54,True,1859,895.77,2.08,1093,1181.81,0.92,Unaffected full siblings,current_manuscript/results_20260622/sibling/phewas.csv
640,sibling,Sibling-based analysis,564.1,564.1,Irritable Bowel Syndrome,digestive,Digestive conditions,Both,1493,1.7068319004938723,1.7793893068289504,1.7793893068289504,1.6255227132746788,1.9478204022623138,8.602674667775314e-36,4.01458151162848e-35,True,1493,895.95,1.67,946,1181.42,0.8,Unaffected full siblings,current_manuscript/results_20260622/sibling/phewas.csv
641,sibling,Sibling-based analysis,574.1,574.1,Cholelithiasis,digestive,Digestive conditions,Both,2858,3.2673312602890068,1.479103984495654,1.479103984495654,1.3897842334692845,1.5741642078423184,7.316257811968794e-35,3.2590602980588262e-34,True,2858,934.28,3.06,2299,1264.62,1.82,Unaffected full siblings,current_manuscript/results_20260622/sibling/phewas.csv
642,sibling,Sibling-based analysis,578.8,578.8,Hemorrhage of rectum and anus,digestive,Digestive conditions,Both,587,0.6710718858606183,1.671604962598727,1.671604962598727,1.4679199654424986,1.9035527935900596,9.189791858951406e-15,2.4673961703485964e-14,True,587,954.9,0.61,458,1284.9,0.36,Unaffected full siblings,current_manuscript/results_20260622/sibling/phewas.csv
643,sibling,Sibling-based analysis,578.9,578.9,Hemorrhage of gastrointestinal tract,digestive,Digestive conditions,Both,717,0.819690872507774,1.7532272043774009,1.7532272043774009,1.5564998162193417,1.974819141087413,2.3283183272483463e-20,6.914399880919333e-20,True,717,954.17,0.75,558,1284.45,0.43,Unaffected full siblings,current_manuscript/results_20260622/sibling/phewas.csv
644,sibling,Sibling-based analysis,590,590.0,Pyelonephritis,genitourinary,Genitourinary conditions,Both,1289,1.473614413755259,1.532338613832823,1.532338613832823,1.379890496916573,1.7016289572904126,1.431244724276977e-15,3.951041774060387e-15,True,1289,913.24,1.41,867,1209.61,0.72,Unaffected full siblings,current_manuscript/results_20260622/sibling/phewas.csv
645,sibling,Sibling-based analysis,591,591.0,Urinary tract infection,genitourinary,Genitourinary conditions,Both,2640,3.0181086519114686,1.650841206301538,1.650841206301538,1.535914922031243,1.7743669583071355,3.2139401274343895e-42,1.7498118471587228e-41,True,2640,900.53,2.93,1753,1201.43,1.46,Unaffected full siblings,current_manuscript/results_20260622/sibling/phewas.csv
646,sibling,Sibling-based analysis,592.1,592.1,Cystitis,genitourinary,Genitourinary conditions,Both,1463,1.6725352112676057,1.6223543075549713,1.6223543075549713,1.4624822447787837,1.799702874095606,6.141082619627538e-20,1.7964958111149217e-19,True,1463,910.37,1.61,919,1208.45,0.76,Unaffected full siblings,current_manuscript/results_20260622/sibling/phewas.csv
647,sibling,Sibling-based analysis,594.1,594.1,Calculus of kidney,genitourinary,Genitourinary conditions,Both,1173,1.3410005487470276,1.5357885058037133,1.5357885058037133,1.403774316948053,1.680217614813425,8.268547134769543e-21,2.5724368863727462e-20,True,1173,951.46,1.23,1099,1280.9,0.86,Unaffected full siblings,current_manuscript/results_20260622/sibling/phewas.csv
648,sibling,Sibling-based analysis,594.3,594.3,Calculus of ureter,genitourinary,Genitourinary conditions,Both,954,1.0906347173952808,1.46904411232595,1.46904411232595,1.3299725433735448,1.6226580125371826,3.460674658225821e-14,9.04389644016348e-14,True,954,953.0,1.0,935,1282.26,0.73,Unaffected full siblings,current_manuscript/results_20260622/sibling/phewas.csv
649,sibling,Sibling-based analysis,599.2,599.2,Retention of urine,genitourinary,Genitourinary conditions,Both,772,0.8825681360892629,2.1336201080779826,2.1336201080779826,1.8818658637430923,2.41905379830843,2.7325126906628517e-32,1.1395159305742958e-31,True,772,946.61,0.82,455,1271.69,0.36,Unaffected full siblings,current_manuscript/results_20260622/sibling/phewas.csv
650,sibling,Sibling-based analysis,599.4,599.4,Urinary incontinence,genitourinary,Genitourinary conditions,Both,1840,2.103530272544357,1.2852270968987314,1.2852270968987314,1.1708513890396828,1.41077570224991,1.313578435802908e-07,2.127779945598099e-07,True,1840,940.25,1.96,1363,1266.44,1.08,Unaffected full siblings,current_manuscript/results_20260622/sibling/phewas.csv
651,sibling,Sibling-based analysis,604.1,604.1,Redundant prepuce and phimosis/BXO,genitourinary,Genitourinary conditions,Male,604,0.6905066764221693,1.0417181209800588,1.0417181209800588,0.8848184768142182,1.2264398540652022,0.6236212430805559,0.639946406511984,False,604,321.01,1.88,354,220.1,1.61,Unaffected full siblings,current_manuscript/results_20260622/sibling/phewas.csv
652,sibling,Sibling-based analysis,608,608.0,Other disorders of male genital organs,genitourinary,Genitourinary conditions,Male,463,0.5293122370587159,1.1456297628995444,1.1456297628995444,0.9600310280698501,1.3671095154913822,0.1316405580030502,0.1457714653593099,False,463,322.84,1.43,286,221.01,1.29,Unaffected full siblings,current_manuscript/results_20260622/sibling/phewas.csv
653,sibling,Sibling-based analysis,609.1,609.1,"Infertility, male",genitourinary,Genitourinary conditions,Male,657,0.7510974940552405,0.8029330385407063,0.8029330385407063,0.6977467960365472,0.9239762447385607,0.0021862324226862,0.0028566770323099,False,657,321.07,2.05,553,218.84,2.53,Unaffected full siblings,current_manuscript/results_20260622/sibling/phewas.csv
654,sibling,Sibling-based analysis,611.3,611.3,Lump or mass in breast,genitourinary,Genitourinary conditions,Both,575,0.6573532101701116,1.0271406787242832,1.0271406787242832,0.8822674831895898,1.195802853434041,0.7299300823920585,0.7451369591085597,False,575,945.24,0.61,557,1264.53,0.44,Unaffected full siblings,current_manuscript/results_20260622/sibling/phewas.csv
655,sibling,Sibling-based analysis,612.2,612.2,Hypertrophy of breast (Gynecomastia),genitourinary,Genitourinary conditions,Both,635,0.7259465886226449,1.604318834069168,1.604318834069168,1.4100770281765829,1.8253179577553795,7.020243159900659e-13,1.6780093406591817e-12,True,635,945.22,0.67,486,1265.51,0.38,Unaffected full siblings,current_manuscript/results_20260622/sibling/phewas.csv
656,sibling,Sibling-based analysis,614.3,614.3,Pelvic inflammatory disease (PID),genitourinary,Genitourinary conditions,Female,534,0.6104810682275471,1.7974865714690138,1.7974865714690138,1.4723127096086734,2.194478084394305,8.43969270539432e-09,1.490252045276835e-08,True,534,555.31,0.96,177,339.27,0.52,Unaffected full siblings,current_manuscript/results_20260622/sibling/phewas.csv
657,sibling,Sibling-based analysis,614.4,614.4,"Inflammatory diseases of uterus, except cervix",genitourinary,Genitourinary conditions,Female,777,0.8882842509603073,1.6220930650771193,1.6220930650771193,1.3867736878363002,1.8973434056688556,1.4585376741538874e-09,2.7226036584205903e-09,True,777,552.81,1.41,308,338.07,0.91,Unaffected full siblings,current_manuscript/results_20260622/sibling/phewas.csv
658,sibling,Sibling-based analysis,614.5,614.5,"Inflammatory disease of cervix, vagina, and vulva",genitourinary,Genitourinary conditions,Female,7168,8.194622279129321,1.4460441243182744,1.4460441243182744,1.3724996033284125,1.5235294818333431,1.2832778226021686e-43,7.397719212647796e-43,True,7168,500.44,14.32,3206,315.14,10.17,Unaffected full siblings,current_manuscript/results_20260622/sibling/phewas.csv
659,sibling,Sibling-based analysis,615,615.0,Endometriosis,genitourinary,Genitourinary conditions,Female,1108,1.2666910554234498,1.4970905835593369,1.4970905835593369,1.315800102358867,1.7033592043077348,8.937229870694912e-10,1.7173500535845124e-09,True,1108,552.57,2.01,452,337.57,1.34,Unaffected full siblings,current_manuscript/results_20260622/sibling/phewas.csv
660,sibling,Sibling-based analysis,618.1,618.1,Prolapse of vaginal walls,genitourinary,Genitourinary conditions,Female,931,1.0643405889884763,1.1670988771577533,1.1670988771577533,1.0237379993656714,1.330535537321937,0.0208410211337027,0.0253716779018989,True,931,614.57,1.51,501,394.41,1.27,Unaffected full siblings,current_manuscript/results_20260622/sibling/phewas.csv
661,sibling,Sibling-based analysis,619.4,619.4,Noninflammatory disorders of vagina,genitourinary,Genitourinary conditions,Female,1000,1.1432229742088897,1.2532643980880815,1.2532643980880815,1.1027659117914426,1.4243019617495485,0.0005427707987466,0.000743937598282,True,1000,591.8,1.69,502,373.74,1.34,Unaffected full siblings,current_manuscript/results_20260622/sibling/phewas.csv
662,sibling,Sibling-based analysis,619.5,619.5,Noninflammatory disorders of vulva and perineum,genitourinary,Genitourinary conditions,Female,838,0.9580208523870496,1.1327821233467092,1.1327821233467092,0.9880493501132198,1.2987158372472376,0.0738374971397562,0.0841404037173966,False,838,594.65,1.41,460,374.76,1.23,Unaffected full siblings,current_manuscript/results_20260622/sibling/phewas.csv
663,sibling,Sibling-based analysis,622.1,622.1,Polyp of corpus uteri,genitourinary,Genitourinary conditions,Female,559,0.6390616425827693,1.1255278166837157,1.1255278166837157,0.9492608261842831,1.3345255921083186,0.1735815033929505,0.1879667108564547,False,559,615.35,0.91,310,394.44,0.79,Unaffected full siblings,current_manuscript/results_20260622/sibling/phewas.csv
664,sibling,Sibling-based analysis,622.2,622.2,Mucous polyp of cervix,genitourinary,Genitourinary conditions,Female,447,0.5110206694713737,1.1283934362213432,1.1283934362213432,0.9381423179704583,1.3572266409023728,0.1997693344731756,0.2151362063557276,False,447,615.87,0.73,274,394.51,0.69,Unaffected full siblings,current_manuscript/results_20260622/sibling/phewas.csv
665,sibling,Sibling-based analysis,624.9,624.9,"stress incontinence, female",genitourinary,Genitourinary conditions,Female,988,1.129504298518383,1.2142143572989255,1.2142143572989255,1.0648162450469538,1.3845736410659581,0.0037611929734347,0.0048182602796941,True,988,604.46,1.63,505,385.57,1.31,Unaffected full siblings,current_manuscript/results_20260622/sibling/phewas.csv
666,sibling,Sibling-based analysis,625.1,625.1,Dyspareunia,genitourinary,Genitourinary conditions,Female,1464,1.6736784342418145,1.6367575581492773,1.6367575581492773,1.4626767754853496,1.831556601607925,8.84039315005533e-18,2.511184141175137e-17,True,1464,600.27,2.44,589,384.78,1.53,Unaffected full siblings,current_manuscript/results_20260622/sibling/phewas.csv
667,sibling,Sibling-based analysis,626.1,626.1,Irregular menstrual cycle/bleeding,genitourinary,Genitourinary conditions,Female,7927,9.062328516553869,1.3525925368066698,1.3525925368066698,1.2869566068022016,1.4215759575383164,1.1765295824195716e-32,5.01303909030948e-32,True,7927,483.07,16.41,3619,300.22,12.05,Unaffected full siblings,current_manuscript/results_20260622/sibling/phewas.csv
668,sibling,Sibling-based analysis,626.2,626.2,Dysmenorrhea,genitourinary,Genitourinary conditions,Female,2979,3.4056612401682824,1.5462044973579299,1.5462044973579299,1.4237331246585356,1.6792110166175134,4.1407671363248455e-25,1.4238427345959121e-24,True,2979,523.77,5.69,1148,318.71,3.6,Unaffected full siblings,current_manuscript/results_20260622/sibling/phewas.csv
669,sibling,Sibling-based analysis,626.4,626.4,Premenstrual tension syndromes,genitourinary,Genitourinary conditions,Female,1559,1.782284616791659,1.899252802958156,1.899252802958156,1.6813011493057628,2.1454581239261437,6.058624899632654e-25,2.0473973798758624e-24,True,1559,534.06,2.92,466,323.94,1.44,Unaffected full siblings,current_manuscript/results_20260622/sibling/phewas.csv
670,sibling,Sibling-based analysis,626.8,626.8,"Infertility, female",genitourinary,Genitourinary conditions,Female,2426,2.7734589354307664,1.0966630495776948,1.0966630495776948,1.0100513100466788,1.1907017320273252,0.0279302662200027,0.0331777707825487,True,2426,526.5,4.61,1331,317.08,4.2,Unaffected full siblings,current_manuscript/results_20260622/sibling/phewas.csv
671,sibling,Sibling-based analysis,627.2,627.2,Symptomatic menopause,genitourinary,Genitourinary conditions,Female,1011,1.1557984269251875,1.3779927104059173,1.3779927104059173,1.183812652494502,1.6040240032327793,3.511533493581899e-05,5.1748914642259554e-05,True,1011,540.62,1.87,467,325.05,1.44,Unaffected full siblings,current_manuscript/results_20260622/sibling/phewas.csv
672,sibling,Sibling-based analysis,628,628.0,Ovarian cyst,genitourinary,Genitourinary conditions,Female,3254,3.720047558075727,1.2731082998983747,1.2731082998983747,1.181877012029069,1.3713819008015917,1.9565519203063687e-10,3.9534451173200855e-10,True,3254,519.35,6.27,1548,315.55,4.91,Unaffected full siblings,current_manuscript/results_20260622/sibling/phewas.csv
673,sibling,Sibling-based analysis,634.1,634.1,Missed abortion/Hydatidiform mole,pregnancy complications,Pregnancy-related conditions,Female,1870,2.1378269617706236,0.9962503952881981,0.9962503952881981,0.9078866852337641,1.0932144575469094,0.9368134517866726,0.9368134517866726,False,1870,530.34,3.53,1086,306.52,3.54,Unaffected full siblings,current_manuscript/results_20260622/sibling/phewas.csv
674,sibling,Sibling-based analysis,634.3,634.3,Ectopic pregnancy,pregnancy complications,Pregnancy-related conditions,Female,582,0.6653557709895738,1.2912997359444902,1.2912997359444902,1.0834026553896738,1.5390907524133466,0.0043115223705094,0.0054873921079211,True,582,540.07,1.08,273,312.8,0.87,Unaffected full siblings,current_manuscript/results_20260622/sibling/phewas.csv
675,sibling,Sibling-based analysis,635.2,635.2,"Antepartum hemorrhage, abruptio placentae, and placenta previa",pregnancy complications,Pregnancy-related conditions,Female,1554,1.7765685019206146,1.0472198198768945,1.0472198198768945,0.9451644111780679,1.1602947996910815,0.3777974803193925,0.3981091728096824,False,1554,533.02,2.92,860,308.41,2.79,Unaffected full siblings,current_manuscript/results_20260622/sibling/phewas.csv
676,sibling,Sibling-based analysis,635.3,635.3,Placenta previa and abruptio placenta,pregnancy complications,Pregnancy-related conditions,Female,1752,2.0029266508139747,0.8930711423224463,0.8930711423224463,0.8140337627995794,0.9797825369136289,0.0167562219299888,0.0205263718642363,False,1752,531.77,3.29,1159,306.38,3.78,Unaffected full siblings,current_manuscript/results_20260622/sibling/phewas.csv
677,sibling,Sibling-based analysis,636.2,636.2,Early onset of delivery,pregnancy complications,Pregnancy-related conditions,Female,1500,1.7148344613133346,1.006341981241276,1.006341981241276,0.9071061182847866,1.1164340784334466,0.9049951778157684,0.9143250250097454,False,1500,532.91,2.81,868,307.76,2.82,Unaffected full siblings,current_manuscript/results_20260622/sibling/phewas.csv
678,sibling,Sibling-based analysis,636.3,636.3,Hemorrhage in early pregnancy,pregnancy complications,Pregnancy-related conditions,Female,3085,3.5268428754344248,1.099901166456142,1.099901166456142,1.0215778600619356,1.1842294388586652,0.0115230696707495,0.0142944408573854,True,3085,518.71,5.95,1677,301.25,5.57,Unaffected full siblings,current_manuscript/results_20260622/sibling/phewas.csv
679,sibling,Sibling-based analysis,638,638.0,Other high-risk pregnancy,pregnancy complications,Pregnancy-related conditions,Female,1529,1.7479879275653925,1.4510201726650827,1.4510201726650827,1.2969703527789773,1.6233675172063147,7.979752450814432e-11,1.6638632769783284e-10,True,1529,529.74,2.89,649,307.53,2.11,Unaffected full siblings,current_manuscript/results_20260622/sibling/phewas.csv
680,sibling,Sibling-based analysis,642.1,642.1,Preeclampsia and eclampsia,pregnancy complications,Pregnancy-related conditions,Female,1191,1.3615785622827876,0.9584854393480656,0.9584854393480656,0.8559758059922286,1.0732713833860337,0.4625103619197112,0.4821916539162946,False,1191,602.26,1.98,743,381.84,1.95,Unaffected full siblings,current_manuscript/results_20260622/sibling/phewas.csv
681,sibling,Sibling-based analysis,643.1,643.1,Hyperemesis gravidarum,pregnancy complications,Pregnancy-related conditions,Female,882,1.0083226632522406,1.6688376223086796,1.6688376223086796,1.4412027567616357,1.9324269236694978,7.66403555854109e-12,1.7466871738070392e-11,True,882,605.6,1.46,357,387.86,0.92,Unaffected full siblings,current_manuscript/results_20260622/sibling/phewas.csv
682,sibling,Sibling-based analysis,644,644.0,Anemia during pregnancy,pregnancy complications,Pregnancy-related conditions,Female,2165,2.4750777391622463,1.0328225613521627,1.0328225613521627,0.9521965475016866,1.1202754788775922,0.4361066502691867,0.4570957403890941,False,2165,592.61,3.65,1419,374.28,3.79,Unaffected full siblings,current_manuscript/results_20260622/sibling/phewas.csv
683,sibling,Sibling-based analysis,645,645.0,Late pregnancy and failed induction,pregnancy complications,Pregnancy-related conditions,Female,5634,6.440918236692885,0.9718144191105544,0.9718144191105544,0.9221076315312364,1.024200682107891,0.285828897399722,0.3061336824609045,False,5634,555.9,10.14,3627,344.52,10.53,Unaffected full siblings,current_manuscript/results_20260622/sibling/phewas.csv
684,sibling,Sibling-based analysis,646,646.0,Other complications of pregnancy NEC,pregnancy complications,Pregnancy-related conditions,Female,7181,8.209484177794037,1.1975996433864537,1.1975996433864537,1.1403634210042028,1.2577086211484814,5.320298673974607e-13,1.2873809137024973e-12,True,7181,520.72,13.79,3946,326.23,12.1,Unaffected full siblings,current_manuscript/results_20260622/sibling/phewas.csv
685,sibling,Sibling-based analysis,647.1,647.1,Infections of genitourinary tract during pregnancy,pregnancy complications,Pregnancy-related conditions,Female,1211,1.3844430217669654,1.1947484633966028,1.1947484633966028,1.0641929392256682,1.3413205802954964,0.0025799705837167,0.0033488359894601,True,1211,591.99,2.05,645,372.61,1.73,Unaffected full siblings,current_manuscript/results_20260622/sibling/phewas.csv
686,sibling,Sibling-based analysis,647.3,647.3,Major puerperal infection,pregnancy complications,Pregnancy-related conditions,Female,777,0.8882842509603073,1.1357211870298523,1.1357211870298523,0.9880544063560348,1.3054570743989056,0.0733106967431226,0.0841404037173966,False,777,595.92,1.3,445,374.25,1.19,Unaffected full siblings,current_manuscript/results_20260622/sibling/phewas.csv
687,sibling,Sibling-based analysis,649.1,649.1,Diabetes or abnormal glucose tolerance complicating pregnancy,pregnancy complications,Pregnancy-related conditions,Female,800,0.9145783793671117,0.9622564586869796,0.9622564586869796,0.8396578788996873,1.10275567651218,0.5800466083988329,0.5983638697166909,False,800,611.54,1.31,521,390.67,1.33,Unaffected full siblings,current_manuscript/results_20260622/sibling/phewas.csv
688,sibling,Sibling-based analysis,650,650.0,Normal delivery,pregnancy complications,Pregnancy-related conditions,Female,12340,14.107371501737699,0.8307832226027452,0.8307832226027452,0.797802852077293,0.8651269686001752,2.9611058752673914e-19,8.5349522287118925e-19,False,12340,422.25,29.22,7847,227.68,34.46,Unaffected full siblings,current_manuscript/results_20260622/sibling/phewas.csv
689,sibling,Sibling-based analysis,651,651.0,Multiple gestation,pregnancy complications,Pregnancy-related conditions,Female,3475,3.9726998353758916,0.9422812001727031,0.9422812001727031,0.8802686954794209,1.0086623149938736,0.0869563498972482,0.0979508309187394,False,3475,577.1,6.02,2302,359.88,6.4,Unaffected full siblings,current_manuscript/results_20260622/sibling/phewas.csv
690,sibling,Sibling-based analysis,652,652.0,Malposition and malpresentation of fetus or obstruction,pregnancy complications,Pregnancy-related conditions,Female,1994,2.279586610572526,0.8868510993283302,0.8868510993283302,0.8153797281686078,0.9645872287583175,0.0050936371373197,0.0064409863155785,False,1994,571.54,3.49,1409,347.58,4.05,Unaffected full siblings,current_manuscript/results_20260622/sibling/phewas.csv
691,sibling,Sibling-based analysis,653,653.0,Problems associated with amniotic cavity and membranes,pregnancy complications,Pregnancy-related conditions,Female,3952,4.518017194073532,0.9546294692977019,0.9546294692977019,0.8975139747556469,1.0153796478764838,0.1401810978025777,0.154356714434299,False,3952,556.38,7.1,2629,338.23,7.77,Unaffected full siblings,current_manuscript/results_20260622/sibling/phewas.csv
692,sibling,Sibling-based analysis,654.1,654.1,"Abnormality of organs and soft tissues of pelvis complicating pregnancy, childbirth, or the puerperium",pregnancy complications,Pregnancy-related conditions,Female,1305,1.491905981342601,0.9235059645545167,0.9235059645545167,0.8285648847741834,1.0293258648056358,0.1504977556028092,0.1647908385371543,False,1305,578.01,2.26,826,352.58,2.34,Unaffected full siblings,current_manuscript/results_20260622/sibling/phewas.csv
693,sibling,Sibling-based analysis,661,661.0,Fetal distress and abnormal forces of labor,pregnancy complications,Pregnancy-related conditions,Female,3235,3.6983263215657582,0.896817930415928,0.896817930415928,0.8368953242944106,0.9610310596413018,0.0020247542947879,0.002663435179721,False,3235,538.31,6.01,2129,317.59,6.7,Unaffected full siblings,current_manuscript/results_20260622/sibling/phewas.csv
694,sibling,Sibling-based analysis,665,665.0,Obstetrical/birth trauma,pregnancy complications,Pregnancy-related conditions,Female,5727,6.547237973294311,0.7823202440602691,0.7823202440602691,0.742750421887699,0.8239981375050027,1.857558222147001e-20,5.601252485243265e-20,False,5727,532.1,10.76,4184,310.83,13.46,Unaffected full siblings,current_manuscript/results_20260622/sibling/phewas.csv
695,sibling,Sibling-based analysis,669,669.0,Complications of labor and delivery NEC,pregnancy complications,Pregnancy-related conditions,Female,6042,6.907353210170111,0.963641626821138,0.963641626821138,0.9142921085959088,1.0156548177677716,0.1673262942564279,0.1821997426347771,False,6042,513.81,11.76,3734,304.41,12.27,Unaffected full siblings,current_manuscript/results_20260622/sibling/phewas.csv
696,sibling,Sibling-based analysis,671,671.0,Venous/cerebrovascular complications embolism in pregnancy and the puerperium,pregnancy complications,Pregnancy-related conditions,Female,550,0.6287726358148893,1.0211395277948059,1.0211395277948059,0.8685260766213355,1.2005695203548992,0.8000449865380607,0.8124809189712947,False,550,593.83,0.93,343,375.71,0.91,Unaffected full siblings,current_manuscript/results_20260622/sibling/phewas.csv
697,sibling,Sibling-based analysis,674,674.0,Other complications of the puerperium NEC,pregnancy complications,Pregnancy-related conditions,Female,4224,4.82897384305835,1.8749438581842108,1.8749438581842108,1.747930411947033,2.0111867425127334,4.688535123040822e-69,4.1770585641636416e-68,True,4224,567.92,7.44,1500,368.3,4.07,Unaffected full siblings,current_manuscript/results_20260622/sibling/phewas.csv
698,sibling,Sibling-based analysis,676,676.0,Other disorders of the breast associated with childbirth and disorders of lactation,pregnancy complications,Pregnancy-related conditions,Female,765,0.8745655752698006,1.439742244095085,1.439742244095085,1.2413154882311077,1.6698879125288315,1.4560907098747775e-06,2.2123548770190416e-06,True,765,592.1,1.29,353,375.73,0.94,Unaffected full siblings,current_manuscript/results_20260622/sibling/phewas.csv
699,sibling,Sibling-based analysis,686.1,686.1,Carbuncle and furuncle,dermatologic,Dermatologic conditions,Both,1219,1.3935888055606365,1.6639529517954081,1.6639529517954081,1.5189466903203457,1.8228022375194255,6.961866682464443e-28,2.526899758820428e-27,True,1219,934.63,1.3,982,1241.3,0.79,Unaffected full siblings,current_manuscript/results_20260622/sibling/phewas.csv
700,sibling,Sibling-based analysis,686.3,686.3,Pilonidal cyst,dermatologic,Dermatologic conditions,Both,525,0.6001920614596671,1.3071899228036776,1.3071899228036776,1.1419006631387427,1.496404678129055,0.0001028039687583,0.0001481586608576,True,525,939.31,0.56,619,1243.11,0.5,Unaffected full siblings,current_manuscript/results_20260622/sibling/phewas.csv
701,sibling,Sibling-based analysis,687.1,687.1,Rash and other nonspecific skin eruption,dermatologic,Dermatologic conditions,Both,781,0.8928571428571429,1.3764252938291195,1.3764252938291195,1.229525396288978,1.540876337496406,2.883100045788724e-08,4.7888780421575414e-08,True,781,948.05,0.82,667,1272.23,0.52,Unaffected full siblings,current_manuscript/results_20260622/sibling/phewas.csv
702,sibling,Sibling-based analysis,687.4,687.4,Disturbance of skin sensation,dermatologic,Dermatologic conditions,Both,2399,2.7425919151271265,1.4567953906044413,1.4567953906044413,1.3646940689918676,1.5551125034595525,1.4469434877609216e-29,5.560802423551776e-29,True,2399,937.38,2.56,1974,1263.78,1.56,Unaffected full siblings,current_manuscript/results_20260622/sibling/phewas.csv
703,sibling,Sibling-based analysis,689,689.0,Disorder of skin and subcutaneous tissue NOS,dermatologic,Dermatologic conditions,Both,573,0.6550667642216939,1.4732261172061567,1.4732261172061567,1.2944372683585315,1.6767094439196688,4.366319962110109e-09,7.99811880909889e-09,True,573,960.1,0.6,507,1295.76,0.39,Unaffected full siblings,current_manuscript/results_20260622/sibling/phewas.csv
704,sibling,Sibling-based analysis,690.1,690.1,Seborrheic dermatitis,dermatologic,Dermatologic conditions,Both,661,0.7556703859520761,1.5074907573540621,1.5074907573540621,1.3384173986759194,1.6979220277292493,1.3549442145894046e-11,2.9507674006613695e-11,True,661,946.14,0.7,605,1264.51,0.48,Unaffected full siblings,current_manuscript/results_20260622/sibling/phewas.csv
705,sibling,Sibling-based analysis,696.4,696.4,Psoriasis,dermatologic,Dermatologic conditions,Both,1133,1.295271629778672,1.322681417054653,1.322681417054653,1.2092332944929354,1.446773041223044,9.80818341763014e-10,1.8664116018014638e-09,True,1133,940.02,1.21,1118,1256.38,0.89,Unaffected full siblings,current_manuscript/results_20260622/sibling/phewas.csv
706,sibling,Sibling-based analysis,698,698.0,Pruritus and related conditions,dermatologic,Dermatologic conditions,Both,1594,1.8222974208889702,1.4257944303444974,1.4257944303444974,1.3057915790365187,1.5568255993053361,2.615574098235452e-15,7.120173934085396e-15,True,1594,948.65,1.68,1238,1282.56,0.97,Unaffected full siblings,current_manuscript/results_20260622/sibling/phewas.csv
707,sibling,Sibling-based analysis,705.8,705.8,Hyperhidrosis,dermatologic,Dermatologic conditions,Both,464,0.5304554600329249,1.5932764753579973,1.5932764753579973,1.3629588582706391,1.8625139794389405,4.998551080991558e-09,9.071444554392088e-09,True,464,959.89,0.48,345,1294.85,0.27,Unaffected full siblings,current_manuscript/results_20260622/sibling/phewas.csv
708,sibling,Sibling-based analysis,728.2,728.2,Laxity of ligament or hypermobility syndrome,musculoskeletal,Musculoskeletal conditions,Both,836,0.9557344064386318,1.46062736965648,1.46062736965648,1.3064342691704232,1.6330192519707267,2.8131542797329007e-11,6.059101525578556e-11,True,836,951.77,0.88,673,1281.64,0.53,Unaffected full siblings,current_manuscript/results_20260622/sibling/phewas.csv
709,sibling,Sibling-based analysis,735.3,735.3,Hallux valgus (Bunion),musculoskeletal,Musculoskeletal conditions,Both,666,0.7613865008231205,1.109905759724684,1.109905759724684,0.9735680825558911,1.2653360535772358,0.1189014666417197,0.1331696426387261,False,666,951.64,0.7,631,1277.65,0.49,Unaffected full siblings,current_manuscript/results_20260622/sibling/phewas.csv
710,sibling,Sibling-based analysis,740.1,740.1,Osteoarthritis; localized,musculoskeletal,Musculoskeletal conditions,Both,845,0.9660234132065117,1.1466572292608268,1.1466572292608268,1.0353273710834079,1.2699585060136422,0.0086330507697768,0.0107775665660908,True,845,959.97,0.88,964,1293.62,0.75,Unaffected full siblings,current_manuscript/results_20260622/sibling/phewas.csv
711,sibling,Sibling-based analysis,740.9,740.9,Osteoarthrosis NOS,musculoskeletal,Musculoskeletal conditions,Both,502,0.5738979330528626,1.1555263625717385,1.1555263625717385,1.013718243637433,1.3171718897029496,0.0304672312428433,0.035973357371068,True,502,961.88,0.52,594,1296.1,0.46,Unaffected full siblings,current_manuscript/results_20260622/sibling/phewas.csv
712,sibling,Sibling-based analysis,742.9,742.9,Other derangement of joint,musculoskeletal,Musculoskeletal conditions,Both,1278,1.4610389610389611,1.0383525054742206,1.0383525054742206,0.9594675196675295,1.1237232147245546,0.3505134947760607,0.3713548377086914,False,1278,935.71,1.37,1718,1241.15,1.38,Unaffected full siblings,current_manuscript/results_20260622/sibling/phewas.csv
713,sibling,Sibling-based analysis,745,745.0,Pain in joint,musculoskeletal,Musculoskeletal conditions,Both,3336,3.813791841960856,1.2843501405734716,1.2843501405734716,1.218279802437734,1.3540036371697173,1.5809808499080923e-20,4.841753852843533e-20,True,3336,923.65,3.61,3301,1239.56,2.66,Unaffected full siblings,current_manuscript/results_20260622/sibling/phewas.csv
714,sibling,Sibling-based analysis,800.3,800.3,Fracture of tibia and fibula,injuries & poisonings,Injuries & poisonings,Both,646,0.7385220413389427,1.2947552827010835,1.2947552827010835,1.1458747180813664,1.4629795174199187,3.400002450794519e-05,5.048488487543377e-05,True,646,853.92,0.76,662,1042.66,0.63,Unaffected full siblings,current_manuscript/results_20260622/sibling/phewas.csv
715,sibling,Sibling-based analysis,801.1,801.1,Fracture of foot,injuries & poisonings,Injuries & poisonings,Both,484,0.5533199195171026,1.1130267573228925,1.1130267573228925,0.9688376128805117,1.2786751319795218,0.1303397225323877,0.1451510546383409,False,484,854.94,0.57,512,1043.63,0.49,Unaffected full siblings,current_manuscript/results_20260622/sibling/phewas.csv
716,sibling,Sibling-based analysis,803.2,803.2,Fracture of radius and ulna,injuries & poisonings,Injuries & poisonings,Both,1568,1.792573623559539,1.0884718570414418,1.0884718570414418,1.0094762367901624,1.173649205788606,0.0274290442849887,0.0327810529259621,True,1568,846.56,1.85,1745,1033.95,1.69,Unaffected full siblings,current_manuscript/results_20260622/sibling/phewas.csv
717,sibling,Sibling-based analysis,803.3,803.3,Fracture of clavicle or scapula,injuries & poisonings,Injuries & poisonings,Both,570,0.6516370952990671,1.2699509746202247,1.2699509746202247,1.1106174630157948,1.4521430930497823,0.0004760502830635,0.0006570834892989,True,570,853.91,0.67,703,1042.01,0.67,Unaffected full siblings,current_manuscript/results_20260622/sibling/phewas.csv
718,sibling,Sibling-based analysis,804,804.0,Fracture of hand or wrist,injuries & poisonings,Injuries & poisonings,Both,2708,3.0958478141576733,1.2633655324349247,1.2633655324349247,1.1886424831203266,1.342785985870747,5.664209448811208e-14,1.4233141691884578e-13,True,2708,836.78,3.24,3065,1022.55,3.0,Unaffected full siblings,current_manuscript/results_20260622/sibling/phewas.csv
719,sibling,Sibling-based analysis,805,805.0,Fracture of vertebral column without mention of spinal cord injury,injuries & poisonings,Injuries & poisonings,Both,531,0.6070513993049205,1.4999051602601354,1.4999051602601354,1.303159061590307,1.7263552516985512,1.5953253383924372e-08,2.7189892723905885e-08,True,531,854.31,0.62,456,1043.96,0.44,Unaffected full siblings,current_manuscript/results_20260622/sibling/phewas.csv
720,sibling,Sibling-based analysis,807,807.0,Fracture of ribs,injuries & poisonings,Injuries & poisonings,Both,646,0.7385220413389427,1.5818959439345248,1.5818959439345248,1.3863074932057387,1.8050791687274872,9.699928081918244e-12,2.160438527336337e-11,True,646,853.31,0.76,614,1042.7,0.59,Unaffected full siblings,current_manuscript/results_20260622/sibling/phewas.csv
721,sibling,Sibling-based analysis,809,809.0,Fracture of unspecified bones,injuries & poisonings,Injuries & poisonings,Both,2323,2.655706969087251,1.2236121035373668,1.2236121035373668,1.1478348680228372,1.3043919658078822,6.126762930425974e-10,1.2129752872358492e-09,True,2323,839.36,2.77,2510,1026.53,2.45,Unaffected full siblings,current_manuscript/results_20260622/sibling/phewas.csv
722,sibling,Sibling-based analysis,817,817.0,Concussion,injuries & poisonings,Injuries & poisonings,Both,2435,2.7837479421986466,1.5015911132954303,1.5015911132954303,1.4081565555439275,1.6012252775806306,2.5303699717126574e-35,1.1533779405946067e-34,True,2435,899.88,2.71,2135,1179.36,1.81,Unaffected full siblings,current_manuscript/results_20260622/sibling/phewas.csv
723,sibling,Sibling-based analysis,819,819.0,Skull and face fracture and other intercranial injury,injuries & poisonings,Injuries & poisonings,Both,1098,1.2552588256813608,1.3591185064368245,1.3591185064368245,1.2373620890434773,1.4928557541042937,1.4765584442030057e-10,3.04637321119778e-10,True,1098,910.9,1.21,1313,1185.99,1.11,Unaffected full siblings,current_manuscript/results_20260622/sibling/phewas.csv
724,sibling,Sibling-based analysis,830,830.0,Dislocation,injuries & poisonings,Injuries & poisonings,Both,6606,7.552130967623925,1.15633550381311,1.15633550381311,1.1134733227106923,1.20084762706626,4.7931627127795253e-14,1.2361314364536671e-13,True,6606,826.32,7.99,7141,1054.3,6.77,Unaffected full siblings,current_manuscript/results_20260622/sibling/phewas.csv
725,sibling,Sibling-based analysis,835,835.0,Internal derangement of knee,injuries & poisonings,Injuries & poisonings,Both,1267,1.4484635083226634,0.8757925682639243,0.8757925682639243,0.809251479151277,0.9478050301875806,0.0010031061251448,0.0013374748335264,False,1267,872.29,1.45,1873,1098.52,1.71,Unaffected full siblings,current_manuscript/results_20260622/sibling/phewas.csv
726,sibling,Sibling-based analysis,850,850.0,Hemorrhage or hematoma complicating a procedure,injuries & poisonings,Injuries & poisonings,Both,1034,1.1820925553319919,1.4160213257156593,1.4160213257156593,1.2826368327283442,1.5632767933354732,5.5243192671064986e-12,1.2738430310033809e-11,True,1034,952.64,1.09,879,1283.23,0.68,Unaffected full siblings,current_manuscript/results_20260622/sibling/phewas.csv
727,sibling,Sibling-based analysis,858,858.0,Complication of internal orthopedic device,injuries & poisonings,Injuries & poisonings,Both,457,0.5224528992134626,1.4279085878253166,1.4279085878253166,1.236164264292841,1.649394820802132,1.2868021236072465e-06,1.970415751773596e-06,True,457,956.82,0.48,409,1286.65,0.32,Unaffected full siblings,current_manuscript/results_20260622/sibling/phewas.csv
728,sibling,Sibling-based analysis,870.1,870.1,Open wound or laceration of eye or eyelid,injuries & poisonings,Injuries & poisonings,Both,820,0.9374428388512895,1.1435057775376123,1.1435057775376123,1.0300987983509238,1.2693981056528107,0.0118526501406783,0.0146108140098927,True,820,877.99,0.93,1065,1101.67,0.97,Unaffected full siblings,current_manuscript/results_20260622/sibling/phewas.csv
729,sibling,Sibling-based analysis,870.3,870.3,Other open wound of head and face,injuries & poisonings,Injuries & poisonings,Both,2109,2.4110572526065486,1.3017787774854017,1.3017787774854017,1.2162905614524198,1.3932756195096723,2.741660714446829e-14,7.261695946372684e-14,True,2109,868.24,2.43,2472,1090.84,2.27,Unaffected full siblings,current_manuscript/results_20260622/sibling/phewas.csv
730,sibling,Sibling-based analysis,907,907.0,Injuries to the nervous system,injuries & poisonings,Injuries & poisonings,Both,592,0.6767880007316627,1.7110862997214644,1.7110862997214644,1.5001312206122683,1.9517068139542653,1.2315879233633484e-15,3.448446185417376e-15,True,592,957.47,0.62,527,1289.88,0.41,Unaffected full siblings,current_manuscript/results_20260622/sibling/phewas.csv
731,sibling,Sibling-based analysis,915,915.0,Superficial injury without mention of infection,injuries & poisonings,Injuries & poisonings,Both,3763,4.3019480519480515,1.4737208058223135,1.4737208058223135,1.398279840933046,1.5532320140325644,2.0336602273832286e-47,1.2078709229306452e-46,True,3763,816.25,4.61,3335,1016.91,3.28,Unaffected full siblings,current_manuscript/results_20260622/sibling/phewas.csv
732,sibling,Sibling-based analysis,916,916.0,Contusion,injuries & poisonings,Injuries & poisonings,Both,6841,7.820788366563014,1.2611628010769753,1.2611628010769753,1.2144473530978535,1.3096752253303863,1.965044890824478e-33,8.558862191146616e-33,True,6841,820.55,8.34,7311,1045.67,6.99,Unaffected full siblings,current_manuscript/results_20260622/sibling/phewas.csv
733,sibling,Sibling-based analysis,946,946.0,Anaphylactic shock NOS,injuries & poisonings,Injuries & poisonings,Both,448,0.5121638924455826,1.4816628376803747,1.4816628376803747,1.2785404375670837,1.7170554016582473,1.7289044711391562e-07,2.7550022466932895e-07,True,448,953.86,0.47,380,1281.48,0.3,Unaffected full siblings,current_manuscript/results_20260622/sibling/phewas.csv
734,sibling,Sibling-based analysis,966,966.0,Poisoning by anticonvulsants and anti-Parkinsonism drugs,injuries & poisonings,Injuries & poisonings,Both,511,0.5841869398207427,8.650142543209647,8.650142543209647,6.618578500997894,11.30529251961943,3.249706702372292e-56,2.44977889871142e-55,True,511,930.32,0.55,80,1258.79,0.06,Unaffected full siblings,current_manuscript/results_20260622/sibling/phewas.csv
735,sibling,Sibling-based analysis,969,969.0,Poisoning by psychotropic agents,injuries & poisonings,Injuries & poisonings,Both,1091,1.2472562648618986,6.942769247232361,6.942769247232361,5.906393430157336,8.160994588372922,4.887026658131395e-122,6.841837321383954e-121,True,1091,923.96,1.18,232,1257.48,0.18,Unaffected full siblings,current_manuscript/results_20260622/sibling/phewas.csv
736,sibling,Sibling-based analysis,979,979.0,Adverse drug events and drug allergies,injuries & poisonings,Injuries & poisonings,Both,4297,4.912429120175599,5.548813474990652,5.548813474990652,5.1474598468369,5.981461127697343,0.0,0.0,True,4297,901.62,4.77,1154,1251.54,0.92,Unaffected full siblings,current_manuscript/results_20260622/sibling/phewas.csv
737,sibling,Sibling-based analysis,981,981.0,Toxic effect of (non-ethyl) alcohol and petroleum and other solvents,injuries & poisonings,Injuries & poisonings,Both,452,0.5167367843424181,3.558637833875201,3.558637833875201,2.9388884577078294,4.309079236904802,1.1841692866849702e-38,5.802429504756354e-38,True,452,953.45,0.47,173,1287.89,0.13,Unaffected full siblings,current_manuscript/results_20260622/sibling/phewas.csv
738,sibling_female,Sibling-based analysis (female),41.1,41.1,Staphylococcus infections,infectious diseases,Infectious diseases,Both,162,0.536530436510565,1.3340925627339095,1.3340925627339095,1.0487340191047625,1.6970966265223615,0.0188987264525465,0.0263587500522359,True,162,334.62,0.48,138,386.75,0.36,Depression-free full sisters,current_manuscript/results_20260622/sister/phewas.csv
739,sibling_female,Sibling-based analysis (female),41.2,41.2,Streptococcus infection,infectious diseases,Infectious diseases,Both,294,0.9737033847784328,1.3452188798631295,1.3452188798631295,1.1262968515549048,1.6066935037969408,0.0010663379949476,0.0018085092394312,True,294,333.4,0.88,250,385.72,0.65,Depression-free full sisters,current_manuscript/results_20260622/sister/phewas.csv
740,sibling_female,Sibling-based analysis (female),41.4,41.4,E. coli,infectious diseases,Infectious diseases,Both,252,0.8346029012386567,1.621943734129579,1.621943734129579,1.3232933499971455,1.9879956902132678,3.193364341380414e-06,7.693105004234632e-06,True,252,333.97,0.75,179,386.37,0.46,Depression-free full sisters,current_manuscript/results_20260622/sister/phewas.csv
741,sibling_female,Sibling-based analysis (female),54,54.0,Herpes simplex,infectious diseases,Infectious diseases,Both,669,2.215671987812148,1.33964733920024,1.33964733920024,1.1862383007258586,1.5128958425369794,2.448333524656589e-06,5.9660541060597324e-06,True,669,311.14,2.15,537,347.18,1.55,Depression-free full sisters,current_manuscript/results_20260622/sister/phewas.csv
742,sibling_female,Sibling-based analysis (female),78,78.0,Viral warts & HPV,infectious diseases,Infectious diseases,Both,630,2.0865072530966415,1.405479577672324,1.405479577672324,1.2381980355886508,1.5953609895002485,1.4046929853869266e-07,3.722436411275355e-07,True,630,310.46,2.03,497,347.01,1.43,Depression-free full sisters,current_manuscript/results_20260622/sister/phewas.csv
743,sibling_female,Sibling-based analysis (female),80,80.0,Postoperative infection,infectious diseases,Infectious diseases,Both,646,2.1394979134927468,1.5975198490437883,1.5975198490437883,1.409408827320435,1.8107376785349625,2.322234174060592e-13,1.0047217242874398e-12,True,646,333.87,1.93,460,389.7,1.18,Depression-free full sisters,current_manuscript/results_20260622/sister/phewas.csv
744,sibling_female,Sibling-based analysis (female),90.3,90.3,Venereal diseases due to Chlamydia trachomatis,infectious diseases,Infectious diseases,Both,253,0.8379148175134132,1.8069483259995383,1.8069483259995383,1.4655885791196444,2.2278163867746597,3.055034189713258e-08,8.303426259220651e-08,True,253,334.2,0.76,166,388.33,0.43,Depression-free full sisters,current_manuscript/results_20260622/sister/phewas.csv
745,sibling_female,Sibling-based analysis (female),136,136.0,Other infectious and parasitic diseases,infectious diseases,Infectious diseases,Both,171,0.5663376829833742,1.4331224411393355,1.4331224411393355,1.1375401317742957,1.8055098663584372,0.0022619911629437,0.0036887855888006,True,171,335.68,0.51,146,388.6,0.38,Depression-free full sisters,current_manuscript/results_20260622/sister/phewas.csv
746,sibling_female,Sibling-based analysis (female),173,173.0,Neoplasm of uncertain behavior of skin,neoplasms,Neoplasms,Both,577,1.9109756905345432,1.0098952690790217,1.0098952690790217,0.897253841309639,1.1366777243545172,0.8703685561443631,0.8828618847014593,False,577,335.26,1.72,646,389.6,1.66,Depression-free full sisters,current_manuscript/results_20260622/sister/phewas.csv
747,sibling_female,Sibling-based analysis (female),174.1,174.1,Breast cancer [female],neoplasms,Neoplasms,Female,211,0.6988143339736371,0.9764927477659215,0.9764927477659215,0.7967306974751461,1.1968135399592597,0.8187382427614887,0.8425849876962893,False,211,326.16,0.65,232,367.99,0.63,Depression-free full sisters,current_manuscript/results_20260622/sister/phewas.csv
748,sibling_female,Sibling-based analysis (female),174.3,174.3,Neoplasm of uncertain behavior of breast,neoplasms,Neoplasms,Both,270,0.894217394184275,1.1761618745571791,1.1761618745571791,0.9802209794827081,1.4112702993685118,0.0809611302365723,0.0969703932777025,False,270,325.22,0.83,265,367.2,0.72,Depression-free full sisters,current_manuscript/results_20260622/sister/phewas.csv
749,sibling_female,Sibling-based analysis (female),180.3,180.3,Cervical intraepithelial neoplasia [CIN] [Cervical dysplasia],neoplasms,Neoplasms,Female,2919,9.66748360601444,1.1234767415931841,1.1234767415931841,1.0627262141720883,1.187700060531723,4.0432535056348086e-05,8.48682914054039e-05,True,2919,307.42,9.5,2974,351.44,8.46,Depression-free full sisters,current_manuscript/results_20260622/sister/phewas.csv
750,sibling_female,Sibling-based analysis (female),195.1,195.1,"Malignant neoplasm, other",neoplasms,Neoplasms,Both,290,0.9604557196794065,1.0900573906000075,1.0900573906000075,0.9196366643027608,1.2920593109481682,0.3201525473373987,0.3572228422922554,False,290,336.5,0.86,305,390.7,0.78,Depression-free full sisters,current_manuscript/results_20260622/sister/phewas.csv
751,sibling_female,Sibling-based analysis (female),208,208.0,Benign neoplasm of colon,neoplasms,Neoplasms,Both,166,0.5497781016095913,1.3879830791156436,1.3879830791156436,1.0903030788283015,1.766937162079429,0.0077684349767535,0.0115979451765616,True,166,339.05,0.49,136,395.6,0.34,Depression-free full sisters,current_manuscript/results_20260622/sister/phewas.csv
752,sibling_female,Sibling-based analysis (female),215,215.0,Other benign neoplasm of connective and other soft tissue,neoplasms,Neoplasms,Both,202,0.6690070875008279,0.9822622457234655,0.9822622457234655,0.8056856142183924,1.1975379755411306,0.8594969961406936,0.8760257845280147,False,202,336.91,0.6,240,391.0,0.61,Depression-free full sisters,current_manuscript/results_20260622/sister/phewas.csv
753,sibling_female,Sibling-based analysis (female),218.1,218.1,Uterine leiomyoma,neoplasms,Neoplasms,Female,759,2.51374445254024,1.1412439039931446,1.1412439039931446,1.019115365165864,1.278008057693781,0.0221435814621477,0.0299008870699065,True,759,322.07,2.36,777,364.16,2.13,Depression-free full sisters,current_manuscript/results_20260622/sister/phewas.csv
754,sibling_female,Sibling-based analysis (female),220,220.0,Benign neoplasm of ovary,neoplasms,Neoplasms,Female,177,0.5862091806319136,1.438552249792669,1.438552249792669,1.1399362660515342,1.8153932259314531,0.0021888953740249,0.0035972544131262,True,177,324.54,0.55,146,366.17,0.4,Depression-free full sisters,current_manuscript/results_20260622/sister/phewas.csv
755,sibling_female,Sibling-based analysis (female),242.1,242.1,Graves' disease,endocrine/metabolic,Endocrine/metabolic conditions,Both,196,0.6491355898522886,1.036597919952439,1.036597919952439,0.842939288365964,1.2747480897855734,0.7333578530183583,0.765871255368926,False,196,332.17,0.59,208,383.2,0.54,Depression-free full sisters,current_manuscript/results_20260622/sister/phewas.csv
756,sibling_female,Sibling-based analysis (female),244.4,244.4,Hypothyroidism NOS,endocrine/metabolic,Endocrine/metabolic conditions,Both,1028,3.404649930449758,1.4684743180176971,1.4684743180176971,1.3296253305339825,1.6218229099256973,3.407093780940637e-14,1.5368167692753514e-13,True,1028,326.07,3.15,796,379.08,2.1,Depression-free full sisters,current_manuscript/results_20260622/sister/phewas.csv
757,sibling_female,Sibling-based analysis (female),250.2,250.2,Type 2 diabetes,endocrine/metabolic,Endocrine/metabolic conditions,Both,296,0.9803272173279459,1.7623374059498926,1.7623374059498926,1.4548271269268334,2.134846865944091,6.960141871995881e-09,1.9971307469522905e-08,True,296,337.96,0.88,204,394.72,0.52,Depression-free full sisters,current_manuscript/results_20260622/sister/phewas.csv
758,sibling_female,Sibling-based analysis (female),253.1,253.1,Pituitary hyperfunction,endocrine/metabolic,Endocrine/metabolic conditions,Both,171,0.5663376829833742,1.7905886997540994,1.7905886997540994,1.3898924290390073,2.3068029040951736,6.564986178023438e-06,1.4965344835924396e-05,True,171,331.87,0.52,110,381.72,0.29,Depression-free full sisters,current_manuscript/results_20260622/sister/phewas.csv
759,sibling_female,Sibling-based analysis (female),256.4,256.4,Polycystic ovaries,endocrine/metabolic,Endocrine/metabolic conditions,Female,735,2.434258461946082,1.4352030110789813,1.4352030110789813,1.2768759541450598,1.6131619334858032,1.3752062890789527e-09,4.417329292193e-09,True,735,327.89,2.24,587,378.36,1.55,Depression-free full sisters,current_manuscript/results_20260622/sister/phewas.csv
760,sibling_female,Sibling-based analysis (female),276.1,276.1,Electrolyte imbalance,endocrine/metabolic,Endocrine/metabolic conditions,Both,205,0.6789428363250977,1.9868325983600779,1.9868325983600779,1.5619726389463344,2.5272553919825,2.2323430257648972e-08,6.146191187820239e-08,True,205,338.01,0.61,119,393.97,0.3,Depression-free full sisters,current_manuscript/results_20260622/sister/phewas.csv
761,sibling_female,Sibling-based analysis (female),278.1,278.1,Obesity,endocrine/metabolic,Endocrine/metabolic conditions,Both,2165,7.170298734847983,1.3373393182716264,1.3373393182716264,1.250038224374053,1.4307374105226136,3.1854914461131425e-17,1.6883104664399654e-16,True,2165,316.94,6.83,1931,369.72,5.22,Depression-free full sisters,current_manuscript/results_20260622/sister/phewas.csv
762,sibling_female,Sibling-based analysis (female),280.1,280.1,"Iron deficiency anemias, unspecified or not due to blood loss",hematopoietic,Hematopoietic conditions,Both,519,1.718884546598662,1.6226983420484835,1.6226983420484835,1.411881516913224,1.864993540707094,9.243052502234916e-12,3.378495052541039e-11,True,519,332.82,1.56,376,387.1,0.97,Depression-free full sisters,current_manuscript/results_20260622/sister/phewas.csv
763,sibling_female,Sibling-based analysis (female),285.1,285.1,Acute posthemorrhagic anemia,hematopoietic,Hematopoietic conditions,Both,209,0.692190501424124,1.4839324445621815,1.4839324445621815,1.198090393899114,1.8379710840163177,0.0002997310449138,0.0005623272701039,True,209,335.28,0.62,172,388.29,0.44,Depression-free full sisters,current_manuscript/results_20260622/sister/phewas.csv
764,sibling_female,Sibling-based analysis (female),286.6,286.6,Defibrination syndrome,hematopoietic,Hematopoietic conditions,Both,164,0.5431542690600781,1.1096085580290138,1.1096085580290138,0.8761938175313821,1.4052041082875242,0.3880558484066996,0.4262582376280845,False,164,337.44,0.49,165,391.57,0.42,Depression-free full sisters,current_manuscript/results_20260622/sister/phewas.csv
765,sibling_female,Sibling-based analysis (female),286.7,286.7,Other and unspecified coagulation defects,hematopoietic,Hematopoietic conditions,Both,197,0.6524475061270452,1.1451273685371952,1.1451273685371952,0.9216006776418991,1.4228686262776942,0.2212853537761264,0.2508689572221327,False,197,337.04,0.58,193,391.25,0.49,Depression-free full sisters,current_manuscript/results_20260622/sister/phewas.csv
766,sibling_female,Sibling-based analysis (female),289.4,289.4,Lymphadenitis,hematopoietic,Hematopoietic conditions,Both,319,1.056501291647347,1.2552559030353776,1.2552559030353776,1.0610412242273717,1.485019946564781,0.0080279185225976,0.0119015295579769,True,319,334.69,0.95,293,388.36,0.75,Depression-free full sisters,current_manuscript/results_20260622/sister/phewas.csv
767,sibling_female,Sibling-based analysis (female),290.3,290.3,Other persistent mental disorders due to conditions classified elsewhere,mental disorders,Mental disorders,Both,988,3.272173279459495,3.837350904157175,3.837350904157175,3.343716075096121,4.4038613419689305,1.139620022033673e-81,2.4159944467113876e-80,True,988,326.78,3.02,312,387.09,0.81,Depression-free full sisters,current_manuscript/results_20260622/sister/phewas.csv
768,sibling_female,Sibling-based analysis (female),291.1,291.1,Transient mental disorders due to conditions classified elsewhere,mental disorders,Mental disorders,Both,243,0.8047956547658475,3.3207673760272165,3.3207673760272165,2.5745437058639373,4.283281709519939,2.4124840702258388e-20,1.5982706965246185e-19,True,243,332.42,0.73,92,388.5,0.24,Depression-free full sisters,current_manuscript/results_20260622/sister/phewas.csv
769,sibling_female,Sibling-based analysis (female),291.8,291.8,Alteration of consciousness,mental disorders,Mental disorders,Both,191,0.6325760084785057,2.7644414482916213,2.7644414482916213,2.0976751583053512,3.643145837321413,5.168496476726673e-13,2.1890170772526703e-12,True,191,333.31,0.57,83,388.77,0.21,Depression-free full sisters,current_manuscript/results_20260622/sister/phewas.csv
770,sibling_female,Sibling-based analysis (female),293.1,293.1,"Swelling, mass, or lump in head and neck [Space-occupying lesion, intracranial NOS]",mental disorders,Mental disorders,Both,235,0.778300324567795,1.0998130217119562,1.0998130217119562,0.9089579866845586,1.3307421249899363,0.3278893452102636,0.363940006201968,False,235,336.92,0.7,238,391.13,0.61,Depression-free full sisters,current_manuscript/results_20260622/sister/phewas.csv
771,sibling_female,Sibling-based analysis (female),295.3,295.3,Psychosis,mental disorders,Mental disorders,Both,197,0.6524475061270452,4.019727351793898,4.019727351793898,2.930095075159329,5.5145678103572635,6.456563677475575e-18,3.602082893749532e-17,True,197,222.45,0.89,60,257.64,0.23,Depression-free full sisters,current_manuscript/results_20260622/sister/phewas.csv
772,sibling_female,Sibling-based analysis (female),296.1,296.1,Bipolar,mental disorders,Mental disorders,Both,1480,4.90163608663973,5.924884666544325,5.924884666544325,5.190601987533024,6.763041819844159,4.422038958895543e-153,1.8749445185717103e-151,True,1480,209.88,7.05,337,255.39,1.32,Depression-free full sisters,current_manuscript/results_20260622/sister/phewas.csv
773,sibling_female,Sibling-based analysis (female),300.1,300.1,Anxiety disorder,mental disorders,Mental disorders,Both,6477,21.45128171159833,4.248117072804341,4.248117072804341,4.013534722071518,4.4964102502986005,0.0,0.0,True,6477,167.74,38.61,2361,240.67,9.81,Depression-free full sisters,current_manuscript/results_20260622/sister/phewas.csv
774,sibling_female,Sibling-based analysis (female),300.3,300.3,Obsessive-compulsive disorders,mental disorders,Mental disorders,Both,581,1.9242233556335695,3.135462970603959,3.135462970603959,2.6446051266894104,3.7174275814610858,1.5759594021594202e-39,1.9653140779870415e-38,True,581,218.92,2.65,229,256.16,0.89,Depression-free full sisters,current_manuscript/results_20260622/sister/phewas.csv
775,sibling_female,Sibling-based analysis (female),300.4,300.4,Dysthymic disorder,mental disorders,Mental disorders,Both,392,1.2982711797045772,5.882539450142553,5.882539450142553,4.546264713270793,7.6115828190716,2.1017171547111638e-41,2.784775229992292e-40,True,392,220.5,1.78,82,257.36,0.32,Depression-free full sisters,current_manuscript/results_20260622/sister/phewas.csv
776,sibling_female,Sibling-based analysis (female),300.8,300.8,Acute reaction to stress,mental disorders,Mental disorders,Both,1405,4.653242366032987,2.9593275298877524,2.9593275298877524,2.664715007585068,3.286512592987665,1.9826877711229424e-91,5.254122593475797e-90,True,1405,213.0,6.6,580,253.36,2.29,Depression-free full sisters,current_manuscript/results_20260622/sister/phewas.csv
777,sibling_female,Sibling-based analysis (female),300.9,300.9,Posttraumatic stress disorder,mental disorders,Mental disorders,Both,1023,3.3880903490759753,4.079422219086452,4.079422219086452,3.5469531376096657,4.691825630600596,2.0654750871188693e-86,4.865341316324448e-85,True,1023,217.5,4.7,328,256.31,1.28,Depression-free full sisters,current_manuscript/results_20260622/sister/phewas.csv
778,sibling_female,Sibling-based analysis (female),301.2,301.2,Antisocial/borderline personality disorder,mental disorders,Mental disorders,Both,1032,3.4178975955487845,7.382867421448666,7.382867421448666,6.172019775609709,8.831263240290504,4.629934279238922e-106,1.402208667426645e-104,True,1032,214.72,4.81,185,256.64,0.72,Depression-free full sisters,current_manuscript/results_20260622/sister/phewas.csv
779,sibling_female,Sibling-based analysis (female),303.4,303.4,Somatoform disorder,mental disorders,Mental disorders,Both,240,0.7948599059415778,2.873837255686699,2.873837255686699,2.226711394639518,3.709030542554841,5.057415314008577e-16,2.6150537721215084e-15,True,240,222.18,1.08,99,257.26,0.38,Depression-free full sisters,current_manuscript/results_20260622/sister/phewas.csv
780,sibling_female,Sibling-based analysis (female),304,304.0,Adjustment reaction,mental disorders,Mental disorders,Both,2304,7.6306550970391465,3.2660749876604602,3.2660749876604602,2.999392825870206,3.55646840687712,2.5163950852950305e-163,1.7782525269418213e-161,True,2304,207.33,11.11,867,252.26,3.44,Depression-free full sisters,current_manuscript/results_20260622/sister/phewas.csv
781,sibling_female,Sibling-based analysis (female),305.2,305.2,Eating disorder,mental disorders,Mental disorders,Both,838,2.775385838246009,3.1824789006628906,3.1824789006628906,2.752276819206173,3.6799248834591087,5.045301526365775e-55,8.91336602991287e-54,True,838,216.83,3.86,360,255.35,1.41,Depression-free full sisters,current_manuscript/results_20260622/sister/phewas.csv
782,sibling_female,Sibling-based analysis (female),306.9,306.9,Tension headache,mental disorders,Mental disorders,Both,517,1.7122607140491488,1.6420165533667088,1.6420165533667088,1.426888419399925,1.88957897819661,4.4611816175244436e-12,1.6888758980628254e-11,True,517,220.11,2.35,373,255.11,1.46,Depression-free full sisters,current_manuscript/results_20260622/sister/phewas.csv
783,sibling_female,Sibling-based analysis (female),312.3,312.3,Impulse control disorder,mental disorders,Mental disorders,Both,166,0.5497781016095913,3.857083004970367,3.857083004970367,2.747215020074971,5.415334874961932,6.321821508784552e-15,2.9782803552496116e-14,True,166,327.28,0.51,51,382.14,0.13,Depression-free full sisters,current_manuscript/results_20260622/sister/phewas.csv
784,sibling_female,Sibling-based analysis (female),313.1,313.1,Attention deficit hyperactivity disorder,mental disorders,Mental disorders,Both,4162,13.784195535536861,4.148529734307445,4.148529734307445,3.8651520289617856,4.452683575568395,0.0,0.0,True,4162,302.48,13.76,1419,374.82,3.79,Depression-free full sisters,current_manuscript/results_20260622/sister/phewas.csv
785,sibling_female,Sibling-based analysis (female),313.3,313.3,Autism,mental disorders,Mental disorders,Both,1639,5.428230774326025,4.692433677957613,4.692433677957613,4.172149737250762,5.2775991296372275,1.3610421857263698e-146,4.809015722899839e-145,True,1639,318.87,5.14,474,380.02,1.25,Depression-free full sisters,current_manuscript/results_20260622/sister/phewas.csv
786,sibling_female,Sibling-based analysis (female),315.3,315.3,Mental retardation,mental disorders,Mental disorders,Both,154,0.5100351063125124,2.6385797336785304,2.6385797336785304,1.9440632000745808,3.581212282971034,4.797507545721052e-10,1.6143993645918464e-09,True,154,327.25,0.47,79,381.81,0.21,Depression-free full sisters,current_manuscript/results_20260622/sister/phewas.csv
787,sibling_female,Sibling-based analysis (female),317.1,317.1,Alcoholism,mental disorders,Mental disorders,Both,159,0.5265946876862952,2.438246064211922,2.438246064211922,1.8153158966902938,3.274936268934792,3.193535418705494e-09,9.403187621743956e-09,True,159,327.26,0.49,83,381.44,0.22,Depression-free full sisters,current_manuscript/results_20260622/sister/phewas.csv
788,sibling_female,Sibling-based analysis (female),318,318.0,Tobacco use disorder,mental disorders,Mental disorders,Both,646,2.1394979134927468,1.8545201005340541,1.8545201005340541,1.6263131551962993,2.1147494209808038,2.9995710764400404e-20,1.9269971763796625e-19,True,646,324.05,1.99,410,379.25,1.08,Depression-free full sisters,current_manuscript/results_20260622/sister/phewas.csv
789,sibling_female,Sibling-based analysis (female),327.3,327.3,Sleep apnea,neurological,Neurological conditions,Both,378,1.251904351857985,2.4588289734863515,2.4588289734863515,2.0398908829011027,2.9638055503525953,3.709578044284424e-21,2.6214351512943264e-20,True,378,329.52,1.15,180,385.13,0.47,Depression-free full sisters,current_manuscript/results_20260622/sister/phewas.csv
790,sibling_female,Sibling-based analysis (female),327.4,327.4,Insomnia,neurological,Neurological conditions,Both,567,1.8778565277869776,3.484067510508863,3.484067510508863,2.9155906909766762,4.163384955011346,6.321806001071709e-43,8.934819148181346e-42,True,567,328.05,1.73,204,385.05,0.53,Depression-free full sisters,current_manuscript/results_20260622/sister/phewas.csv
791,sibling_female,Sibling-based analysis (female),338.1,338.1,Acute pain,neurological,Neurological conditions,Both,1326,4.391600980327217,1.6623101760273316,1.6623101760273316,1.5215433290997877,1.8161001849082365,2.1299841516056213e-29,2.1502697149542463e-28,True,1326,324.35,4.09,937,379.74,2.47,Depression-free full sisters,current_manuscript/results_20260622/sister/phewas.csv
792,sibling_female,Sibling-based analysis (female),338.2,338.2,Chronic pain,neurological,Neurological conditions,Both,853,2.8250645823673577,2.0215833138324104,2.0215833138324104,1.7944952877643112,2.2774086522440564,5.3250792987852675e-31,5.6445840567123826e-30,True,853,328.58,2.6,480,383.28,1.25,Depression-free full sisters,current_manuscript/results_20260622/sister/phewas.csv
793,sibling_female,Sibling-based analysis (female),339,339.0,Other headache syndromes,neurological,Neurological conditions,Both,2317,7.673710008610982,1.49514425182233,1.49514425182233,1.3985909574055293,1.5983632111452093,3.4957900104349686e-32,3.900565695853754e-31,True,2317,303.64,7.63,1792,349.95,5.12,Depression-free full sisters,current_manuscript/results_20260622/sister/phewas.csv
794,sibling_female,Sibling-based analysis (female),340.1,340.1,Migrain with aura,neurological,Neurological conditions,Both,422,1.3976286679472743,1.3312505859342003,1.3312505859342003,1.1473203157654726,1.5446672548178069,0.0001622275091016,0.0003098399272932,True,422,318.04,1.33,358,360.1,0.99,Depression-free full sisters,current_manuscript/results_20260622/sister/phewas.csv
795,sibling_female,Sibling-based analysis (female),345.3,345.3,Convulsions,neurological,Neurological conditions,Both,523,1.7321322116976883,2.404961222230205,2.404961222230205,2.047494610401519,2.8248369744410593,1.1517154751306659e-26,1.0615812205552225e-25,True,523,329.28,1.59,247,382.15,0.65,Depression-free full sisters,current_manuscript/results_20260622/sister/phewas.csv
796,sibling_female,Sibling-based analysis (female),350.1,350.1,Abnormal involuntary movements,neurological,Neurological conditions,Both,184,0.6093925945552097,1.9118051443890545,1.9118051443890545,1.4873640786079056,2.4573666681081474,4.201399135151646e-07,1.099625452656974e-06,True,184,338.23,0.54,109,394.28,0.28,Depression-free full sisters,current_manuscript/results_20260622/sister/phewas.csv
797,sibling_female,Sibling-based analysis (female),351,351.0,Other peripheral nerve disorders,neurological,Neurological conditions,Both,938,3.1065774657216667,1.356456258790259,1.356456258790259,1.2266761721760555,1.4999668402682471,2.818263743513536e-09,8.535313051783853e-09,True,938,328.79,2.85,802,382.34,2.1,Depression-free full sisters,current_manuscript/results_20260622/sister/phewas.csv
798,sibling_female,Sibling-based analysis (female),352.2,352.2,Facial nerve disorders [CN7],neurological,Neurological conditions,Both,158,0.5232827714115387,1.3267914411983823,1.3267914411983823,1.0452731757949218,1.684129631565958,0.0201307214805001,0.0277124217783508,True,158,334.76,0.47,139,387.19,0.36,Depression-free full sisters,current_manuscript/results_20260622/sister/phewas.csv
799,sibling_female,Sibling-based analysis (female),367.1,367.1,Myopia,sense organs,Conditions of the sense organs,Both,258,0.8544743988871961,1.4065769969277488,1.4065769969277488,1.1595371534366998,1.70624877557603,0.0005358938776558,0.000986645075806,True,258,330.53,0.78,205,378.45,0.54,Depression-free full sisters,current_manuscript/results_20260622/sister/phewas.csv
800,sibling_female,Sibling-based analysis (female),367.2,367.2,Astigmatism,sense organs,Conditions of the sense organs,Both,181,0.5994568457309399,1.2811847327353618,1.2811847327353618,1.0233188329260592,1.6040302069890509,0.0306923821272195,0.0406674063185659,True,181,330.94,0.55,163,378.66,0.43,Depression-free full sisters,current_manuscript/results_20260622/sister/phewas.csv
801,sibling_female,Sibling-based analysis (female),368.9,368.9,Subjective visual disturbances,sense organs,Conditions of the sense organs,Both,174,0.5762734318076439,1.3548966227996448,1.3548966227996448,1.0703079704084235,1.715155739495589,0.0115754124871372,0.0165809962653587,True,174,335.93,0.52,135,389.27,0.35,Depression-free full sisters,current_manuscript/results_20260622/sister/phewas.csv
802,sibling_female,Sibling-based analysis (female),378.1,378.1,Strabismus (not specified as paralytic),sense organs,Conditions of the sense organs,Both,263,0.871033980260979,1.5829936108754816,1.5829936108754816,1.2987063133945316,1.9295115040465216,5.417089378436023e-06,1.2760254980315965e-05,True,263,333.99,0.79,192,386.23,0.5,Depression-free full sisters,current_manuscript/results_20260622/sister/phewas.csv
803,sibling_female,Sibling-based analysis (female),380.1,380.1,Otitis externa,sense organs,Conditions of the sense organs,Both,497,1.6460223885540173,1.3254343602625724,1.3254343602625724,1.155852810332011,1.5198961560339441,5.492232701863288e-05,0.0001130440128927,True,497,331.18,1.5,432,382.81,1.13,Depression-free full sisters,current_manuscript/results_20260622/sister/phewas.csv
804,sibling_female,Sibling-based analysis (female),380.4,380.4,Impacted cerumen,sense organs,Conditions of the sense organs,Both,239,0.7915479896668213,1.26480536556015,1.26480536556015,1.0388756387307565,1.5398692135126142,0.0192899455927158,0.0267285520631095,True,239,333.4,0.72,209,384.58,0.54,Depression-free full sisters,current_manuscript/results_20260622/sister/phewas.csv
805,sibling_female,Sibling-based analysis (female),381.1,381.1,Otitis media,sense organs,Conditions of the sense organs,Both,348,1.1525468636152878,1.1887502818945503,1.1887502818945503,1.0146880470428923,1.3926716066308782,0.0323132629142687,0.042286492208796,True,348,327.49,1.06,334,373.6,0.89,Depression-free full sisters,current_manuscript/results_20260622/sister/phewas.csv
806,sibling_female,Sibling-based analysis (female),386.9,386.9,Dizziness and giddiness (Light-headedness and vertigo),sense organs,Conditions of the sense organs,Both,1680,5.564019341591044,1.5124122474364958,1.5124122474364958,1.3998093988425402,1.6340730445782734,1.0633655095776465e-25,9.393062001269208e-25,True,1680,322.01,5.22,1282,376.8,3.4,Depression-free full sisters,current_manuscript/results_20260622/sister/phewas.csv
807,sibling_female,Sibling-based analysis (female),389.1,389.1,Sensorineural hearing loss,sense organs,Conditions of the sense organs,Both,279,0.9240246406570842,1.3545030962219806,1.3545030962219806,1.1298534381142888,1.623820024601587,0.0010398043909808,0.0017777300878059,True,279,334.0,0.84,241,386.45,0.62,Depression-free full sisters,current_manuscript/results_20260622/sister/phewas.csv
808,sibling_female,Sibling-based analysis (female),401.1,401.1,Essential hypertension,circulatory system,Circulatory system conditions,Both,645,2.13618599721799,1.5773649420448765,1.5773649420448765,1.3869639333603032,1.7939040089991203,3.808355939601535e-12,1.4951323318435654e-11,True,645,335.62,1.92,501,392.11,1.28,Depression-free full sisters,current_manuscript/results_20260622/sister/phewas.csv
809,sibling_female,Sibling-based analysis (female),427.3,427.3,Other specified cardiac dysrhythmias,circulatory system,Circulatory system conditions,Both,170,0.5630257667086176,1.940100114134722,1.940100114134722,1.4824184559847575,2.5390863407492974,1.381040847261383e-06,3.485484043088252e-06,True,170,334.1,0.51,94,386.56,0.24,Depression-free full sisters,current_manuscript/results_20260622/sister/phewas.csv
810,sibling_female,Sibling-based analysis (female),427.6,427.6,Premature beats,circulatory system,Circulatory system conditions,Both,162,0.536530436510565,1.2426361792093765,1.2426361792093765,0.9783445810547658,1.5783239400327802,0.0749855498390294,0.0908396375192814,False,162,334.12,0.48,140,386.34,0.36,Depression-free full sisters,current_manuscript/results_20260622/sister/phewas.csv
811,sibling_female,Sibling-based analysis (female),427.7,427.7,Tachycardia NOS,circulatory system,Circulatory system conditions,Both,255,0.8445386500629264,1.5511325233851767,1.5511325233851767,1.2750807766668495,1.8869487715066569,1.1314469680163005e-05,2.5249132338890072e-05,True,255,333.77,0.76,200,385.98,0.52,Depression-free full sisters,current_manuscript/results_20260622/sister/phewas.csv
812,sibling_female,Sibling-based analysis (female),427.9,427.9,Palpitations,circulatory system,Circulatory system conditions,Both,857,2.838312247466384,1.4563756855539578,1.4563756855539578,1.3094392862830027,1.6198002913854475,4.2519752541501666e-12,1.638943188872428e-11,True,857,329.59,2.6,679,382.72,1.77,Depression-free full sisters,current_manuscript/results_20260622/sister/phewas.csv
813,sibling_female,Sibling-based analysis (female),451.2,451.2,Phlebitis and thrombophlebitis of lower extremities,circulatory system,Circulatory system conditions,Both,199,0.6590713386765582,1.4357809398469417,1.4357809398469417,1.146146649152113,1.7986065821095252,0.0016515571316508,0.0027569300150391,True,199,334.7,0.59,168,387.37,0.43,Depression-free full sisters,current_manuscript/results_20260622/sister/phewas.csv
814,sibling_female,Sibling-based analysis (female),454.1,454.1,Varicose veins of lower extremity,circulatory system,Circulatory system conditions,Both,307,1.0167582963502684,0.9516376607355086,0.9516376607355086,0.8089447524163013,1.119500725636825,0.5497919505643183,0.5827794675981773,False,307,333.92,0.92,372,385.61,0.96,Depression-free full sisters,current_manuscript/results_20260622/sister/phewas.csv
815,sibling_female,Sibling-based analysis (female),455,455.0,Hemorrhoids,circulatory system,Circulatory system conditions,Both,213,0.7054381665231503,1.3161440369747148,1.3161440369747148,1.0721184871768563,1.615712392597098,0.0086504673076636,0.0127354102029491,True,213,333.31,0.64,191,386.03,0.49,Depression-free full sisters,current_manuscript/results_20260622/sister/phewas.csv
816,sibling_female,Sibling-based analysis (female),459.9,459.9,Circulatory disease NEC,circulatory system,Circulatory system conditions,Both,282,0.933960389481354,1.4802441581799333,1.4802441581799333,1.2315196491975366,1.7792024424892967,2.930408516327341e-05,6.2752182369838e-05,True,282,337.27,0.84,226,392.68,0.58,Depression-free full sisters,current_manuscript/results_20260622/sister/phewas.csv
817,sibling_female,Sibling-based analysis (female),464,464.0,Acute sinusitis,respiratory,Respiratory conditions,Both,409,1.3545737563754388,1.3473993803064355,1.3473993803064355,1.1597791863299685,1.5653713322750071,9.716859819040817e-05,0.0001961880268225,True,409,321.74,1.27,345,365.49,0.94,Depression-free full sisters,current_manuscript/results_20260622/sister/phewas.csv
818,sibling_female,Sibling-based analysis (female),465.2,465.2,Acute pharyngitis,respiratory,Respiratory conditions,Both,164,0.5431542690600781,1.5276480700596062,1.5276480700596062,1.1865971351095157,1.9667236308820624,0.0010114294041801,0.0017432766966356,True,164,324.16,0.51,119,367.76,0.32,Depression-free full sisters,current_manuscript/results_20260622/sister/phewas.csv
819,sibling_female,Sibling-based analysis (female),470,470.0,Septal Deviations/Turbinate Hypertrophy,respiratory,Respiratory conditions,Both,339,1.1227396171424786,1.1964496423789466,1.1964496423789466,1.0140657587894626,1.4116360150623244,0.0335425844342976,0.0436259380372459,True,339,308.03,1.1,312,336.95,0.93,Depression-free full sisters,current_manuscript/results_20260622/sister/phewas.csv
820,sibling_female,Sibling-based analysis (female),472,472.0,Chronic pharyngitis and nasopharyngitis,respiratory,Respiratory conditions,Both,286,0.9472080545803802,1.2507272038706163,1.2507272038706163,1.0437367094270167,1.4987673848903704,0.0153608093493823,0.0217099438804603,True,286,308.4,0.93,243,337.53,0.72,Depression-free full sisters,current_manuscript/results_20260622/sister/phewas.csv
821,sibling_female,Sibling-based analysis (female),473.4,473.4,Voice disturbance,respiratory,Respiratory conditions,Both,271,0.8975293104590316,1.1059133920991464,1.1059133920991464,0.9217120684059684,1.3269267841305405,0.2788078538473729,0.3144003458278886,False,271,308.5,0.88,257,337.44,0.76,Depression-free full sisters,current_manuscript/results_20260622/sister/phewas.csv
822,sibling_female,Sibling-based analysis (female),474.1,474.1,Acute tonsillitis,respiratory,Respiratory conditions,Both,463,1.533417235212294,1.212807611479149,1.212807611479149,1.0499528466603996,1.4009222482136023,0.0087264177882265,0.0127586246283036,True,463,306.37,1.51,428,335.85,1.27,Depression-free full sisters,current_manuscript/results_20260622/sister/phewas.csv
823,sibling_female,Sibling-based analysis (female),474.2,474.2,Chronic tonsillitis and adenoiditis,respiratory,Respiratory conditions,Both,616,2.0401404252500495,1.2476230470407714,1.2476230470407714,1.0962775358051051,1.419862413183684,0.0007989275944754,0.0013997739671801,True,616,305.25,2.02,543,334.76,1.62,Depression-free full sisters,current_manuscript/results_20260622/sister/phewas.csv
824,sibling_female,Sibling-based analysis (female),476,476.0,Allergic rhinitis,respiratory,Respiratory conditions,Both,898,2.9741008147314036,1.193598374138608,1.193598374138608,1.0778488597442786,1.3217781564331161,0.0006726961370062,0.001208572720723,True,898,303.19,2.96,804,332.61,2.42,Depression-free full sisters,current_manuscript/results_20260622/sister/phewas.csv
825,sibling_female,Sibling-based analysis (female),477,477.0,Epistaxis or throat hemorrhage,respiratory,Respiratory conditions,Both,230,0.7617407431940121,1.2997900961681437,1.2997900961681437,1.0620247699709184,1.5907861491244264,0.0109646247964323,0.0159212360057784,True,230,308.77,0.74,198,337.86,0.59,Depression-free full sisters,current_manuscript/results_20260622/sister/phewas.csv
826,sibling_female,Sibling-based analysis (female),479,479.0,Other upper respiratory disease,respiratory,Respiratory conditions,Both,209,0.692190501424124,1.2373633795882537,1.2373633795882537,0.9995124108362133,1.5318150295554018,0.0505214820007835,0.0640717834026445,False,209,308.7,0.68,185,337.96,0.55,Depression-free full sisters,current_manuscript/results_20260622/sister/phewas.csv
827,sibling_female,Sibling-based analysis (female),480.1,480.1,Bacterial pneumonia,respiratory,Respiratory conditions,Both,317,1.049877459097834,1.4109483642652645,1.4109483642652645,1.1876339424720126,1.6762532758865973,8.996385933506507e-05,0.000183387867106,True,317,330.8,0.96,263,380.54,0.69,Depression-free full sisters,current_manuscript/results_20260622/sister/phewas.csv
828,sibling_female,Sibling-based analysis (female),481,481.0,Influenza,respiratory,Respiratory conditions,Both,192,0.6358879247532623,1.5881712857286694,1.5881712857286694,1.2534871807001884,2.0122168552247373,0.0001275306540551,0.0002503379505527,True,192,331.77,0.58,139,381.54,0.36,Depression-free full sisters,current_manuscript/results_20260622/sister/phewas.csv
829,sibling_female,Sibling-based analysis (female),483,483.0,Acute bronchitis and bronchiolitis,respiratory,Respiratory conditions,Both,158,0.5232827714115387,1.5357971733471438,1.5357971733471438,1.1974961099336316,1.9696706637249963,0.0007255319698854,0.0012925443497118,True,158,331.54,0.48,123,381.2,0.32,Depression-free full sisters,current_manuscript/results_20260622/sister/phewas.csv
830,sibling_female,Sibling-based analysis (female),507,507.0,Pleurisy; pleural effusion,respiratory,Respiratory conditions,Both,156,0.5166589388620255,1.2701306139832118,1.2701306139832118,1.0044231191199753,1.6061276825157138,0.0458408934407764,0.0585437916231602,False,156,337.91,0.46,144,393.19,0.37,Depression-free full sisters,current_manuscript/results_20260622/sister/phewas.csv
831,sibling_female,Sibling-based analysis (female),512.7,512.7,Shortness of breath,respiratory,Respiratory conditions,Both,1294,4.285619659535007,1.5680332460007325,1.5680332460007325,1.43483318747634,1.7135986831250636,3.0375319881256173e-23,2.220540625802175e-22,True,1294,326.87,3.96,945,380.06,2.49,Depression-free full sisters,current_manuscript/results_20260622/sister/phewas.csv
832,sibling_female,Sibling-based analysis (female),512.8,512.8,Cough,respiratory,Respiratory conditions,Both,375,1.2419686030337154,1.4182124474999467,1.4182124474999467,1.2078186212722422,1.6652554537743263,2.0024063247347098e-05,4.376393204574829e-05,True,375,332.22,1.13,304,383.42,0.79,Depression-free full sisters,current_manuscript/results_20260622/sister/phewas.csv
833,sibling_female,Sibling-based analysis (female),512.9,512.9,Other dyspnea,respiratory,Respiratory conditions,Both,276,0.9140888918328145,1.5432367521570904,1.5432367521570904,1.2786916742008931,1.8625128490781104,6.1148610216721465e-06,1.4245610292247196e-05,True,276,332.54,0.83,210,383.87,0.55,Depression-free full sisters,current_manuscript/results_20260622/sister/phewas.csv
834,sibling_female,Sibling-based analysis (female),520.2,520.2,Disturbances in tooth eruption,digestive,Digestive conditions,Both,194,0.6425117573027754,1.3871750638633593,1.3871750638633593,1.1045535886475917,1.7421107292407247,0.0048702766728053,0.007374990390248,True,194,333.38,0.58,158,383.94,0.41,Depression-free full sisters,current_manuscript/results_20260622/sister/phewas.csv
835,sibling_female,Sibling-based analysis (female),526.4,526.4,Temporomandibular joint disorders,digestive,Digestive conditions,Both,196,0.6491355898522886,1.3930130116377393,1.3930130116377393,1.120182686173202,1.7322935575992353,0.0028778637007744,0.0044860816512072,True,196,333.68,0.59,167,384.09,0.43,Depression-free full sisters,current_manuscript/results_20260622/sister/phewas.csv
836,sibling_female,Sibling-based analysis (female),530.1,530.1,"Esophagitis, GERD and related diseases",digestive,Digestive conditions,Both,632,2.0931310856461547,1.6323385944665099,1.6323385944665099,1.4368193581993833,1.854463660848834,5.1551355398146405e-14,2.2768515300848e-13,True,632,331.78,1.9,443,386.38,1.15,Depression-free full sisters,current_manuscript/results_20260622/sister/phewas.csv
837,sibling_female,Sibling-based analysis (female),532,532.0,Dysphagia,digestive,Digestive conditions,Both,317,1.049877459097834,1.179519856595858,1.179519856595858,0.9994411219115575,1.3920450755947877,0.0507738660926617,0.0640717834026445,False,317,334.71,0.95,296,387.99,0.76,Depression-free full sisters,current_manuscript/results_20260622/sister/phewas.csv
838,sibling_female,Sibling-based analysis (female),540.1,540.1,Appendicitis,digestive,Digestive conditions,Both,644,2.1328740809432336,1.10719679611056,1.10719679611056,0.9866671601589637,1.2424501339641063,0.0833202932970345,0.0992354054998388,False,644,329.44,1.95,665,379.3,1.75,Depression-free full sisters,current_manuscript/results_20260622/sister/phewas.csv
839,sibling_female,Sibling-based analysis (female),550.2,550.2,Diaphragmatic hernia,digestive,Digestive conditions,Both,499,1.6526462211035304,1.6285258347262046,1.6285258347262046,1.4134951868813468,1.876268429482319,1.480048171682728e-11,5.22950353994564e-11,True,499,333.09,1.5,359,387.81,0.93,Depression-free full sisters,current_manuscript/results_20260622/sister/phewas.csv
840,sibling_female,Sibling-based analysis (female),550.4,550.4,Umbilical hernia,digestive,Digestive conditions,Both,231,0.7650526594687687,1.0140408560873932,1.0140408560873932,0.8385900151961161,1.2261997390631656,0.8856166805762247,0.8940511251531411,False,231,335.33,0.69,259,388.74,0.67,Depression-free full sisters,current_manuscript/results_20260622/sister/phewas.csv
841,sibling_female,Sibling-based analysis (female),550.5,550.5,Ventral hernia,digestive,Digestive conditions,Both,218,0.7219977478969332,1.2037066745631728,1.2037066745631728,0.9818120497683374,1.475750637537814,0.074515104082915,0.0907885176182642,False,218,335.36,0.65,203,389.08,0.52,Depression-free full sisters,current_manuscript/results_20260622/sister/phewas.csv
842,sibling_female,Sibling-based analysis (female),555.2,555.2,Ulcerative colitis,digestive,Digestive conditions,Both,164,0.5431542690600781,1.3185579299379628,1.3185579299379628,1.0386642035195708,1.67387593479294,0.0231094744610985,0.031007649276917,True,164,316.82,0.52,139,355.87,0.39,Depression-free full sisters,current_manuscript/results_20260622/sister/phewas.csv
843,sibling_female,Sibling-based analysis (female),558,558.0,Noninfectious gastroenteritis,digestive,Digestive conditions,Both,242,0.8014837384910909,1.4865881398598586,1.4865881398598586,1.2150387745757343,1.818826150913299,0.0001168488945463,0.0002315136976058,True,242,315.86,0.77,192,355.42,0.54,Depression-free full sisters,current_manuscript/results_20260622/sister/phewas.csv
844,sibling_female,Sibling-based analysis (female),562.1,562.1,Diverticulosis,digestive,Digestive conditions,Both,184,0.6093925945552097,1.4853885206582957,1.4853885206582957,1.166593039755205,1.8913014068440026,0.0013268597842877,0.0022324942402301,True,184,316.97,0.58,147,356.27,0.41,Depression-free full sisters,current_manuscript/results_20260622/sister/phewas.csv
845,sibling_female,Sibling-based analysis (female),563,563.0,Constipation,digestive,Digestive conditions,Both,822,2.722395177849904,1.9643580825308047,1.9643580825308047,1.7398130248719157,2.217883543369941,1.1322297452864029e-27,1.0910577545487156e-26,True,822,312.15,2.63,480,353.67,1.36,Depression-free full sisters,current_manuscript/results_20260622/sister/phewas.csv
846,sibling_female,Sibling-based analysis (female),564.1,564.1,Irritable Bowel Syndrome,digestive,Digestive conditions,Both,674,2.232231569185931,1.662847952891586,1.662847952891586,1.4664061802959245,1.885605333358416,2.2217882427952995e-15,1.0953932731921012e-14,True,674,312.02,2.16,437,353.11,1.24,Depression-free full sisters,current_manuscript/results_20260622/sister/phewas.csv
847,sibling_female,Sibling-based analysis (female),574.1,574.1,Cholelithiasis,digestive,Digestive conditions,Both,1310,4.338610319931112,1.496319956186993,1.496319956186993,1.3714199396405606,1.6325950546338592,1.2761773623613717e-19,7.9573412006062e-19,True,1310,325.22,4.03,1025,378.53,2.71,Depression-free full sisters,current_manuscript/results_20260622/sister/phewas.csv
848,sibling_female,Sibling-based analysis (female),578.8,578.8,Hemorrhage of rectum and anus,digestive,Digestive conditions,Both,221,0.7319334967212029,1.6631141496240025,1.6631141496240025,1.3391913193456106,2.065387248799624,4.1730798177373226e-06,9.940369902924858e-06,True,221,336.03,0.66,152,390.46,0.39,Depression-free full sisters,current_manuscript/results_20260622/sister/phewas.csv
849,sibling_female,Sibling-based analysis (female),578.9,578.9,Hemorrhage of gastrointestinal tract,digestive,Digestive conditions,Both,256,0.847850566337683,1.549441049075166,1.549441049075166,1.271338254872026,1.8883782937852478,1.434169071785982e-05,3.16712336686071e-05,True,256,335.92,0.76,193,390.21,0.49,Depression-free full sisters,current_manuscript/results_20260622/sister/phewas.csv
850,sibling_female,Sibling-based analysis (female),590,590.0,Pyelonephritis,genitourinary,Genitourinary conditions,Both,632,2.0931310856461547,1.4798116841763869,1.4798116841763869,1.3011696339312355,1.6829801153664825,2.360689877527248e-09,7.253134116460532e-09,True,632,314.65,2.01,475,354.76,1.34,Depression-free full sisters,current_manuscript/results_20260622/sister/phewas.csv
851,sibling_female,Sibling-based analysis (female),591,591.0,Urinary tract infection,genitourinary,Genitourinary conditions,Both,1275,4.222693250314632,1.5140325712026703,1.5140325712026703,1.3833943128637305,1.657007409490752,2.0749761251346924e-19,1.2568426815101566e-18,True,1275,308.3,4.14,963,350.14,2.75,Depression-free full sisters,current_manuscript/results_20260622/sister/phewas.csv
852,sibling_female,Sibling-based analysis (female),592.1,592.1,Cystitis,genitourinary,Genitourinary conditions,Both,740,2.450818043319865,1.6061512236371904,1.6061512236371904,1.4244683242556209,1.81100675196784,1.0204424055076824e-14,4.7029084775571455e-14,True,740,313.16,2.36,529,353.91,1.49,Depression-free full sisters,current_manuscript/results_20260622/sister/phewas.csv
853,sibling_female,Sibling-based analysis (female),594.1,594.1,Calculus of kidney,genitourinary,Genitourinary conditions,Both,389,1.2883354308803074,1.6035958110550235,1.6035958110550235,1.3656153391328827,1.8830482139033693,8.318443518641815e-09,2.3413500796906073e-08,True,389,334.88,1.16,291,389.5,0.75,Depression-free full sisters,current_manuscript/results_20260622/sister/phewas.csv
854,sibling_female,Sibling-based analysis (female),594.3,594.3,Calculus of ureter,genitourinary,Genitourinary conditions,Both,284,0.9405842220308671,1.4315518242129412,1.4315518242129412,1.1900754788334869,1.7220257553883604,0.0001411135449629,0.0002719642866558,True,284,335.79,0.85,230,389.9,0.59,Depression-free full sisters,current_manuscript/results_20260622/sister/phewas.csv
855,sibling_female,Sibling-based analysis (female),599.2,599.2,Retention of urine,genitourinary,Genitourinary conditions,Both,299,0.9902629661522157,1.9720464955446222,1.9720464955446222,1.621064838636877,2.3990202537857677,1.112712722583401e-11,3.9982219862318814e-11,True,299,332.53,0.9,182,384.88,0.47,Depression-free full sisters,current_manuscript/results_20260622/sister/phewas.csv
856,sibling_female,Sibling-based analysis (female),599.4,599.4,Urinary incontinence,genitourinary,Genitourinary conditions,Both,961,3.182751540041068,1.241448308443404,1.241448308443404,1.12385697367451,1.3713434526263373,2.0457136261069997e-05,4.425421313619223e-05,True,961,328.57,2.92,873,380.94,2.29,Depression-free full sisters,current_manuscript/results_20260622/sister/phewas.csv
857,sibling_female,Sibling-based analysis (female),599.8,599.8,Other symptoms involving urinary system,genitourinary,Genitourinary conditions,Both,216,0.71537391534742,1.519193819492179,1.519193819492179,1.226270182409566,1.8820891955867483,0.000130012403158,0.0002528681602706,True,216,332.91,0.65,169,384.89,0.44,Depression-free full sisters,current_manuscript/results_20260622/sister/phewas.csv
858,sibling_female,Sibling-based analysis (female),610.2,610.2,Fibroadenosis of breast,genitourinary,Genitourinary conditions,Female,152,0.5034112737629993,0.9283545042014373,0.9283545042014373,0.7391938580284843,1.1659215997407355,0.5225055048915466,0.556639030336723,False,152,331.08,0.46,183,379.0,0.48,Depression-free full sisters,current_manuscript/results_20260622/sister/phewas.csv
859,sibling_female,Sibling-based analysis (female),610.4,610.4,Benign neoplasm of breast,genitourinary,Genitourinary conditions,Female,245,0.8114194873153606,1.0695535471261226,1.0695535471261226,0.8903439462283342,1.284834692273742,0.472354401666227,0.505753197743637,False,245,330.74,0.74,263,378.66,0.69,Depression-free full sisters,current_manuscript/results_20260622/sister/phewas.csv
860,sibling_female,Sibling-based analysis (female),611.3,611.3,Lump or mass in breast,genitourinary,Genitourinary conditions,Both,321,1.0631251241968602,1.0153016585904096,1.0153016585904096,0.8668649947860524,1.189155709524127,0.8506324414614804,0.8711791187914679,False,321,329.84,0.97,357,377.63,0.95,Depression-free full sisters,current_manuscript/results_20260622/sister/phewas.csv
861,sibling_female,Sibling-based analysis (female),612.2,612.2,Hypertrophy of breast (Gynecomastia),genitourinary,Genitourinary conditions,Both,250,0.8279790686891435,1.4144737662136242,1.4144737662136242,1.162073552133307,1.721694837330779,0.0005445163861759,0.000986645075806,True,250,330.57,0.76,199,379.21,0.52,Depression-free full sisters,current_manuscript/results_20260622/sister/phewas.csv
862,sibling_female,Sibling-based analysis (female),612.3,612.3,Congenital anomalies of breast,genitourinary,Genitourinary conditions,Both,160,0.5299066039610518,1.2479528232882038,1.2479528232882038,0.9875734159281385,1.576982757974849,0.0635582588268018,0.0797298868123194,False,160,331.39,0.48,149,379.69,0.39,Depression-free full sisters,current_manuscript/results_20260622/sister/phewas.csv
863,sibling_female,Sibling-based analysis (female),613.7,613.7,Other signs and symptoms in breast,genitourinary,Genitourinary conditions,Both,162,0.536530436510565,1.4436127780514727,1.4436127780514727,1.1345284142438568,1.836902299483131,0.0028192667042165,0.0044272928984733,True,162,337.12,0.48,137,391.43,0.35,Depression-free full sisters,current_manuscript/results_20260622/sister/phewas.csv
864,sibling_female,Sibling-based analysis (female),614.3,614.3,Pelvic inflammatory disease (PID),genitourinary,Genitourinary conditions,Female,291,0.963767635954163,1.7976796425894708,1.7976796425894708,1.4724642773339114,2.194723598478012,8.393519153607836e-09,2.3413500796906073e-08,True,291,305.63,0.95,175,337.37,0.52,Depression-free full sisters,current_manuscript/results_20260622/sister/phewas.csv
865,sibling_female,Sibling-based analysis (female),614.4,614.4,"Inflammatory diseases of uterus, except cervix",genitourinary,Genitourinary conditions,Female,431,1.4274359144200834,1.62185527392395,1.62185527392395,1.3865756028505805,1.8970581367126422,1.4738989060512302e-09,4.663680120639713e-09,True,431,304.23,1.42,304,336.2,0.9,Depression-free full sisters,current_manuscript/results_20260622/sister/phewas.csv
866,sibling_female,Sibling-based analysis (female),614.5,614.5,"Inflammatory disease of cervix, vagina, and vulva",genitourinary,Genitourinary conditions,Female,3984,13.19467443863019,1.4460123581517206,1.4460123581517206,1.372469944313096,1.5234954678544854,1.2963823397511404e-43,2.1141004309787826e-42,True,3984,274.49,14.51,3185,313.38,10.16,Depression-free full sisters,current_manuscript/results_20260622/sister/phewas.csv
867,sibling_female,Sibling-based analysis (female),615,615.0,Endometriosis,genitourinary,Genitourinary conditions,Female,629,2.083195336821885,1.4969657767187952,1.4969657767187952,1.3156879388124187,1.703220399428468,9.013632986672154e-10,2.985765926835151e-09,True,629,303.99,2.07,447,335.69,1.33,Depression-free full sisters,current_manuscript/results_20260622/sister/phewas.csv
868,sibling_female,Sibling-based analysis (female),618.1,618.1,Prolapse of vaginal walls,genitourinary,Genitourinary conditions,Female,507,1.679141551301583,1.1670911030085072,1.1670911030085072,1.023731219657173,1.3305266231675092,0.0208464884002066,0.0285126163925406,True,507,336.79,1.51,498,392.38,1.27,Depression-free full sisters,current_manuscript/results_20260622/sister/phewas.csv
869,sibling_female,Sibling-based analysis (female),619.3,619.3,Noninflammatory disorders of cervix,genitourinary,Genitourinary conditions,Female,186,0.6160164271047228,1.2538281138200247,1.2538281138200247,1.0062141344444602,1.5623761237198708,0.0438848115237955,0.05638533359421,False,186,328.01,0.57,160,374.65,0.43,Depression-free full sisters,current_manuscript/results_20260622/sister/phewas.csv
870,sibling_female,Sibling-based analysis (female),619.4,619.4,Noninflammatory disorders of vagina,genitourinary,Genitourinary conditions,Female,537,1.7784990395442803,1.253266570614784,1.253266570614784,1.1027677132212605,1.4243045731113084,0.0005427227290631,0.000986645075806,True,537,324.52,1.65,499,371.74,1.34,Depression-free full sisters,current_manuscript/results_20260622/sister/phewas.csv
871,sibling_female,Sibling-based analysis (female),619.5,619.5,Noninflammatory disorders of vulva and perineum,genitourinary,Genitourinary conditions,Female,466,1.5433529840365636,1.1329029164571374,1.1329029164571374,0.98815749224425,1.2988506672171678,0.0735850747119876,0.0901736175661352,False,466,325.99,1.43,458,372.75,1.23,Depression-free full sisters,current_manuscript/results_20260622/sister/phewas.csv
872,sibling_female,Sibling-based analysis (female),622.1,622.1,Polyp of corpus uteri,genitourinary,Genitourinary conditions,Female,301,0.9968867987017288,1.1254279107237766,1.1254279107237766,0.9491770197970824,1.334406497227313,0.1739034262205415,0.2003669910801891,False,301,337.45,0.89,309,392.42,0.79,Depression-free full sisters,current_manuscript/results_20260622/sister/phewas.csv
873,sibling_female,Sibling-based analysis (female),622.2,622.2,Mucous polyp of cervix,genitourinary,Genitourinary conditions,Female,252,0.8346029012386567,1.1282721072999338,1.1282721072999338,0.938049325216301,1.3570693074348705,0.2001494485843431,0.2293604491885445,False,252,337.6,0.75,271,392.48,0.69,Depression-free full sisters,current_manuscript/results_20260622/sister/phewas.csv
874,sibling_female,Sibling-based analysis (female),624.9,624.9,"stress incontinence, female",genitourinary,Genitourinary conditions,Female,550,1.8215539511161158,1.2142022779730886,1.2142022779730886,1.0648055379255927,1.384560015256099,0.0037630024663539,0.0057808443686017,True,550,331.23,1.66,504,383.54,1.31,Depression-free full sisters,current_manuscript/results_20260622/sister/phewas.csv
875,sibling_female,Sibling-based analysis (female),625.1,625.1,Dyspareunia,genitourinary,Genitourinary conditions,Female,802,2.6561568523547723,1.6367637032210611,1.6367637032210611,1.4626822487644433,1.8315635008525757,8.835433715428049e-18,4.802851147873709e-17,True,802,328.86,2.44,583,382.77,1.52,Depression-free full sisters,current_manuscript/results_20260622/sister/phewas.csv
876,sibling_female,Sibling-based analysis (female),626.1,626.1,Irregular menstrual cycle/bleeding,genitourinary,Genitourinary conditions,Female,4303,14.251175730277538,1.352640196619599,1.352640196619599,1.2870021063074095,1.4216258796658763,1.1567232597945926e-32,1.3623629504247423e-31,True,4303,266.2,16.16,3596,298.5,12.05,Depression-free full sisters,current_manuscript/results_20260622/sister/phewas.csv
877,sibling_female,Sibling-based analysis (female),626.2,626.2,Dysmenorrhea,genitourinary,Genitourinary conditions,Female,1609,5.328873286083327,1.5464007911395237,1.5464007911395237,1.4239214516763732,1.6794152542765741,3.984452942297072e-25,3.3788160950679165e-24,True,1609,288.57,5.58,1137,316.9,3.59,Depression-free full sisters,current_manuscript/results_20260622/sister/phewas.csv
878,sibling_female,Sibling-based analysis (female),626.4,626.4,Premenstrual tension syndromes,genitourinary,Genitourinary conditions,Female,839,2.7786977545207656,1.8994075419310428,1.8994075419310428,1.681436425571075,2.1456350983470625,5.981902691473488e-25,4.8775514253553056e-24,True,839,294.13,2.85,463,322.08,1.44,Depression-free full sisters,current_manuscript/results_20260622/sister/phewas.csv
879,sibling_female,Sibling-based analysis (female),626.8,626.8,"Infertility, female",genitourinary,Genitourinary conditions,Female,1381,4.573756375438829,1.0966973116020677,1.0966973116020677,1.0100840638836968,1.1907375200542607,0.0278750471698958,0.0371667295598611,True,1381,289.54,4.77,1315,315.32,4.17,Depression-free full sisters,current_manuscript/results_20260622/sister/phewas.csv
880,sibling_female,Sibling-based analysis (female),627.2,627.2,Symptomatic menopause,genitourinary,Genitourinary conditions,Female,559,1.851361197588925,1.3780214936305863,1.3780214936305863,1.1838367538496695,1.6040583557933792,3.50763218040951e-05,7.436180222468161e-05,True,559,297.59,1.88,466,323.18,1.44,Depression-free full sisters,current_manuscript/results_20260622/sister/phewas.csv
881,sibling_female,Sibling-based analysis (female),627.3,627.3,Postmenopausal atrophic vaginitis,genitourinary,Genitourinary conditions,Female,160,0.5299066039610518,1.3216394179972906,1.3216394179972906,1.013963283802406,1.7226765299172384,0.0391545658193444,0.0506144387420794,False,160,299.21,0.53,135,324.38,0.42,Depression-free full sisters,current_manuscript/results_20260622/sister/phewas.csv
882,sibling_female,Sibling-based analysis (female),627.4,627.4,Premenopausal menorrhagia,genitourinary,Genitourinary conditions,Female,198,0.6557594224018016,1.0287597277105456,1.0287597277105456,0.8283662382355386,1.277631231824956,0.7975576820137218,0.8247913589605318,False,198,298.77,0.66,209,323.84,0.65,Depression-free full sisters,current_manuscript/results_20260622/sister/phewas.csv
883,sibling_female,Sibling-based analysis (female),628,628.0,Ovarian cyst,genitourinary,Genitourinary conditions,Female,1801,5.96476121083659,1.2730533931905097,1.2730533931905097,1.1818261164395638,1.3713226669896055,1.9710243719596408e-10,6.739631723474901e-10,True,1801,285.51,6.31,1528,313.8,4.87,Depression-free full sisters,current_manuscript/results_20260622/sister/phewas.csv
884,sibling_female,Sibling-based analysis (female),634.1,634.1,Missed abortion/Hydatidiform mole,pregnancy complications,Pregnancy-related conditions,Female,1034,3.4245214280982976,0.9963407472024777,0.9963407472024777,0.9079680681660868,1.0933147533932948,0.9383364321688334,0.9383364321688334,False,1034,290.17,3.56,1073,304.73,3.52,Depression-free full sisters,current_manuscript/results_20260622/sister/phewas.csv
885,sibling_female,Sibling-based analysis (female),634.3,634.3,Ectopic pregnancy,pregnancy complications,Pregnancy-related conditions,Female,321,1.0631251241968602,1.2913489535098905,1.2913489535098905,1.0834437673415271,1.5391496725509595,0.0043057866416502,0.0065670990505744,True,321,295.57,1.09,272,310.93,0.87,Depression-free full sisters,current_manuscript/results_20260622/sister/phewas.csv
886,sibling_female,Sibling-based analysis (female),635.2,635.2,"Antepartum hemorrhage, abruptio placentae, and placenta previa",pregnancy complications,Pregnancy-related conditions,Female,844,2.7952573358945485,1.0471878158945858,1.0471878158945858,0.9451355217051701,1.1602593454318944,0.3781135100436478,0.4175003340065277,False,844,291.88,2.89,856,306.55,2.79,Depression-free full sisters,current_manuscript/results_20260622/sister/phewas.csv
887,sibling_female,Sibling-based analysis (female),635.3,635.3,Placenta previa and abruptio placenta,pregnancy complications,Pregnancy-related conditions,Female,979,3.242366032986686,0.893213611435735,0.893213611435735,0.8141587943907994,0.9799446510321749,0.0169179194948222,0.0237523108139226,False,979,290.92,3.37,1148,304.58,3.77,Depression-free full sisters,current_manuscript/results_20260622/sister/phewas.csv
888,sibling_female,Sibling-based analysis (female),636.2,636.2,Early onset of delivery,pregnancy complications,Pregnancy-related conditions,Female,827,2.7389547592236867,1.0064268307624067,1.0064268307624067,0.9071828558123638,1.1165278964310177,0.9037340345397418,0.9080171342295036,False,827,291.46,2.84,865,305.91,2.83,Depression-free full sisters,current_manuscript/results_20260622/sister/phewas.csv
889,sibling_female,Sibling-based analysis (female),636.3,636.3,Hemorrhage in early pregnancy,pregnancy complications,Pregnancy-related conditions,Female,1726,5.716367490229847,1.099719761018509,1.099719761018509,1.021409259854805,1.1840342557169712,0.0116675523193163,0.01660081269594,True,1726,283.64,6.09,1663,299.46,5.55,Depression-free full sisters,current_manuscript/results_20260622/sister/phewas.csv
890,sibling_female,Sibling-based analysis (female),638,638.0,Other high-risk pregnancy,pregnancy complications,Pregnancy-related conditions,Female,849,2.8118169172683314,1.4510670553111986,1.4510670553111986,1.297011949458948,1.62342035467589,7.95060258345344e-11,2.763160242118245e-10,True,849,289.76,2.93,648,305.67,2.12,Depression-free full sisters,current_manuscript/results_20260622/sister/phewas.csv
891,sibling_female,Sibling-based analysis (female),639,639.0,Complications following abortion or ectopic and molar pregnancies,pregnancy complications,Pregnancy-related conditions,Female,150,0.4967874412134861,1.2685990225431212,1.2685990225431212,0.9812433192149974,1.6401064328110284,0.0694457377519113,0.086096470195352,False,150,295.86,0.51,124,309.63,0.4,Depression-free full sisters,current_manuscript/results_20260622/sister/phewas.csv
892,sibling_female,Sibling-based analysis (female),642.1,642.1,Preeclampsia and eclampsia,pregnancy complications,Pregnancy-related conditions,Female,646,2.1394979134927468,0.9586453049483613,0.9586453049483613,0.8561200369829512,1.0734485597816203,0.4642658382030671,0.499616028929189,False,646,330.61,1.95,739,379.82,1.95,Depression-free full sisters,current_manuscript/results_20260622/sister/phewas.csv
893,sibling_female,Sibling-based analysis (female),643.1,643.1,Hyperemesis gravidarum,pregnancy complications,Pregnancy-related conditions,Female,478,1.5830959793336425,1.669153983690174,1.669153983690174,1.441469091105573,1.9328024710761738,7.541304863545699e-12,2.804836194862611e-11,True,478,331.77,1.44,351,385.9,0.91,Depression-free full sisters,current_manuscript/results_20260622/sister/phewas.csv
894,sibling_female,Sibling-based analysis (female),644,644.0,Anemia during pregnancy,pregnancy complications,Pregnancy-related conditions,Female,1241,4.110088096972908,1.0327137310880838,1.0327137310880838,0.9520928838281809,1.1201613503187746,0.4376249843284497,0.4757769060391351,False,1241,324.5,3.82,1403,372.37,3.77,Depression-free full sisters,current_manuscript/results_20260622/sister/phewas.csv
895,sibling_female,Sibling-based analysis (female),645,645.0,Late pregnancy and failed induction,pregnancy complications,Pregnancy-related conditions,Female,3107,10.290123865668676,0.9718634285007092,0.9718634285007092,0.9221542020132593,1.0242522580226472,0.2866789045197282,0.3215657553342983,False,3107,304.67,10.2,3604,342.64,10.52,Depression-free full sisters,current_manuscript/results_20260622/sister/phewas.csv
896,sibling_female,Sibling-based analysis (female),646,646.0,Other complications of pregnancy NEC,pregnancy complications,Pregnancy-related conditions,Female,4016,13.300655759422401,1.1976431032004804,1.1976431032004804,1.1404043572314415,1.2577547547484336,5.266031648107839e-13,2.1890170772526703e-12,True,4016,284.72,14.1,3909,324.55,12.04,Depression-free full sisters,current_manuscript/results_20260622/sister/phewas.csv
897,sibling_female,Sibling-based analysis (female),647.1,647.1,Infections of genitourinary tract during pregnancy,pregnancy complications,Pregnancy-related conditions,Female,653,2.162681327416043,1.1946305663605954,1.1946305663605954,1.0640868940569517,1.341189519440368,0.0025944352431783,0.0041354907635624,True,653,324.51,2.01,640,370.65,1.73,Depression-free full sisters,current_manuscript/results_20260622/sister/phewas.csv
898,sibling_female,Sibling-based analysis (female),647.3,647.3,Major puerperal infection,pregnancy complications,Pregnancy-related conditions,Female,446,1.477114658541432,1.1356800504533011,1.1356800504533011,0.988018930580973,1.3054093773681086,0.0733918903775457,0.0901736175661352,False,446,326.58,1.37,442,372.26,1.19,Depression-free full sisters,current_manuscript/results_20260622/sister/phewas.csv
899,sibling_female,Sibling-based analysis (female),649.1,649.1,Diabetes or abnormal glucose tolerance complicating pregnancy,pregnancy complications,Pregnancy-related conditions,Female,424,1.4042525004967874,0.9621918856336062,0.9621918856336062,0.8396045988063102,1.102677648616277,0.5793758731583701,0.6110830104953954,False,424,335.57,1.26,516,388.67,1.33,Depression-free full sisters,current_manuscript/results_20260622/sister/phewas.csv
900,sibling_female,Sibling-based analysis (female),650,650.0,Normal delivery,pregnancy complications,Pregnancy-related conditions,Female,6805,22.537590249718487,0.8307539175607209,0.8307539175607209,0.7977750541188301,0.8650960793763871,2.9130441844955e-19,1.7154593530917945e-18,False,6805,230.36,29.54,7785,226.38,34.39,Depression-free full sisters,current_manuscript/results_20260622/sister/phewas.csv
901,sibling_female,Sibling-based analysis (female),651,651.0,Multiple gestation,pregnancy complications,Pregnancy-related conditions,Female,1911,6.329072001059814,0.94224377049295,0.94224377049295,0.8802344624197627,1.0086214082008862,0.0867418179414517,0.1027333262770265,False,1911,315.87,6.05,2289,357.98,6.39,Depression-free full sisters,current_manuscript/results_20260622/sister/phewas.csv
902,sibling_female,Sibling-based analysis (female),652,652.0,Malposition and malpresentation of fetus or obstruction,pregnancy complications,Pregnancy-related conditions,Female,1113,3.686162813804067,0.8868534235063849,0.8868534235063849,0.8153819214246436,0.9645896899587848,0.0050945657713746,0.0076599144931307,False,1113,313.37,3.55,1404,345.68,4.06,Depression-free full sisters,current_manuscript/results_20260622/sister/phewas.csv
903,sibling_female,Sibling-based analysis (female),653,653.0,Problems associated with amniotic cavity and membranes,pregnancy complications,Pregnancy-related conditions,Female,2201,7.28952772073922,0.9545819901222765,0.9545819901222765,0.8974692940920691,1.0153291949532992,0.139757155014764,0.1646028714618331,False,2201,304.73,7.22,2607,336.45,7.75,Depression-free full sisters,current_manuscript/results_20260622/sister/phewas.csv
904,sibling_female,Sibling-based analysis (female),654.1,654.1,"Abnormality of organs and soft tissues of pelvis complicating pregnancy, childbirth, or the puerperium",pregnancy complications,Pregnancy-related conditions,Female,720,2.3845797178247334,0.9235258701645489,0.9235258701645489,0.8285794750046968,1.0293521123708171,0.150623162527277,0.1764204997557057,False,720,317.19,2.27,819,350.68,2.34,Depression-free full sisters,current_manuscript/results_20260622/sister/phewas.csv
905,sibling_female,Sibling-based analysis (female),661,661.0,Fetal distress and abnormal forces of labor,pregnancy complications,Pregnancy-related conditions,Female,1798,5.95482546201232,0.8967422854349958,0.8967422854349958,0.8368240839557605,0.9609507444932613,0.0020087662078973,0.00332701903183,False,1798,295.77,6.08,2114,315.72,6.7,Depression-free full sisters,current_manuscript/results_20260622/sister/phewas.csv
906,sibling_female,Sibling-based analysis (female),665,665.0,Obstetrical/birth trauma,pregnancy complications,Pregnancy-related conditions,Female,3169,10.495462674703584,0.7822119468565714,0.7822119468565714,0.7426457515864698,0.8238861240343424,1.776087048929715e-20,1.2146143689454826e-19,False,3169,292.26,10.84,4150,309.02,13.43,Depression-free full sisters,current_manuscript/results_20260622/sister/phewas.csv
907,sibling_female,Sibling-based analysis (female),669,669.0,Complications of labor and delivery NEC,pregnancy complications,Pregnancy-related conditions,Female,3374,11.17440551102868,0.9636023521915392,0.9636023521915392,0.9142557736679391,1.0156123919500806,0.1668512565898328,0.1943542109727722,False,3374,281.81,11.97,3703,302.66,12.23,Depression-free full sisters,current_manuscript/results_20260622/sister/phewas.csv
908,sibling_female,Sibling-based analysis (female),671,671.0,Venous/cerebrovascular complications embolism in pregnancy and the puerperium,pregnancy complications,Pregnancy-related conditions,Female,308,1.0200702126250247,1.0215437613123217,1.0215437613123217,0.8688668726544629,1.201048962872742,0.796348632033487,0.8247913589605318,False,308,325.75,0.95,339,373.74,0.91,Depression-free full sisters,current_manuscript/results_20260622/sister/phewas.csv
909,sibling_female,Sibling-based analysis (female),674,674.0,Other complications of the puerperium NEC,pregnancy complications,Pregnancy-related conditions,Female,2318,7.6770219248857385,1.8750231761044862,1.8750231761044862,1.7480037556659522,2.0112725155956794,4.598863670842676e-69,8.863264529260429e-68,True,2318,311.47,7.44,1487,366.39,4.06,Depression-free full sisters,current_manuscript/results_20260622/sister/phewas.csv
910,sibling_female,Sibling-based analysis (female),676,676.0,Other disorders of the breast associated with childbirth and disorders of lactation,pregnancy complications,Pregnancy-related conditions,Female,433,1.4340597469695966,1.4397428206214535,1.4397428206214535,1.2413159701343248,1.669888601615841,1.4560549968512509e-06,3.631572462734885e-06,True,433,324.77,1.33,350,373.74,0.94,Depression-free full sisters,current_manuscript/results_20260622/sister/phewas.csv
911,sibling_female,Sibling-based analysis (female),686.1,686.1,Carbuncle and furuncle,dermatologic,Dermatologic conditions,Both,418,1.384381002848248,1.6207444945940865,1.6207444945940865,1.385548178278851,1.8958653029446493,1.575271974435374e-09,4.911142037945578e-09,True,418,330.13,1.27,302,379.79,0.8,Depression-free full sisters,current_manuscript/results_20260622/sister/phewas.csv
912,sibling_female,Sibling-based analysis (female),687.1,687.1,Rash and other nonspecific skin eruption,dermatologic,Dermatologic conditions,Both,332,1.0995562032191826,1.2888384284872778,1.2888384284872778,1.0932328427592288,1.5194425467067625,0.0025158782406406,0.004040652931938,True,332,333.15,1.0,290,384.63,0.75,Depression-free full sisters,current_manuscript/results_20260622/sister/phewas.csv
913,sibling_female,Sibling-based analysis (female),687.4,687.4,Disturbance of skin sensation,dermatologic,Dermatologic conditions,Both,1012,3.351659270053653,1.4904460650461522,1.4904460650461522,1.3513526473424347,1.6438562333675184,1.4166343193719765e-15,7.150630373972833e-15,True,1012,328.3,3.08,791,381.41,2.07,Depression-free full sisters,current_manuscript/results_20260622/sister/phewas.csv
914,sibling_female,Sibling-based analysis (female),689,689.0,Disorder of skin and subcutaneous tissue NOS,dermatologic,Dermatologic conditions,Both,226,0.7484930780949858,1.4211279251959383,1.4211279251959383,1.1542345208727562,1.7497350349949856,0.0009278606999575,0.0016123481015656,True,226,337.8,0.67,184,393.85,0.47,Depression-free full sisters,current_manuscript/results_20260622/sister/phewas.csv
915,sibling_female,Sibling-based analysis (female),690.1,690.1,Seborrheic dermatitis,dermatologic,Dermatologic conditions,Both,205,0.6789428363250977,1.5935037096083675,1.5935037096083675,1.2747164265088997,1.992014866780961,4.288955288204455e-05,8.91429922646416e-05,True,205,333.48,0.61,140,384.87,0.36,Depression-free full sisters,current_manuscript/results_20260622/sister/phewas.csv
916,sibling_female,Sibling-based analysis (female),696.4,696.4,Psoriasis,dermatologic,Dermatologic conditions,Both,401,1.3280784261773861,1.262261015816,1.262261015816,1.0857146538925133,1.467515305551525,0.0024469041147403,0.0039598753612591,True,401,330.87,1.21,365,381.5,0.96,Depression-free full sisters,current_manuscript/results_20260622/sister/phewas.csv
917,sibling_female,Sibling-based analysis (female),698,698.0,Pruritus and related conditions,dermatologic,Dermatologic conditions,Both,812,2.689276015102338,1.3851114437675773,1.3851114437675773,1.2435224980124309,1.5428218747327593,3.1902399556122326e-09,9.403187621743956e-09,True,812,331.29,2.45,679,386.29,1.76,Depression-free full sisters,current_manuscript/results_20260622/sister/phewas.csv
918,sibling_female,Sibling-based analysis (female),705.8,705.8,Hyperhidrosis,dermatologic,Dermatologic conditions,Both,190,0.6292640922037491,1.5336723531271372,1.5336723531271372,1.2163741417570626,1.9337396332257022,0.0002988491380469,0.0005623272701039,True,190,337.51,0.56,147,392.94,0.37,Depression-free full sisters,current_manuscript/results_20260622/sister/phewas.csv
919,sibling_female,Sibling-based analysis (female),728.2,728.2,Laxity of ligament or hypermobility syndrome,musculoskeletal,Musculoskeletal conditions,Both,371,1.228720937934689,1.566090801789677,1.566090801789677,1.3255297354322966,1.8503096036924067,1.3490843563300648e-07,3.62032763977182e-07,True,371,333.88,1.11,266,387.62,0.69,Depression-free full sisters,current_manuscript/results_20260622/sister/phewas.csv
920,sibling_female,Sibling-based analysis (female),735.2,735.2,Acquired toe deformities,musculoskeletal,Musculoskeletal conditions,Both,202,0.6690070875008279,1.319718383492514,1.319718383492514,1.0643984028268618,1.6362826241589141,0.0114413448955322,0.0165004429785907,True,202,335.49,0.6,172,387.74,0.44,Depression-free full sisters,current_manuscript/results_20260622/sister/phewas.csv
921,sibling_female,Sibling-based analysis (female),735.3,735.3,Hallux valgus (Bunion),musculoskeletal,Musculoskeletal conditions,Both,354,1.1724183612638273,1.1917740992253407,1.1917740992253407,1.0155783391000064,1.3985385951053741,0.0316041732551202,0.041615433106121,True,354,334.05,1.06,341,386.36,0.88,Depression-free full sisters,current_manuscript/results_20260622/sister/phewas.csv
922,sibling_female,Sibling-based analysis (female),740.1,740.1,Osteoarthritis; localized,musculoskeletal,Musculoskeletal conditions,Both,294,0.9737033847784328,1.069168014574229,1.069168014574229,0.9009476621095444,1.2687976132953316,0.4438304712358004,0.4800615301121923,False,294,338.31,0.87,320,393.6,0.81,Depression-free full sisters,current_manuscript/results_20260622/sister/phewas.csv
923,sibling_female,Sibling-based analysis (female),740.9,740.9,Osteoarthrosis NOS,musculoskeletal,Musculoskeletal conditions,Both,176,0.582897264357157,1.3189731374403824,1.3189731374403824,1.0418438182269383,1.6698185532741527,0.0214118535952968,0.0290981600141213,True,176,338.91,0.52,155,394.71,0.39,Depression-free full sisters,current_manuscript/results_20260622/sister/phewas.csv
924,sibling_female,Sibling-based analysis (female),742.9,742.9,Other derangement of joint,musculoskeletal,Musculoskeletal conditions,Both,387,1.2817115983307943,1.0607399935681445,1.0607399935681445,0.9179046487200514,1.2258019779330138,0.424223565848032,0.4635845152566122,False,387,330.56,1.17,416,380.01,1.09,Depression-free full sisters,current_manuscript/results_20260622/sister/phewas.csv
925,sibling_female,Sibling-based analysis (female),745,745.0,Pain in joint,musculoskeletal,Musculoskeletal conditions,Both,1336,4.424720143074783,1.401904951203155,1.401904951203155,1.2881243861098473,1.5257358011389455,5.1702877406586494e-15,2.4911386386809852e-14,True,1336,323.99,4.12,1109,376.5,2.95,Depression-free full sisters,current_manuscript/results_20260622/sister/phewas.csv
926,sibling_female,Sibling-based analysis (female),800.3,800.3,Fracture of tibia and fibula,injuries & poisonings,Injuries & poisonings,Both,201,0.6656951712260714,1.3895221607832087,1.3895221607832087,1.1199911991754365,1.7239169707129094,0.0027897508573225,0.0044136356847192,True,201,310.47,0.65,168,337.37,0.5,Depression-free full sisters,current_manuscript/results_20260622/sister/phewas.csv
927,sibling_female,Sibling-based analysis (female),801.1,801.1,Fracture of foot,injuries & poisonings,Injuries & poisonings,Both,192,0.6358879247532623,1.1514828994316861,1.1514828994316861,0.9215699538437239,1.438754445230585,0.2145149981594409,0.244500965644094,False,192,310.53,0.62,171,337.27,0.51,Depression-free full sisters,current_manuscript/results_20260622/sister/phewas.csv
928,sibling_female,Sibling-based analysis (female),803.2,803.2,Fracture of radius and ulna,injuries & poisonings,Injuries & poisonings,Both,567,1.8778565277869776,1.1181148448893492,1.1181148448893492,0.986844062076413,1.2668473717432467,0.0797465388585474,0.0960583308977957,False,567,307.64,1.84,552,334.46,1.65,Depression-free full sisters,current_manuscript/results_20260622/sister/phewas.csv
929,sibling_female,Sibling-based analysis (female),804,804.0,Fracture of hand or wrist,injuries & poisonings,Injuries & poisonings,Both,751,2.4872491223421873,1.325910091495629,1.325910091495629,1.1826583591901592,1.4865134610250306,1.3251655910812375e-06,3.38476030493039e-06,True,751,305.98,2.45,602,333.98,1.8,Depression-free full sisters,current_manuscript/results_20260622/sister/phewas.csv
930,sibling_female,Sibling-based analysis (female),805,805.0,Fracture of vertebral column without mention of spinal cord injury,injuries & poisonings,Injuries & poisonings,Both,177,0.5862091806319136,1.5294725829253322,1.5294725829253322,1.1946571553916077,1.9581236100774626,0.000748989172574,0.0013232142048808,True,177,310.39,0.57,126,337.64,0.37,Depression-free full sisters,current_manuscript/results_20260622/sister/phewas.csv
931,sibling_female,Sibling-based analysis (female),807,807.0,Fracture of ribs,injuries & poisonings,Injuries & poisonings,Both,207,0.6855666688746108,1.778174126043008,1.778174126043008,1.4003525650198445,2.2579336814968505,2.323881510682968e-06,5.728638142613828e-06,True,207,310.1,0.67,126,337.57,0.37,Depression-free full sisters,current_manuscript/results_20260622/sister/phewas.csv
932,sibling_female,Sibling-based analysis (female),809,809.0,Fracture of unspecified bones,injuries & poisonings,Injuries & poisonings,Both,750,2.4839372060674307,1.3334608472547245,1.3334608472547245,1.1908364489058172,1.493167120300261,6.158782398875242e-07,1.592270571416526e-06,True,750,305.78,2.45,607,333.85,1.82,Depression-free full sisters,current_manuscript/results_20260622/sister/phewas.csv
933,sibling_female,Sibling-based analysis (female),817,817.0,Concussion,injuries & poisonings,Injuries & poisonings,Both,868,2.8747433264887063,1.480483493381738,1.480483493381738,1.3307130800237954,1.6471104155199263,5.568663830814892e-13,2.27030140794761e-12,True,868,319.87,2.71,680,365.59,1.86,Depression-free full sisters,current_manuscript/results_20260622/sister/phewas.csv
934,sibling_female,Sibling-based analysis (female),819,819.0,Skull and face fracture and other intercranial injury,injuries & poisonings,Injuries & poisonings,Both,292,0.9670795522289196,1.3920331639790045,1.3920331639790045,1.1623741304761501,1.6670676667792181,0.0003235718918323,0.000601730184811,True,292,324.52,0.9,246,369.19,0.67,Depression-free full sisters,current_manuscript/results_20260622/sister/phewas.csv
935,sibling_female,Sibling-based analysis (female),830,830.0,Dislocation,injuries & poisonings,Injuries & poisonings,Both,2562,8.485129495926342,1.2487590246367524,1.2487590246367524,1.1742618238881524,1.3279824566282288,1.4551770987864746e-12,5.8207083951458966e-12,True,2562,290.11,8.83,2301,323.05,7.12,Depression-free full sisters,current_manuscript/results_20260622/sister/phewas.csv
936,sibling_female,Sibling-based analysis (female),835,835.0,Internal derangement of knee,injuries & poisonings,Injuries & poisonings,Both,392,1.2982711797045772,0.961371213645827,0.961371213645827,0.8321626039155027,1.1106418458100968,0.5926713100613128,0.6220114739257342,False,392,308.92,1.27,443,338.53,1.31,Depression-free full sisters,current_manuscript/results_20260622/sister/phewas.csv
937,sibling_female,Sibling-based analysis (female),850,850.0,Hemorrhage or hematoma complicating a procedure,injuries & poisonings,Injuries & poisonings,Both,436,1.4439954957938663,1.3395729380688624,1.3395729380688624,1.1561420140676901,1.552106605046689,9.9803214379091e-05,0.0001996064287581,True,436,334.77,1.3,372,389.34,0.96,Depression-free full sisters,current_manuscript/results_20260622/sister/phewas.csv
938,sibling_female,Sibling-based analysis (female),857,857.0,"Mechanical complication of unspecified genitourinary device, implant, and graft",injuries & poisonings,Injuries & poisonings,Both,161,0.5332185202358084,1.177986316633587,1.177986316633587,0.9331419221065158,1.487074719613303,0.1682290565209936,0.1948883059150308,False,161,336.84,0.48,154,390.71,0.39,Depression-free full sisters,current_manuscript/results_20260622/sister/phewas.csv
939,sibling_female,Sibling-based analysis (female),870.1,870.1,Open wound or laceration of eye or eyelid,injuries & poisonings,Injuries & poisonings,Both,218,0.7219977478969332,1.2069411225160056,1.2069411225160056,0.9883423827035979,1.4738889060240365,0.0650407427329378,0.0811096321140166,False,218,317.39,0.69,205,354.68,0.58,Depression-free full sisters,current_manuscript/results_20260622/sister/phewas.csv
940,sibling_female,Sibling-based analysis (female),870.3,870.3,Other open wound of head and face,injuries & poisonings,Injuries & poisonings,Both,558,1.8480492813141685,1.3529987229956721,1.3529987229956721,1.1865125020274265,1.5428455589805532,6.397654820068244e-06,1.4742421976678996e-05,True,558,314.78,1.77,456,352.87,1.29,Depression-free full sisters,current_manuscript/results_20260622/sister/phewas.csv
941,sibling_female,Sibling-based analysis (female),870.6,870.6,Open wound of neck,injuries & poisonings,Injuries & poisonings,Both,169,0.559713850433861,2.3945273891825445,2.3945273891825445,1.7819036613996424,3.2177729591967057,6.971116758229692e-09,1.9971307469522905e-08,True,169,317.88,0.53,80,355.63,0.22,Depression-free full sisters,current_manuscript/results_20260622/sister/phewas.csv
942,sibling_female,Sibling-based analysis (female),907,907.0,Injuries to the nervous system,injuries & poisonings,Injuries & poisonings,Both,168,0.5564019341591044,1.7703692057359164,1.7703692057359164,1.3777933857385802,2.2748019819661827,7.987302606708786e-06,1.8013916517258112e-05,True,168,337.94,0.5,109,393.69,0.28,Depression-free full sisters,current_manuscript/results_20260622/sister/phewas.csv
943,sibling_female,Sibling-based analysis (female),915,915.0,Superficial injury without mention of infection,injuries & poisonings,Injuries & poisonings,Both,1334,4.41809631052527,1.5885037723309088,1.5885037723309088,1.4515720224121464,1.7383527622118027,8.105354992896588e-24,6.136911637478846e-23,True,1334,291.29,4.58,949,320.55,2.96,Depression-free full sisters,current_manuscript/results_20260622/sister/phewas.csv
944,sibling_female,Sibling-based analysis (female),916,916.0,Contusion,injuries & poisonings,Injuries & poisonings,Both,2338,7.74326025038087,1.3434270042471894,1.3434270042471894,1.2578009577070257,1.434882128751695,1.5492799399145825e-18,8.876955331402474e-18,True,2338,293.01,7.98,1950,329.91,5.91,Depression-free full sisters,current_manuscript/results_20260622/sister/phewas.csv
945,sibling_female,Sibling-based analysis (female),946,946.0,Anaphylactic shock NOS,injuries & poisonings,Injuries & poisonings,Both,183,0.6060806782804531,1.4028036966740456,1.4028036966740456,1.118200564043365,1.7598436941282491,0.0034369117090697,0.0053184327176846,True,183,335.4,0.55,153,388.53,0.39,Depression-free full sisters,current_manuscript/results_20260622/sister/phewas.csv
946,sibling_female,Sibling-based analysis (female),966,966.0,Poisoning by anticonvulsants and anti-Parkinsonism drugs,injuries & poisonings,Injuries & poisonings,Both,202,0.6690070875008279,8.198636899459357,8.198636899459357,5.455202643228108,12.321750703911635,4.402749073009679e-24,3.456973346215008e-23,True,202,325.32,0.62,32,380.59,0.08,Depression-free full sisters,current_manuscript/results_20260622/sister/phewas.csv
947,sibling_female,Sibling-based analysis (female),969,969.0,Poisoning by psychotropic agents,injuries & poisonings,Injuries & poisonings,Both,408,1.3512618401006822,7.138800585629187,7.138800585629187,5.40099082947396,9.435763808979328,2.2185738687953813e-43,3.359554715604435e-42,True,408,322.82,1.26,73,380.26,0.19,Depression-free full sisters,current_manuscript/results_20260622/sister/phewas.csv
948,sibling_female,Sibling-based analysis (female),979,979.0,Adverse drug events and drug allergies,injuries & poisonings,Injuries & poisonings,Both,1686,5.583890839239584,5.059248632884127,5.059248632884127,4.489016661605532,5.701916178717257,1.4327559155390902e-155,7.593606352357178e-154,True,1686,313.58,5.38,463,377.65,1.23,Depression-free full sisters,current_manuscript/results_20260622/sister/phewas.csv
949,sibling_female,Sibling-based analysis (female),981,981.0,Toxic effect of (non-ethyl) alcohol and petroleum and other solvents,injuries & poisonings,Injuries & poisonings,Both,151,0.5000993574882427,2.6637582714698853,2.6637582714698853,1.9439404691518218,3.650115958499583,1.0893054065142558e-09,3.552811479708034e-09,True,151,335.76,0.45,62,391.71,0.16,Depression-free full sisters,current_manuscript/results_20260622/sister/phewas.csv
950,sibling_male,Sibling-based analysis (male),41.1,41.1,Staphylococcus infections,infectious diseases,Infectious diseases,Both,93,0.5068672334859385,1.4870099374691805,1.4870099374691805,1.0797523575300023,2.0478756436247507,0.0151017628510854,0.0225696675576661,True,93,196.9,0.47,80,237.73,0.34,Depression-free full brothers,current_manuscript/results_20260622/brother/phewas.csv
951,sibling_male,Sibling-based analysis (male),41.2,41.2,Streptococcus infection,infectious diseases,Infectious diseases,Both,95,0.5177676040985394,1.0372468354105182,1.0372468354105182,0.7679294717603475,1.4010153759340171,0.8115514939387738,0.8555891719044437,False,95,196.8,0.48,100,237.5,0.42,Depression-free full brothers,current_manuscript/results_20260622/brother/phewas.csv
952,sibling_male,Sibling-based analysis (male),54,54.0,Herpes simplex,infectious diseases,Infectious diseases,Both,94,0.5123174187922389,1.5117665984502684,1.5117665984502684,1.0866962412843062,2.1031067941201878,0.0141430579886705,0.0213717320717687,True,94,188.9,0.5,74,221.97,0.33,Depression-free full brothers,current_manuscript/results_20260622/brother/phewas.csv
953,sibling_male,Sibling-based analysis (male),70.3,70.3,Viral hepatitis C,infectious diseases,Infectious diseases,Both,160,0.8720296490080662,4.911787420606627,4.911787420606627,3.322815919680344,7.260605537110344,1.4385390298247562e-15,8.506143828528992e-15,True,160,188.46,0.85,46,222.25,0.21,Depression-free full brothers,current_manuscript/results_20260622/brother/phewas.csv
954,sibling_male,Sibling-based analysis (male),78,78.0,Viral warts & HPV,infectious diseases,Infectious diseases,Both,308,1.6786570743405276,1.2941581248719352,1.2941581248719352,1.0905050396544733,1.5358436607525616,0.0031592294812518,0.005508400121157,True,308,186.8,1.65,285,219.85,1.3,Depression-free full brothers,current_manuscript/results_20260622/brother/phewas.csv
955,sibling_male,Sibling-based analysis (male),80,80.0,Postoperative infection,infectious diseases,Infectious diseases,Both,206,1.1227381730978854,1.4972690860366829,1.4972690860366829,1.204115318737454,1.861794033441684,0.0002825594856226,0.0005912013853027,True,206,197.22,1.04,179,239.76,0.75,Depression-free full brothers,current_manuscript/results_20260622/brother/phewas.csv
956,sibling_male,Sibling-based analysis (male),90.3,90.3,Venereal diseases due to Chlamydia trachomatis,infectious diseases,Infectious diseases,Both,155,0.8447787224765642,1.4642847956450444,1.4642847956450444,1.1346320149768048,1.8897139640477019,0.0033828843130628,0.0058236995769183,True,155,195.48,0.79,120,235.65,0.51,Depression-free full brothers,current_manuscript/results_20260622/brother/phewas.csv
957,sibling_male,Sibling-based analysis (male),136,136.0,Other infectious and parasitic diseases,infectious diseases,Infectious diseases,Both,95,0.5177676040985394,1.7388997612657493,1.7388997612657493,1.2414023166026142,2.435771497515274,0.0012925639748076,0.0024758971911808,True,95,197.47,0.48,78,238.74,0.33,Depression-free full brothers,current_manuscript/results_20260622/brother/phewas.csv
958,sibling_male,Sibling-based analysis (male),173,173.0,Neoplasm of uncertain behavior of skin,neoplasms,Neoplasms,Both,201,1.0954872465663832,1.0323551741502162,1.0323551741502162,0.8458935385024297,1.2599188397650374,0.7540487632874683,0.801176810992935,False,201,197.95,1.02,234,240.08,0.97,Depression-free full brothers,current_manuscript/results_20260622/brother/phewas.csv
959,sibling_male,Sibling-based analysis (male),214.1,214.1,Lipoma of skin and subcutaneous tissue,neoplasms,Neoplasms,Both,106,0.5777196424678439,1.230511021995966,1.230511021995966,0.9239972810472098,1.638703280097849,0.1558451888531576,0.1902430109685766,False,106,198.13,0.53,110,240.12,0.46,Depression-free full brothers,current_manuscript/results_20260622/brother/phewas.csv
960,sibling_male,Sibling-based analysis (male),244.4,244.4,Hypothyroidism NOS,endocrine/metabolic,Endocrine/metabolic conditions,Both,121,0.6594724220623501,3.2105416480885727,3.2105416480885727,2.243402257075707,4.594618571681076,1.792436552735804e-10,7.617855349127166e-10,True,121,197.99,0.61,48,241.02,0.2,Depression-free full brothers,current_manuscript/results_20260622/brother/phewas.csv
961,sibling_male,Sibling-based analysis (male),250.2,250.2,Type 2 diabetes,endocrine/metabolic,Endocrine/metabolic conditions,Both,245,1.3352954000436015,1.9178553289217266,1.9178553289217266,1.5429590632997587,2.3838409910936744,4.405394796629587e-09,1.4265087912895804e-08,True,245,198.25,1.24,153,241.95,0.63,Depression-free full brothers,current_manuscript/results_20260622/brother/phewas.csv
962,sibling_male,Sibling-based analysis (male),257.1,257.1,Testicular hypofunction,endocrine/metabolic,Endocrine/metabolic conditions,Male,116,0.632221495530848,3.3414963821246726,3.3414963821246726,2.252866356746695,4.956174181532997,1.9952296824251395e-09,7.140822021311025e-09,True,116,196.79,0.59,51,238.24,0.21,Depression-free full brothers,current_manuscript/results_20260622/brother/phewas.csv
963,sibling_male,Sibling-based analysis (male),272.1,272.1,Hyperlipidemia,endocrine/metabolic,Endocrine/metabolic conditions,Both,169,0.92108131676477,1.6830317515074569,1.6830317515074569,1.3003335964283174,2.178360910125426,7.644181026337993e-05,0.0001736456224637,True,169,198.66,0.85,134,242.22,0.55,Depression-free full brothers,current_manuscript/results_20260622/brother/phewas.csv
964,sibling_male,Sibling-based analysis (male),276.1,276.1,Electrolyte imbalance,endocrine/metabolic,Endocrine/metabolic conditions,Both,113,0.6158709396119468,2.0003104905695954,2.0003104905695954,1.4467227188682652,2.765728364183598,2.740407397492574e-05,6.655275108196252e-05,True,113,198.5,0.57,67,241.55,0.28,Depression-free full brothers,current_manuscript/results_20260622/brother/phewas.csv
965,sibling_male,Sibling-based analysis (male),278.1,278.1,Obesity,endocrine/metabolic,Endocrine/metabolic conditions,Both,431,2.3490298670154783,2.136766921139428,2.136766921139428,1.8038789208553492,2.531086106993649,1.528244531537455e-18,1.1546736460505217e-17,True,431,194.47,2.22,243,236.99,1.03,Depression-free full brothers,current_manuscript/results_20260622/brother/phewas.csv
966,sibling_male,Sibling-based analysis (male),289.4,289.4,Lymphadenitis,hematopoietic,Hematopoietic conditions,Both,106,0.5777196424678439,1.094841000597851,1.094841000597851,0.8281443381303462,1.4474249975508946,0.5246891577172432,0.5754655278189119,False,106,197.29,0.54,112,238.82,0.47,Depression-free full brothers,current_manuscript/results_20260622/brother/phewas.csv
967,sibling_male,Sibling-based analysis (male),290.3,290.3,Other persistent mental disorders due to conditions classified elsewhere,mental disorders,Mental disorders,Both,978,5.330281229561805,3.99316098035622,3.99316098035622,3.47692698945276,4.586042405667285,1.4462501260028373e-85,4.917250428409647e-84,True,978,185.28,5.28,349,232.29,1.5,Depression-free full brothers,current_manuscript/results_20260622/brother/phewas.csv
968,sibling_male,Sibling-based analysis (male),291.1,291.1,Transient mental disorders due to conditions classified elsewhere,mental disorders,Mental disorders,Both,244,1.329845214737301,3.8699024528634083,3.8699024528634083,2.946903164248819,5.081994269905276,2.1544001282447605e-22,1.9533227829419158e-21,True,244,191.33,1.28,86,234.1,0.37,Depression-free full brothers,current_manuscript/results_20260622/brother/phewas.csv
969,sibling_male,Sibling-based analysis (male),291.8,291.8,Alteration of consciousness,mental disorders,Mental disorders,Both,105,0.5722694571615435,3.675265659872022,3.675265659872022,2.44296753076667,5.529167907686223,4.1948389016051816e-10,1.5991880921820356e-09,True,105,192.71,0.54,38,234.39,0.16,Depression-free full brothers,current_manuscript/results_20260622/brother/phewas.csv
970,sibling_male,Sibling-based analysis (male),292.6,292.6,Hallucinations,mental disorders,Mental disorders,Both,102,0.5559189012426422,3.8879704784296716,3.8879704784296716,2.5388853033891396,5.953917816201461,4.233144949893624e-10,1.5991880921820356e-09,True,102,192.74,0.53,34,234.46,0.15,Depression-free full brothers,current_manuscript/results_20260622/brother/phewas.csv
971,sibling_male,Sibling-based analysis (male),293.1,293.1,"Swelling, mass, or lump in head and neck [Space-occupying lesion, intracranial NOS]",mental disorders,Mental disorders,Both,92,0.5014170481796381,1.096424837640298,1.096424837640298,0.8161997021984336,1.4728594256486134,0.5409976121495637,0.5839339305741321,False,92,197.26,0.47,105,238.72,0.44,Depression-free full brothers,current_manuscript/results_20260622/brother/phewas.csv
972,sibling_male,Sibling-based analysis (male),295.1,295.1,Schizophrenia,mental disorders,Mental disorders,Both,163,0.8883802049269676,6.6209930954914515,6.6209930954914515,4.276664750664153,10.250405894859455,2.318841196433792e-17,1.5017257272142651e-16,True,163,141.19,1.15,42,172.73,0.24,Depression-free full brothers,current_manuscript/results_20260622/brother/phewas.csv
973,sibling_male,Sibling-based analysis (male),295.2,295.2,Paranoid disorders,mental disorders,Mental disorders,Both,107,0.5831698277741443,3.7295310797534804,3.7295310797534804,2.4743510357655003,5.621434418073163,3.219863060832371e-10,1.3269738674945527e-09,True,107,141.85,0.75,45,172.73,0.26,Depression-free full brothers,current_manuscript/results_20260622/brother/phewas.csv
974,sibling_male,Sibling-based analysis (male),295.3,295.3,Psychosis,mental disorders,Mental disorders,Both,276,1.5042511445389144,4.112290018957094,4.112290018957094,3.1663887957544334,5.34076207656138,2.897458724829888e-26,2.8146741898347486e-25,True,276,140.4,1.97,96,172.4,0.56,Depression-free full brothers,current_manuscript/results_20260622/brother/phewas.csv
975,sibling_male,Sibling-based analysis (male),296.1,296.1,Bipolar,mental disorders,Mental disorders,Both,720,3.924133420536298,8.325171764248982,8.325171764248982,6.714915486810841,10.321572183653148,3.3577998234760365e-83,9.13321551985482e-82,True,720,136.0,5.29,118,172.17,0.69,Depression-free full brothers,current_manuscript/results_20260622/brother/phewas.csv
976,sibling_male,Sibling-based analysis (male),300.1,300.1,Anxiety disorder,mental disorders,Mental disorders,Both,3435,18.721386527141924,5.012771698205482,5.012771698205482,4.625040646851711,5.433007408363978,0.0,0.0,True,3435,113.95,30.15,1055,165.51,6.37,Depression-free full brothers,current_manuscript/results_20260622/brother/phewas.csv
977,sibling_male,Sibling-based analysis (male),300.3,300.3,Obsessive-compulsive disorders,mental disorders,Mental disorders,Both,297,1.618705035971223,4.4460286213049764,4.4460286213049764,3.425050986912061,5.771350726455785,3.6879105244344006e-29,5.015558313230786e-28,True,297,139.96,2.12,88,172.36,0.51,Depression-free full brothers,current_manuscript/results_20260622/brother/phewas.csv
978,sibling_male,Sibling-based analysis (male),300.4,300.4,Dysthymic disorder,mental disorders,Mental disorders,Both,407,2.2182254196642686,11.667856565829931,11.667856565829931,8.186191911647605,16.630306045852336,4.724317297785978e-42,7.13896836109881e-41,True,407,139.24,2.92,53,172.74,0.31,Depression-free full brothers,current_manuscript/results_20260622/brother/phewas.csv
979,sibling_male,Sibling-based analysis (male),300.8,300.8,Acute reaction to stress,mental disorders,Mental disorders,Both,738,4.022236756049706,3.3307768828627724,3.3307768828627724,2.8683549506797665,3.867748181160034,4.412099035549062e-56,7.500568360433405e-55,True,738,136.9,5.39,287,171.06,1.68,Depression-free full brothers,current_manuscript/results_20260622/brother/phewas.csv
980,sibling_male,Sibling-based analysis (male),300.9,300.9,Posttraumatic stress disorder,mental disorders,Mental disorders,Both,267,1.4551994767822105,5.817094452751043,5.817094452751043,4.268785584828907,7.92698232314313,7.015890310002554e-29,8.674191656003157e-28,True,267,140.76,1.9,72,172.69,0.42,Depression-free full brothers,current_manuscript/results_20260622/brother/phewas.csv
981,sibling_male,Sibling-based analysis (male),301.1,301.1,Schizoid personality disorder,mental disorders,Mental disorders,Both,100,0.5450185306300415,8.3266039199229,8.3266039199229,4.551349703428638,15.233356555099627,6.0979949555776195e-12,2.7644243798618542e-11,True,100,141.7,0.71,16,172.91,0.09,Depression-free full brothers,current_manuscript/results_20260622/brother/phewas.csv
982,sibling_male,Sibling-based analysis (male),301.2,301.2,Antisocial/borderline personality disorder,mental disorders,Mental disorders,Both,192,1.0464355788096795,6.193413889674259,6.193413889674259,4.274481166630221,8.973808542721871,5.520404419888834e-22,4.692343756905509e-21,True,192,140.94,1.36,38,172.77,0.22,Depression-free full brothers,current_manuscript/results_20260622/brother/phewas.csv
983,sibling_male,Sibling-based analysis (male),303.4,303.4,Somatoform disorder,mental disorders,Mental disorders,Both,112,0.6104207543056464,5.126968476353461,5.126968476353461,3.2715618677046296,8.034635082711914,9.953298262920386e-13,5.013513199100639e-12,True,112,141.68,0.79,31,172.85,0.18,Depression-free full brothers,current_manuscript/results_20260622/brother/phewas.csv
984,sibling_male,Sibling-based analysis (male),304,304.0,Adjustment reaction,mental disorders,Mental disorders,Both,832,4.5345541748419445,3.633460093514767,3.633460093514767,3.1429073544645783,4.200579515145593,4.4533102792263245e-68,8.652145685354004e-67,True,832,136.54,6.09,293,171.08,1.71,Depression-free full brothers,current_manuscript/results_20260622/brother/phewas.csv
985,sibling_male,Sibling-based analysis (male),306.9,306.9,Tension headache,mental disorders,Mental disorders,Both,134,0.7303248310442555,2.282849760140478,2.282849760140478,1.6644167336363271,3.1310686332670103,3.046695727193392e-07,8.632304560381277e-07,True,134,141.64,0.95,71,172.48,0.41,Depression-free full brothers,current_manuscript/results_20260622/brother/phewas.csv
986,sibling_male,Sibling-based analysis (male),312.3,312.3,Impulse control disorder,mental disorders,Mental disorders,Both,147,0.8011772400261609,3.88133295077475,3.88133295077475,2.749322544902657,5.479439108627109,1.2720820354093095e-14,6.920126272626644e-14,True,147,186.13,0.79,52,227.24,0.23,Depression-free full brothers,current_manuscript/results_20260622/brother/phewas.csv
987,sibling_male,Sibling-based analysis (male),313.1,313.1,Attention deficit hyperactivity disorder,mental disorders,Mental disorders,Both,2526,13.767168083714846,5.382029459146066,5.382029459146066,4.881704222312285,5.933632965045933,1.441553785835817e-250,9.802565743683555e-249,True,2526,169.6,14.89,756,223.13,3.39,Depression-free full brothers,current_manuscript/results_20260622/brother/phewas.csv
988,sibling_male,Sibling-based analysis (male),313.3,313.3,Autism,mental disorders,Mental disorders,Both,1424,7.76106387617179,7.230870917364546,7.230870917364546,6.239221307008906,8.380131373902834,2.6318897616717257e-152,1.1931233586245157e-150,True,1424,176.73,8.06,291,225.59,1.29,Depression-free full brothers,current_manuscript/results_20260622/brother/phewas.csv
989,sibling_male,Sibling-based analysis (male),315.3,315.3,Mental retardation,mental disorders,Mental disorders,Both,91,0.4959668628733377,3.4203061093313454,3.4203061093313454,2.236809688487652,5.2299907058427,1.382790176197093e-08,4.1790991991734366e-08,True,91,186.5,0.49,36,227.21,0.16,Depression-free full brothers,current_manuscript/results_20260622/brother/phewas.csv
990,sibling_male,Sibling-based analysis (male),317.1,317.1,Alcoholism,mental disorders,Mental disorders,Both,194,1.0573359494222803,2.5739605274447466,2.5739605274447466,1.9817961521156575,3.3430647192300067,1.3617133637006817e-12,6.61403633797474e-12,True,194,185.15,1.05,94,224.93,0.42,Depression-free full brothers,current_manuscript/results_20260622/brother/phewas.csv
991,sibling_male,Sibling-based analysis (male),318,318.0,Tobacco use disorder,mental disorders,Mental disorders,Both,274,1.4933507739263134,2.778203973412719,2.778203973412719,2.208984990329366,3.4941012961502205,2.4318392273387084e-18,1.7406849206213912e-17,True,274,184.54,1.48,125,224.68,0.56,Depression-free full brothers,current_manuscript/results_20260622/brother/phewas.csv
992,sibling_male,Sibling-based analysis (male),327.3,327.3,Sleep apnea,neurological,Neurological conditions,Both,546,2.9758011772400264,1.8889139639683088,1.8889139639683088,1.6368640118179536,2.1797754349255554,3.208073296819034e-18,2.181489841836943e-17,True,546,189.77,2.88,374,232.33,1.61,Depression-free full brothers,current_manuscript/results_20260622/brother/phewas.csv
993,sibling_male,Sibling-based analysis (male),327.4,327.4,Insomnia,neurological,Neurological conditions,Both,276,1.5042511445389144,5.71959366924361,5.71959366924361,4.194908858674043,7.798441597511126,2.895051158413136e-28,3.281057979534887e-27,True,276,191.53,1.44,70,234.06,0.3,Depression-free full brothers,current_manuscript/results_20260622/brother/phewas.csv
994,sibling_male,Sibling-based analysis (male),338.1,338.1,Acute pain,neurological,Neurological conditions,Both,691,3.766078046653586,1.5411398274759422,1.5411398274759422,1.3655902830432363,1.7392566403882195,2.38519055003488e-12,1.1185721200163576e-11,True,691,191.46,3.61,546,233.05,2.34,Depression-free full brothers,current_manuscript/results_20260622/brother/phewas.csv
995,sibling_male,Sibling-based analysis (male),338.2,338.2,Chronic pain,neurological,Neurological conditions,Both,246,1.340745585349902,2.5074736359572047,2.5074736359572047,1.9862897415401597,3.165411321182782,1.05271351306056e-14,5.96537657400984e-14,True,246,194.51,1.26,127,235.76,0.54,Depression-free full brothers,current_manuscript/results_20260622/brother/phewas.csv
996,sibling_male,Sibling-based analysis (male),339,339.0,Other headache syndromes,neurological,Neurological conditions,Both,755,4.1148899062568125,1.637535707341738,1.637535707341738,1.4571664815220857,1.8402311793627153,1.197489443233117e-16,7.402662012713817e-16,True,755,186.19,4.06,558,224.2,2.49,Depression-free full brothers,current_manuscript/results_20260622/brother/phewas.csv
997,sibling_male,Sibling-based analysis (male),345.3,345.3,Convulsions,neurological,Neurological conditions,Both,424,2.3108785698713756,2.735368184680238,2.735368184680238,2.285801753666996,3.2733543465689814,4.530956009566922e-28,4.7400770561623176e-27,True,424,191.93,2.21,203,233.33,0.87,Depression-free full brothers,current_manuscript/results_20260622/brother/phewas.csv
998,sibling_male,Sibling-based analysis (male),350.1,350.1,Abnormal involuntary movements,neurological,Neurological conditions,Both,108,0.5886200130804448,2.2783644310288427,2.2783644310288427,1.6238386668558085,3.196711955768646,1.881939869937863e-06,5.118876446230987e-06,True,108,198.33,0.54,61,241.24,0.25,Depression-free full brothers,current_manuscript/results_20260622/brother/phewas.csv
999,sibling_male,Sibling-based analysis (male),351,351.0,Other peripheral nerve disorders,neurological,Neurological conditions,Both,317,1.7277087420972312,1.4335237490284456,1.4335237490284456,1.2046968886972136,1.7058152621701237,4.931384587701697e-05,0.0001156324661943,True,317,195.81,1.62,273,237.49,1.15,Depression-free full brothers,current_manuscript/results_20260622/brother/phewas.csv
1000,sibling_male,Sibling-based analysis (male),367.1,367.1,Myopia,sense organs,Conditions of the sense organs,Both,93,0.5068672334859385,1.6978012491422205,1.6978012491422205,1.2067201237613188,2.388730431215573,0.0023760720589443,0.0042519184212688,True,93,195.32,0.48,68,234.94,0.29,Depression-free full brothers,current_manuscript/results_20260622/brother/phewas.csv
1001,sibling_male,Sibling-based analysis (male),367.2,367.2,Astigmatism,sense organs,Conditions of the sense organs,Both,95,0.5177676040985394,1.5463196674036253,1.5463196674036253,1.1207467488330698,2.1334922597713484,0.0079511502551764,0.0131872735939511,True,95,195.38,0.49,77,234.83,0.33,Depression-free full brothers,current_manuscript/results_20260622/brother/phewas.csv
1002,sibling_male,Sibling-based analysis (male),380.1,380.1,Otitis externa,sense organs,Conditions of the sense organs,Both,211,1.1499890996293873,1.23425235978886,1.23425235978886,1.0077461900702362,1.5116692106156169,0.0418916585963639,0.0606092081819734,False,211,194.98,1.08,203,235.2,0.86,Depression-free full brothers,current_manuscript/results_20260622/brother/phewas.csv
1003,sibling_male,Sibling-based analysis (male),380.4,380.4,Impacted cerumen,sense organs,Conditions of the sense organs,Both,138,0.7521255722694572,1.1482050921214622,1.1482050921214622,0.8961293740179437,1.4711881696975342,0.2744832594864198,0.3218079593978715,False,138,195.57,0.71,143,235.67,0.61,Depression-free full brothers,current_manuscript/results_20260622/brother/phewas.csv
1004,sibling_male,Sibling-based analysis (male),381.1,381.1,Otitis media,sense organs,Conditions of the sense organs,Both,127,0.6921735339001526,0.997299234102441,0.997299234102441,0.7752395559197367,1.2829657036286348,0.9832101593620778,0.9832101593620778,False,127,193.43,0.66,148,229.94,0.64,Depression-free full brothers,current_manuscript/results_20260622/brother/phewas.csv
1005,sibling_male,Sibling-based analysis (male),386.9,386.9,Dizziness and giddiness (Light-headedness and vertigo),sense organs,Conditions of the sense organs,Both,539,2.937649880095923,1.4941672264298937,1.4941672264298937,1.3072444273467894,1.7078181048883128,3.881059654093324e-09,1.2873758852602246e-08,True,539,193.43,2.79,444,235.18,1.89,Depression-free full brothers,current_manuscript/results_20260622/brother/phewas.csv
1006,sibling_male,Sibling-based analysis (male),389.1,389.1,Sensorineural hearing loss,sense organs,Conditions of the sense organs,Both,130,0.7085240898190538,1.1010890193841925,1.1010890193841925,0.8514652503423257,1.423894901313949,0.4628568954189279,0.5117767298940992,False,130,196.21,0.66,139,236.87,0.59,Depression-free full brothers,current_manuscript/results_20260622/brother/phewas.csv
1007,sibling_male,Sibling-based analysis (male),401.1,401.1,Essential hypertension,circulatory system,Circulatory system conditions,Both,527,2.8722476564203183,1.663754090799892,1.663754090799892,1.438485598142428,1.92429988748438,6.9665517525628e-12,3.0562936720920665e-11,True,527,196.09,2.69,419,239.99,1.75,Depression-free full brothers,current_manuscript/results_20260622/brother/phewas.csv
1008,sibling_male,Sibling-based analysis (male),427.2,427.2,Atrial fibrillation and flutter,circulatory system,Circulatory system conditions,Both,100,0.5450185306300415,1.1258519264063427,1.1258519264063427,0.8375085056305234,1.5134682832129518,0.4322845683232921,0.4858735643964275,False,100,196.02,0.51,106,236.16,0.45,Depression-free full brothers,current_manuscript/results_20260622/brother/phewas.csv
1009,sibling_male,Sibling-based analysis (male),427.7,427.7,Tachycardia NOS,circulatory system,Circulatory system conditions,Both,114,0.6213211249182472,1.4282366946708438,1.4282366946708438,1.0630231284163723,1.9189234942076543,0.0179999383229136,0.0266086044773506,True,114,195.92,0.58,86,236.27,0.36,Depression-free full brothers,current_manuscript/results_20260622/brother/phewas.csv
1010,sibling_male,Sibling-based analysis (male),427.9,427.9,Palpitations,circulatory system,Circulatory system conditions,Both,314,1.71135818617833,1.3429427875794526,1.3429427875794526,1.1327671390523633,1.5921148032422774,0.0006847632141091,0.0013695264282183,True,314,194.44,1.61,279,234.98,1.19,Depression-free full brothers,current_manuscript/results_20260622/brother/phewas.csv
1011,sibling_male,Sibling-based analysis (male),451.2,451.2,Phlebitis and thrombophlebitis of lower extremities,circulatory system,Circulatory system conditions,Both,101,0.5504687159363418,1.5262457099563684,1.5262457099563684,1.1113923796110243,2.0959527974948813,0.0089856615367818,0.0145482139166943,True,101,196.55,0.51,86,237.71,0.36,Depression-free full brothers,current_manuscript/results_20260622/brother/phewas.csv
1012,sibling_male,Sibling-based analysis (male),459.9,459.9,Circulatory disease NEC,circulatory system,Circulatory system conditions,Both,113,0.6158709396119468,1.6720596647854644,1.6720596647854644,1.230414797699288,2.2722284613532144,0.0010195321446599,0.001980805309625,True,113,198.92,0.57,81,242.0,0.33,Depression-free full brothers,current_manuscript/results_20260622/brother/phewas.csv
1013,sibling_male,Sibling-based analysis (male),464,464.0,Acute sinusitis,respiratory,Respiratory conditions,Both,115,0.6267713102245477,1.3257763700541052,1.3257763700541052,0.9973822341042986,1.7622962624477976,0.0521432249873288,0.0731080267863579,False,115,192.36,0.6,108,228.72,0.47,Depression-free full brothers,current_manuscript/results_20260622/brother/phewas.csv
1014,sibling_male,Sibling-based analysis (male),470,470.0,Septal Deviations/Turbinate Hypertrophy,respiratory,Respiratory conditions,Both,322,1.7549596686287334,1.159271613018847,1.159271613018847,0.9781186795662093,1.3739750613364594,0.0882327863250753,0.1142824660972404,False,322,181.2,1.78,316,207.26,1.52,Depression-free full brothers,current_manuscript/results_20260622/brother/phewas.csv
1015,sibling_male,Sibling-based analysis (male),472,472.0,Chronic pharyngitis and nasopharyngitis,respiratory,Respiratory conditions,Both,166,0.9047307608458688,1.239306451030527,1.239306451030527,0.972150544273446,1.57987925698663,0.0832748981924415,0.1099552053803111,False,166,182.41,0.91,142,208.53,0.68,Depression-free full brothers,current_manuscript/results_20260622/brother/phewas.csv
1016,sibling_male,Sibling-based analysis (male),474.1,474.1,Acute tonsillitis,respiratory,Respiratory conditions,Both,159,0.8665794637017659,1.3386664378465347,1.3386664378465347,1.0351896626435861,1.7311106326548802,0.026170863248001,0.0382713699110553,True,159,182.23,0.87,155,208.25,0.74,Depression-free full brothers,current_manuscript/results_20260622/brother/phewas.csv
1017,sibling_male,Sibling-based analysis (male),474.2,474.2,Chronic tonsillitis and adenoiditis,respiratory,Respiratory conditions,Both,185,1.0082842816655766,1.0184661577884695,1.0184661577884695,0.8124921161545495,1.2766564671048464,0.8738850427052205,0.8869281030441043,False,185,182.11,1.02,205,207.82,0.99,Depression-free full brothers,current_manuscript/results_20260622/brother/phewas.csv
1018,sibling_male,Sibling-based analysis (male),476,476.0,Allergic rhinitis,respiratory,Respiratory conditions,Both,488,2.659690429474602,1.113353610581265,1.113353610581265,0.9717944670410388,1.2755333604322658,0.121711798785984,0.1518605929806774,False,488,179.7,2.72,489,205.58,2.38,Depression-free full brothers,current_manuscript/results_20260622/brother/phewas.csv
1019,sibling_male,Sibling-based analysis (male),477,477.0,Epistaxis or throat hemorrhage,respiratory,Respiratory conditions,Both,127,0.6921735339001526,1.285751365341347,1.285751365341347,0.972657440818505,1.699628773811655,0.0775154356784853,0.1054209925227401,False,127,182.57,0.7,113,208.7,0.54,Depression-free full brothers,current_manuscript/results_20260622/brother/phewas.csv
1020,sibling_male,Sibling-based analysis (male),479,479.0,Other upper respiratory disease,respiratory,Respiratory conditions,Both,92,0.5014170481796381,1.3165602951725508,1.3165602951725508,0.9516466439239013,1.8214019057302957,0.0967690860241181,0.1241565632007553,False,92,182.85,0.5,84,209.03,0.4,Depression-free full brothers,current_manuscript/results_20260622/brother/phewas.csv
1021,sibling_male,Sibling-based analysis (male),480.1,480.1,Bacterial pneumonia,respiratory,Respiratory conditions,Both,190,1.0355352081970788,1.563098326486276,1.563098326486276,1.2365798072788943,1.9758339606407203,0.0001868079727136,0.0003969669420164,True,190,194.27,0.98,138,232.87,0.59,Depression-free full brothers,current_manuscript/results_20260622/brother/phewas.csv
1022,sibling_male,Sibling-based analysis (male),512.7,512.7,Shortness of breath,respiratory,Respiratory conditions,Both,421,2.2945280139524744,1.5477723272730666,1.5477723272730666,1.3289862262228425,1.8025763772442542,1.9335678882733925e-08,5.716635495764812e-08,True,421,194.83,2.16,339,235.84,1.44,Depression-free full brothers,current_manuscript/results_20260622/brother/phewas.csv
1023,sibling_male,Sibling-based analysis (male),512.8,512.8,Cough,respiratory,Respiratory conditions,Both,166,0.9047307608458688,1.350804399921426,1.350804399921426,1.065672660294976,1.7122260848298563,0.0129254297674411,0.0202052695215172,True,166,195.96,0.85,143,236.75,0.6,Depression-free full brothers,current_manuscript/results_20260622/brother/phewas.csv
1024,sibling_male,Sibling-based analysis (male),512.9,512.9,Other dyspnea,respiratory,Respiratory conditions,Both,150,0.8175277959450621,1.2389064518810238,1.2389064518810238,0.9728695374706235,1.5776927300067451,0.0823897978161057,0.1099552053803111,False,150,195.89,0.77,146,236.41,0.62,Depression-free full brothers,current_manuscript/results_20260622/brother/phewas.csv
1025,sibling_male,Sibling-based analysis (male),530.1,530.1,"Esophagitis, GERD and related diseases",digestive,Digestive conditions,Both,375,2.0438194898626554,1.6815172351348038,1.6815172351348038,1.4263308493734128,1.982359291532898,6.066330191402694e-10,2.2297862325155852e-09,True,375,194.3,1.93,268,236.46,1.13,Depression-free full brothers,current_manuscript/results_20260622/brother/phewas.csv
1026,sibling_male,Sibling-based analysis (male),532,532.0,Dysphagia,digestive,Digestive conditions,Both,155,0.8447787224765642,1.4879330417402934,1.4879330417402934,1.1543767488359826,1.9178701744772282,0.0021510474896192,0.0039005661145096,True,155,196.32,0.79,122,237.72,0.51,Depression-free full brothers,current_manuscript/results_20260622/brother/phewas.csv
1027,sibling_male,Sibling-based analysis (male),540.1,540.1,Appendicitis,digestive,Digestive conditions,Both,355,1.934815783736647,1.0103342412627494,1.0103342412627494,0.8721213532797326,1.1704509644549,0.8910448478883198,0.8976451800948999,False,355,192.62,1.84,429,230.58,1.86,Depression-free full brothers,current_manuscript/results_20260622/brother/phewas.csv
1028,sibling_male,Sibling-based analysis (male),550.1,550.1,Inguinal hernia,digestive,Digestive conditions,Both,210,1.144538914323087,0.7614631016281298,0.7614631016281298,0.6279391949976719,0.923379301308435,0.0055989310851556,0.0094006744145823,False,210,195.46,1.07,293,234.96,1.25,Depression-free full brothers,current_manuscript/results_20260622/brother/phewas.csv
1029,sibling_male,Sibling-based analysis (male),550.2,550.2,Diaphragmatic hernia,digestive,Digestive conditions,Both,273,1.4879005886200132,2.3065084567924448,2.3065084567924448,1.856400784221525,2.865750384546395,4.513923905316085e-14,2.361129427396106e-13,True,273,194.79,1.4,146,235.99,0.62,Depression-free full brothers,current_manuscript/results_20260622/brother/phewas.csv
1030,sibling_male,Sibling-based analysis (male),550.4,550.4,Umbilical hernia,digestive,Digestive conditions,Both,99,0.539568345323741,0.8091340993299218,0.8091340993299218,0.6035822128252294,1.0846873496055378,0.1566707149152984,0.1902430109685766,False,99,196.28,0.5,127,236.35,0.54,Depression-free full brothers,current_manuscript/results_20260622/brother/phewas.csv
1031,sibling_male,Sibling-based analysis (male),562.1,562.1,Diverticulosis,digestive,Digestive conditions,Both,121,0.6594724220623501,1.18979567709401,1.18979567709401,0.9072807645581824,1.5602818978764013,0.2089431346535956,0.2492654939727105,False,121,190.08,0.64,119,225.14,0.53,Depression-free full brothers,current_manuscript/results_20260622/brother/phewas.csv
1032,sibling_male,Sibling-based analysis (male),563,563.0,Constipation,digestive,Digestive conditions,Both,195,1.0627861347285807,2.072830283857428,2.072830283857428,1.6191025368265861,2.6537080190719604,7.33378253429815e-09,2.319521917824532e-08,True,195,189.29,1.03,125,224.95,0.56,Depression-free full brothers,current_manuscript/results_20260622/brother/phewas.csv
1033,sibling_male,Sibling-based analysis (male),564.1,564.1,Irritable Bowel Syndrome,digestive,Digestive conditions,Both,168,0.9156311314584696,1.6354585687512209,1.6354585687512209,1.2738337902924781,2.099743899467185,0.0001141585215226,0.0002545173594603,True,168,189.44,0.89,119,224.92,0.53,Depression-free full brothers,current_manuscript/results_20260622/brother/phewas.csv
1034,sibling_male,Sibling-based analysis (male),573.9,573.9,Abnormal serum enzyme levels,digestive,Digestive conditions,Both,97,0.5286679747111401,1.0993535813798136,1.0993535813798136,0.8170614343269549,1.4791767743733681,0.5315758701135747,0.5783545466835692,False,97,198.82,0.49,109,241.9,0.45,Depression-free full brothers,current_manuscript/results_20260622/brother/phewas.csv
1035,sibling_male,Sibling-based analysis (male),574.1,574.1,Cholelithiasis,digestive,Digestive conditions,Both,320,1.7440592980161325,1.8057757826758787,1.8057757826758787,1.5009549647732452,2.172501010242707,3.726574939224752e-10,1.490629975689901e-09,True,320,196.69,1.63,221,239.89,0.92,Depression-free full brothers,current_manuscript/results_20260622/brother/phewas.csv
1036,sibling_male,Sibling-based analysis (male),577.1,577.1,Acute pancreatitis,digestive,Digestive conditions,Both,100,0.5450185306300415,1.7012803259560898,1.7012803259560898,1.2161366676963141,2.3799584572743258,0.0019190955324155,0.0035753012658701,True,100,198.69,0.5,74,241.95,0.31,Depression-free full brothers,current_manuscript/results_20260622/brother/phewas.csv
1037,sibling_male,Sibling-based analysis (male),578.8,578.8,Hemorrhage of rectum and anus,digestive,Digestive conditions,Both,110,0.5995203836930456,1.4615978647431256,1.4615978647431256,1.0936783578508655,1.9532875482875434,0.0103102653384806,0.0163046056515507,True,110,197.8,0.56,94,239.98,0.39,Depression-free full brothers,current_manuscript/results_20260622/brother/phewas.csv
1038,sibling_male,Sibling-based analysis (male),578.9,578.9,Hemorrhage of gastrointestinal tract,digestive,Digestive conditions,Both,146,0.7957270547198605,1.9588572929481167,1.9588572929481167,1.4847806053449601,2.5843022735635364,1.975801551692134e-06,5.268804137845691e-06,True,146,197.53,0.74,96,239.96,0.4,Depression-free full brothers,current_manuscript/results_20260622/brother/phewas.csv
1039,sibling_male,Sibling-based analysis (male),585.1,585.1,Acute renal failure,genitourinary,Genitourinary conditions,Both,92,0.5014170481796381,2.0197620605448243,2.0197620605448243,1.4063921965218047,2.900640938783129,0.0001408373278383,0.0003089334933227,True,92,198.54,0.46,54,241.03,0.22,Depression-free full brothers,current_manuscript/results_20260622/brother/phewas.csv
1040,sibling_male,Sibling-based analysis (male),591,591.0,Urinary tract infection,genitourinary,Genitourinary conditions,Both,170,0.9265315020710704,2.1676963682250125,2.1676963682250125,1.6625801696860183,2.826274263636446,1.0915463372913e-08,3.3738704970821995e-08,True,170,195.67,0.87,102,236.3,0.43,Depression-free full brothers,current_manuscript/results_20260622/brother/phewas.csv
1041,sibling_male,Sibling-based analysis (male),594.1,594.1,Calculus of kidney,genitourinary,Genitourinary conditions,Both,274,1.4933507739263134,1.492862271482851,1.492862271482851,1.2382561935194556,1.7998195957191638,2.6691622258604425e-05,6.600110231218549e-05,True,274,196.63,1.39,241,238.75,1.01,Depression-free full brothers,current_manuscript/results_20260622/brother/phewas.csv
1042,sibling_male,Sibling-based analysis (male),594.3,594.3,Calculus of ureter,genitourinary,Genitourinary conditions,Both,240,1.3080444735120995,1.3306364689868062,1.3306364689868062,1.0927906003358854,1.6202494897498732,0.0044664710701388,0.0075930008192359,True,240,196.88,1.22,217,239.05,0.91,Depression-free full brothers,current_manuscript/results_20260622/brother/phewas.csv
1043,sibling_male,Sibling-based analysis (male),599.2,599.2,Retention of urine,genitourinary,Genitourinary conditions,Both,141,0.7684761281883584,2.4971176913569963,2.4971176913569963,1.8458727828426487,3.378129209362555,2.92654937886443e-09,9.950267888139065e-09,True,141,196.67,0.72,69,238.53,0.29,Depression-free full brothers,current_manuscript/results_20260622/brother/phewas.csv
1044,sibling_male,Sibling-based analysis (male),599.9,599.9,Other abnormality of urination,genitourinary,Genitourinary conditions,Both,118,0.6431218661434489,1.6650361966690719,1.6650361966690719,1.2316667864974131,2.2508892556095823,0.0009175342587942,0.0018084733216814,True,118,196.73,0.6,80,238.45,0.34,Depression-free full brothers,current_manuscript/results_20260622/brother/phewas.csv
1045,sibling_male,Sibling-based analysis (male),601.1,601.1,Prostatitis,genitourinary,Genitourinary conditions,Male,144,0.7848266841072596,1.6790539425365578,1.6790539425365578,1.2805529563054214,2.201566228140551,0.0001775848102083,0.0003833576855291,True,144,196.06,0.73,108,237.6,0.45,Depression-free full brothers,current_manuscript/results_20260622/brother/phewas.csv
1046,sibling_male,Sibling-based analysis (male),601.4,601.4,Balanoposthitis,genitourinary,Genitourinary conditions,Male,136,0.7412252016568563,1.1876998339380624,1.1876998339380624,0.9206999538103747,1.5321287784348379,0.1854854733958305,0.2232391538215305,False,136,196.06,0.69,137,237.32,0.58,Depression-free full brothers,current_manuscript/results_20260622/brother/phewas.csv
1047,sibling_male,Sibling-based analysis (male),604.1,604.1,Redundant prepuce and phimosis/BXO,genitourinary,Genitourinary conditions,Male,314,1.71135818617833,1.0417258475144648,1.0417258475144648,0.8848250582956357,1.2264489247965535,0.6235582054149066,0.6677473695781677,False,314,185.37,1.69,352,216.54,1.63,Depression-free full brothers,current_manuscript/results_20260622/brother/phewas.csv
1048,sibling_male,Sibling-based analysis (male),605,605.0,Erectile dysfunction [ED],genitourinary,Genitourinary conditions,Male,122,0.6649226073686505,1.93410313620697,1.93410313620697,1.4186818264077228,2.636782167681453,3.022203668358581e-05,7.210871910469596e-05,True,122,186.73,0.65,77,218.51,0.35,Depression-free full brothers,current_manuscript/results_20260622/brother/phewas.csv
1049,sibling_male,Sibling-based analysis (male),608,608.0,Other disorders of male genital organs,genitourinary,Genitourinary conditions,Male,275,1.498800959232614,1.1461227233125035,1.1461227233125035,0.9604373741991357,1.3677073926747358,0.1304386117806215,0.1612695563833139,False,275,186.13,1.48,279,217.48,1.28,Depression-free full brothers,current_manuscript/results_20260622/brother/phewas.csv
1050,sibling_male,Sibling-based analysis (male),609.1,609.1,"Infertility, male",genitourinary,Genitourinary conditions,Male,374,2.038369304556355,0.8016465441144797,0.8016465441144797,0.6965664400331028,0.9225784429984146,0.0020416310865729,0.0037521868618096,False,374,185.23,2.02,541,215.28,2.51,Depression-free full brothers,current_manuscript/results_20260622/brother/phewas.csv
1051,sibling_male,Sibling-based analysis (male),612.2,612.2,Hypertrophy of breast (Gynecomastia),genitourinary,Genitourinary conditions,Both,111,0.604970568999346,2.3918830601229644,2.3918830601229644,1.6720224186274033,3.4216673829049293,1.8069722468400133e-06,5.015269909596772e-06,True,111,197.98,0.56,57,240.81,0.24,Depression-free full brothers,current_manuscript/results_20260622/brother/phewas.csv
1052,sibling_male,Sibling-based analysis (male),686.1,686.1,Carbuncle and furuncle,dermatologic,Dermatologic conditions,Both,232,1.264442991061696,1.5206221465611551,1.5206221465611551,1.235409139972298,1.8716809175170133,7.660836285167012e-05,0.0001736456224637,True,232,192.7,1.2,185,229.89,0.8,Depression-free full brothers,current_manuscript/results_20260622/brother/phewas.csv
1053,sibling_male,Sibling-based analysis (male),686.3,686.3,Pilonidal cyst,dermatologic,Dermatologic conditions,Both,188,1.0246348375844778,1.4045856982254368,1.4045856982254368,1.1249585228887904,1.7537188647571749,0.0027035347619728,0.0047750743847832,True,188,192.88,0.97,164,229.76,0.71,Depression-free full brothers,current_manuscript/results_20260622/brother/phewas.csv
1054,sibling_male,Sibling-based analysis (male),687.1,687.1,Rash and other nonspecific skin eruption,dermatologic,Dermatologic conditions,Both,98,0.5341181600174406,1.3771239858587774,1.3771239858587774,1.007665670607485,1.8820433480523886,0.0446521033632412,0.0632571464312584,False,98,197.11,0.5,87,238.96,0.36,Depression-free full brothers,current_manuscript/results_20260622/brother/phewas.csv
1055,sibling_male,Sibling-based analysis (male),687.4,687.4,Disturbance of skin sensation,dermatologic,Dermatologic conditions,Both,340,1.8530630041421408,1.5670710249877935,1.5670710249877935,1.3213816617655338,1.8584423171690996,2.4302416467830264e-07,7.03218859494663e-07,True,340,195.72,1.74,257,237.72,1.08,Depression-free full brothers,current_manuscript/results_20260622/brother/phewas.csv
1056,sibling_male,Sibling-based analysis (male),689,689.0,Disorder of skin and subcutaneous tissue NOS,dermatologic,Dermatologic conditions,Both,97,0.5286679747111401,1.3466844636160902,1.3466844636160902,0.9934546434710514,1.8255076429141501,0.0551502626253708,0.0765350583372493,False,97,198.68,0.49,87,241.8,0.36,Depression-free full brothers,current_manuscript/results_20260622/brother/phewas.csv
1057,sibling_male,Sibling-based analysis (male),690.1,690.1,Seborrheic dermatitis,dermatologic,Dermatologic conditions,Both,175,0.9537824286025725,1.5207084222106257,1.5207084222106257,1.2004540572621338,1.92639950807993,0.0005122244894687,0.0010554928873901,True,175,195.23,0.9,144,235.49,0.61,Depression-free full brothers,current_manuscript/results_20260622/brother/phewas.csv
1058,sibling_male,Sibling-based analysis (male),696.4,696.4,Psoriasis,dermatologic,Dermatologic conditions,Both,203,1.1063876171789842,1.1175300146891243,1.1175300146891243,0.9136408247116092,1.3669193625681968,0.2796048577759591,0.3250107748506875,False,203,194.74,1.04,210,234.51,0.9,Depression-free full brothers,current_manuscript/results_20260622/brother/phewas.csv
1059,sibling_male,Sibling-based analysis (male),728.2,728.2,Laxity of ligament or hypermobility syndrome,musculoskeletal,Musculoskeletal conditions,Both,108,0.5886200130804448,1.3604872977950266,1.3604872977950266,1.0077722744765227,1.8366507338406963,0.0443713641509576,0.0632571464312584,False,108,198.03,0.55,90,240.53,0.37,Depression-free full brothers,current_manuscript/results_20260622/brother/phewas.csv
1060,sibling_male,Sibling-based analysis (male),740.1,740.1,Osteoarthritis; localized,musculoskeletal,Musculoskeletal conditions,Both,162,0.8829300196206671,1.1425106709525987,1.1425106709525987,0.9090323150837356,1.435956248838433,0.2533398112424887,0.2996018637302475,False,162,198.28,0.82,166,241.01,0.69,Depression-free full brothers,current_manuscript/results_20260622/brother/phewas.csv
1061,sibling_male,Sibling-based analysis (male),740.9,740.9,Osteoarthrosis NOS,musculoskeletal,Musculoskeletal conditions,Both,108,0.5886200130804448,1.0248618818341977,1.0248618818341977,0.7705230780103753,1.3631543386719815,0.8659972901444535,0.8855310636063585,False,108,198.57,0.54,115,241.35,0.48,Depression-free full brothers,current_manuscript/results_20260622/brother/phewas.csv
1062,sibling_male,Sibling-based analysis (male),742.9,742.9,Other derangement of joint,musculoskeletal,Musculoskeletal conditions,Both,324,1.7658600392413342,1.0837792446619277,1.0837792446619277,0.9233393096487551,1.2720973090670167,0.324989788485859,0.3745645019837019,False,324,192.65,1.68,344,230.66,1.49,Depression-free full brothers,current_manuscript/results_20260622/brother/phewas.csv
1063,sibling_male,Sibling-based analysis (male),745,745.0,Pain in joint,musculoskeletal,Musculoskeletal conditions,Both,526,2.866797471114018,1.1868097381536626,1.1868097381536626,1.0449585539050767,1.3479169573880672,0.0083606130620797,0.0136993177884679,True,526,192.46,2.73,537,232.45,2.31,Depression-free full brothers,current_manuscript/results_20260622/brother/phewas.csv
1064,sibling_male,Sibling-based analysis (male),800.3,800.3,Fracture of tibia and fibula,injuries & poisonings,Injuries & poisonings,Both,122,0.6649226073686505,1.0299921209758274,1.0299921209758274,0.785051183454579,1.3513561811395745,0.8311014707291147,0.8628229009096152,False,122,168.04,0.73,131,180.15,0.73,Depression-free full brothers,current_manuscript/results_20260622/brother/phewas.csv
1065,sibling_male,Sibling-based analysis (male),803.1,803.1,Fracture of humerus,injuries & poisonings,Injuries & poisonings,Both,101,0.5504687159363418,1.3149389425914504,1.3149389425914504,0.9628078935698485,1.795856093714175,0.0851300319403354,0.1113238879219771,False,101,168.18,0.6,79,180.52,0.44,Depression-free full brothers,current_manuscript/results_20260622/brother/phewas.csv
1066,sibling_male,Sibling-based analysis (male),803.2,803.2,Fracture of radius and ulna,injuries & poisonings,Injuries & poisonings,Both,277,1.5097013298452147,0.9223563943154253,0.9223563943154253,0.7741785802594279,1.0988954484499793,0.3657002659136253,0.4179431610441432,False,277,166.76,1.66,317,178.53,1.78,Depression-free full brothers,current_manuscript/results_20260622/brother/phewas.csv
1067,sibling_male,Sibling-based analysis (male),803.3,803.3,Fracture of clavicle or scapula,injuries & poisonings,Injuries & poisonings,Both,190,1.0355352081970788,1.0200464976994208,1.0200464976994208,0.8209519455096607,1.2674248025843926,0.8578124760508851,0.8838067935069724,False,190,167.53,1.13,196,179.55,1.09,Depression-free full brothers,current_manuscript/results_20260622/brother/phewas.csv
1068,sibling_male,Sibling-based analysis (male),804,804.0,Fracture of hand or wrist,injuries & poisonings,Injuries & poisonings,Both,790,4.305646391977327,1.1626378118151064,1.1626378118151064,1.0377784916210404,1.302519460921552,0.0093291577953763,0.0149266524726021,True,790,162.4,4.86,697,175.14,3.98,Depression-free full brothers,current_manuscript/results_20260622/brother/phewas.csv
1069,sibling_male,Sibling-based analysis (male),805,805.0,Fracture of vertebral column without mention of spinal cord injury,injuries & poisonings,Injuries & poisonings,Both,119,0.6485720514497493,1.2730611608309508,1.2730611608309508,0.942675145287158,1.7192398964996098,0.1152790753288553,0.1451662430067067,False,119,167.98,0.71,91,180.32,0.5,Depression-free full brothers,current_manuscript/results_20260622/brother/phewas.csv
1070,sibling_male,Sibling-based analysis (male),807,807.0,Fracture of ribs,injuries & poisonings,Injuries & poisonings,Both,164,0.8938303902332679,1.3705190300661974,1.3705190300661974,1.0665711996997738,1.761084878630057,0.0137477375547728,0.0212465034937398,True,164,167.68,0.98,136,180.03,0.76,Depression-free full brothers,current_manuscript/results_20260622/brother/phewas.csv
1071,sibling_male,Sibling-based analysis (male),809,809.0,Fracture of unspecified bones,injuries & poisonings,Injuries & poisonings,Both,563,3.0684543274471334,1.0593218522783079,1.0593218522783079,0.9302376850462359,1.2063183471851822,0.3847153555246925,0.4360107362613181,False,563,164.25,3.43,540,176.62,3.06,Depression-free full brothers,current_manuscript/results_20260622/brother/phewas.csv
1072,sibling_male,Sibling-based analysis (male),817,817.0,Concussion,injuries & poisonings,Injuries & poisonings,Both,451,2.4580335731414866,1.394437191631244,1.394437191631244,1.2036284061178866,1.6154945093693518,9.480888471296237e-06,2.432831758672241e-05,True,451,182.65,2.47,391,213.53,1.83,Depression-free full brothers,current_manuscript/results_20260622/brother/phewas.csv
1073,sibling_male,Sibling-based analysis (male),819,819.0,Skull and face fracture and other intercranial injury,injuries & poisonings,Injuries & poisonings,Both,356,1.9402659690429476,1.430165033694711,1.430165033694711,1.210393869053515,1.689840039591742,2.6324260121665744e-05,6.600110231218549e-05,True,356,183.67,1.94,289,214.56,1.35,Depression-free full brothers,current_manuscript/results_20260622/brother/phewas.csv
1074,sibling_male,Sibling-based analysis (male),830,830.0,Dislocation,injuries & poisonings,Injuries & poisonings,Both,1164,6.344015696533682,1.0809507735072854,1.0809507735072854,0.9898430240653266,1.1804443192892415,0.0831403588427388,0.1099552053803111,False,1164,172.87,6.73,1236,197.05,6.27,Depression-free full brothers,current_manuscript/results_20260622/brother/phewas.csv
1075,sibling_male,Sibling-based analysis (male),835,835.0,Internal derangement of knee,injuries & poisonings,Injuries & poisonings,Both,311,1.6950076302594288,0.8604963413312294,0.8604963413312294,0.7348865509383355,1.007575866640895,0.0620060598395513,0.0851800417997877,False,311,180.06,1.73,413,203.83,2.03,Depression-free full brothers,current_manuscript/results_20260622/brother/phewas.csv
1076,sibling_male,Sibling-based analysis (male),850,850.0,Hemorrhage or hematoma complicating a procedure,injuries & poisonings,Injuries & poisonings,Both,124,0.6758229779812513,1.242799453890986,1.242799453890986,0.957436448381236,1.6132146266241967,0.1024287117373694,0.1301897644512359,False,124,197.82,0.63,120,239.83,0.5,Depression-free full brothers,current_manuscript/results_20260622/brother/phewas.csv
1077,sibling_male,Sibling-based analysis (male),858,858.0,Complication of internal orthopedic device,injuries & poisonings,Injuries & poisonings,Both,104,0.5668192718552431,1.6447088377373467,1.6447088377373467,1.2036247328996628,2.2474340107772073,0.0017873903923856,0.0033761818522839,True,104,197.95,0.53,76,240.15,0.32,Depression-free full brothers,current_manuscript/results_20260622/brother/phewas.csv
1078,sibling_male,Sibling-based analysis (male),870.1,870.1,Open wound or laceration of eye or eyelid,injuries & poisonings,Injuries & poisonings,Both,223,1.2153913233049924,1.0227411168955254,1.0227411168955254,0.8419637850032428,1.2423329967626553,0.8207405058330907,0.858620836871541,False,223,173.35,1.29,246,189.86,1.3,Depression-free full brothers,current_manuscript/results_20260622/brother/phewas.csv
1079,sibling_male,Sibling-based analysis (male),870.3,870.3,Other open wound of head and face,injuries & poisonings,Injuries & poisonings,Both,642,3.499018966644866,1.1618330519649032,1.1618330519649032,1.0308796358086667,1.3094215791538029,0.0139536560469546,0.0213224407009643,True,642,170.24,3.77,619,187.04,3.31,Depression-free full brothers,current_manuscript/results_20260622/brother/phewas.csv
1080,sibling_male,Sibling-based analysis (male),870.5,870.5,Open wound of lip and mouth,injuries & poisonings,Injuries & poisonings,Both,96,0.5232177894048398,1.1327807642866847,1.1327807642866847,0.8255207376146118,1.55440342255457,0.4399450845069417,0.4904305860077382,False,96,174.68,0.55,95,191.3,0.5,Depression-free full brothers,current_manuscript/results_20260622/brother/phewas.csv
1081,sibling_male,Sibling-based analysis (male),907,907.0,Injuries to the nervous system,injuries & poisonings,Injuries & poisonings,Both,161,0.8774798343143667,1.5682644646120245,1.5682644646120245,1.2126009796024535,2.028246284091872,0.0006058539863645,0.0012297931663518,True,161,197.17,0.82,118,239.56,0.49,Depression-free full brothers,current_manuscript/results_20260622/brother/phewas.csv
1082,sibling_male,Sibling-based analysis (male),915,915.0,Superficial injury without mention of infection,injuries & poisonings,Injuries & poisonings,Both,810,4.414650098103335,1.4120437357326876,1.4120437357326876,1.260624206929284,1.581650979460981,2.4919053140446674e-09,8.689721095130122e-09,True,810,164.79,4.92,637,181.77,3.5,Depression-free full brothers,current_manuscript/results_20260622/brother/phewas.csv
1083,sibling_male,Sibling-based analysis (male),916,916.0,Contusion,injuries & poisonings,Injuries & poisonings,Both,1506,8.207979071288424,1.2115851900084693,1.2115851900084693,1.1184800783368156,1.3124406067479444,2.542488796111743e-06,6.649586082138405e-06,True,1506,165.91,9.08,1401,187.53,7.47,Depression-free full brothers,current_manuscript/results_20260622/brother/phewas.csv
1084,sibling_male,Sibling-based analysis (male),969,969.0,Poisoning by psychotropic agents,injuries & poisonings,Injuries & poisonings,Both,183,0.9973839110529757,6.210892476946606,6.210892476946606,4.179003318511672,9.23071422061715,1.655136070091109e-19,1.3241088560728871e-18,True,183,193.43,0.95,46,236.94,0.19,Depression-free full brothers,current_manuscript/results_20260622/brother/phewas.csv
1085,sibling_male,Sibling-based analysis (male),979,979.0,Adverse drug events and drug allergies,injuries & poisonings,Injuries & poisonings,Both,696,3.7933289731850883,5.502138105500201,5.502138105500201,4.561706027195044,6.636447756939807,4.129710952631097e-71,9.360678159297152e-70,True,696,190.32,3.66,181,236.09,0.77,Depression-free full brothers,current_manuscript/results_20260622/brother/phewas.csv
